{
  "1": 0.0845158332997648,
  "2": 0.06332146283183697,
  "3": 0.10113010580481889,
  "4": 0.04397910077610872,
  "5": 0.031078247947476375,
  "6": 0.12545863514640196,
  "7": 0.14176298073490862,
  "8": 0.05526490474817031,
  "9": 0.007623316406510997,
  "10": 0.06037582115671217,
  "11": 0.049861082131208795,
  "12": 0.04210881662354357,
  "13": 0.033685430742323844,
  "14": 0.1174530500271232,
  "15": 0.030282829281806978,
  "16": 0.0092305253821065,
  "17": 0.02444596469254131,
  "18": 0.022443699687357065,
  "19": 0.007025142859858735,
  "20": 0.029142523327659618,
  "21": 0.08618564394531066,
  "22": 0.011730939608225889,
  "23": 0.02218087997712533,
  "24": 0.004636137000299014,
  "25": 0.005401750806843772,
  "26": 0.005778626807512318,
  "27": 0.0011790877191277195,
  "28": 0.009604533374710567,
  "29": 0.004595611682617473,
  "30": 0.004015551120943637,
  "31": 0.0027316316038571756,
  "32": 0.011374777646503938,
  "33": 0.018757366898139647,
  "34": 0.020115736924633813,
  "35": 0.0015898376136741885,
  "36": 0.0007574600540592146,
  "37": 0.030871492109968028,
  "38": 0.0024450075863631225,
  "39": 0.0007846131830543578,
  "40": 0.0008318549704978275,
  "41": 0.002305065877707726,
  "42": 0.0024254795319699676,
  "43": 0.0010783077731318616,
  "44": 0.0019582773033880356,
  "45": 0.0013339031291087317,
  "46": 0.00012538011426024612,
  "47": 0.00012577321717866863,
  "48": 0.001001294976129674,
  "49": 0.02747789348532089,
  "50": 0.0005075260013083599,
  "51": 0.00018931801829002122,
  "52": 0.0062608864402133365,
  "53": 0.0002719175469943726,
  "54": 0.0015654266886395928,
  "55": 0.0015268696706032838,
  "56": 0.22869427966973876,
  "57": 0.00018439396162870343,
  "58": 0.0013974324024614462,
  "59": 0.0032853317748115377,
  "60": 5.6946053899067035e-06,
  "61": 0.000399701996008166,
  "62": 0.0002637190019241758,
  "63": 0.00011643514772037356,
  "64": 0.000351070586823221,
  "65": 0.00017958309158428828,
  "66": 8.961088365031814e-05,
  "67": 0.00011179914994961597,
  "68": 0.00012013517026345714,
  "69": 0.00016169129651888466,
  "70": 1.7644544898857137e-05,
  "71": 3.3159218727378826e-06,
  "72": 0.0036188885517181774,
  "73": 0.0014850676129556388,
  "74": 5.829142867738776e-06,
  "75": 0.00039540641491293095,
  "76": 4.241115231218121e-05,
  "77": 2.0326541950200044e-05,
  "78": 8.748239919653294e-05,
  "79": 1.4264689867568987e-06,
  "80": 0.0,
  "81": 0.0003665137860369823,
  "82": 7.998281227943955e-06,
  "83": 0.0012610604820822138,
  "84": 7.384765244988575e-06,
  "85": 3.7006909875025134e-05,
  "86": 8.069703701568533e-05,
  "87": 7.904524151054163e-05,
  "88": 0.00017205816706200236,
  "89": 0.00038104321966458325,
  "90": 0.00011958989781358975,
  "91": 1.7139692852257697e-06,
  "92": 9.862173913709723e-07,
  "93": 4.850674166529639e-05,
  "94": 0.0004393842814021912,
  "95": 7.65977711345172e-05,
  "96": 0.000666442646108002,
  "97": 1.8440813975410423e-05,
  "98": 0.0,
  "99": 7.799322079965377e-06,
  "100": 0.0019813253744026898,
  "101": 2.1257389905333936e-06,
  "102": 0.0,
  "103": 9.862173913709723e-07,
  "104": 5.5673724612619914e-05,
  "105": 1.7465090593717677e-05,
  "106": 4.0520221175830165e-05,
  "107": 4.776277909803839e-05,
  "108": 2.474074149339897e-05,
  "109": 0.03780291440845579,
  "110": 2.0841337582781063e-06,
  "111": 0.0004771025314509427,
  "112": 4.191783835408434e-07,
  "113": 0.0007069929851845074,
  "114": 2.3475298383969474e-05,
  "115": 0.0344532074183168,
  "116": 1.2701566219392432e-05,
  "117": 0.0,
  "118": 2.439662549708612e-07,
  "119": 0.00037406766212931216,
  "120": 0.0001849877206474516,
  "121": 1.6188958260887747e-06,
  "122": 0.015153604497414605,
  "123": 0.0,
  "124": 2.4217136099756074e-05,
  "125": 2.1659693363047957e-05,
  "126": 1.5009290507430199e-06,
  "127": 0.0001318168637275579,
  "128": 0.0,
  "129": 2.5552238183912077e-07,
  "130": 0.0,
  "131": 0.0,
  "132": 8.101167149943408e-06,
  "133": 2.439662549708612e-07,
  "134": 0.0,
  "135": 0.0,
  "136": 1.5831231856147774e-05,
  "137": 0.0,
  "138": 0.00023198020402075573,
  "139": 0.0,
  "140": 0.0,
  "141": 0.00022103185223477597,
  "142": 0.0,
  "143": 2.9702063377075755e-05,
  "144": 8.362385112242923e-05,
  "145": 3.6737349169583467e-06,
  "146": 8.872211449427528e-05,
  "147": 0.0,
  "148": 0.00012153689387320179,
  "149": 0.02493568301086952,
  "150": 0.0,
  "151": 0.0,
  "152": 0.0,
  "153": 1.474472491145861e-05,
  "154": 2.807489468876778e-06,
  "155": 0.0,
  "156": 0.00013094156986301895,
  "157": 0.0001161621735096743,
  "158": 0.0,
  "159": 6.831766625893741e-05,
  "160": 0.0005953343518765473,
  "161": 0.0,
  "162": 0.0,
  "163": 0.0,
  "164": 0.0,
  "165": 7.729194270427432e-05,
  "166": 0.0007931834815255425,
  "167": 2.807489468876778e-06,
  "168": 0.0,
  "169": 0.0,
  "170": 0.03893347988767744,
  "171": 2.9225795348113838e-05,
  "172": 0.00017551134124123643,
  "173": 7.093897237798656e-06,
  "174": 0.0,
  "175": 0.0,
  "176": 0.0,
  "177": 0.0,
  "178": 0.0,
  "179": 0.0025043204076600884,
  "180": 0.0,
  "181": 4.330995354206435e-05,
  "182": 7.3279633516287014e-06,
  "183": 2.2806886785848724e-05,
  "184": 0.0,
  "185": 0.04102315444098442,
  "186": 0.0,
  "187": 6.173463279697875e-05,
  "188": 4.8204914526967137e-05,
  "189": 0.0,
  "190": 0.000488849727627965,
  "191": 0.00014313880051153527,
  "192": 2.0885900779535717e-05,
  "193": 0.04330202371939047,
  "194": 0.00016135745435456997,
  "195": 3.913747339016726e-05,
  "196": 0.001411614309598505,
  "197": 3.353427068326747e-06,
  "198": 0.0,
  "199": 0.0037531366842677213,
  "200": 0.0,
  "201": 0.0,
  "202": 0.0,
  "203": 0.0,
  "204": 0.0,
  "205": 0.0,
  "206": 2.89203323930568e-05,
  "207": 0.0,
  "208": 0.0011201974527921712,
  "209": 4.330995354206435e-05,
  "210": 5.088949629629393e-05,
  "211": 5.980450276872126e-06,
  "212": 2.2107778450450406e-06,
  "213": 3.181060818580218e-05,
  "214": 0.0,
  "215": 0.0,
  "216": 0.0,
  "217": 0.00012315694899982466,
  "218": 0.0002451830473268322,
  "219": 0.0,
  "220": 0.0,
  "221": 0.0,
  "222": 0.0,
  "223": 0.0,
  "224": 8.042587953006258e-05,
  "225": 3.3665511418735046e-06,
  "226": 0.0,
  "227": 3.958580323156864e-05,
  "228": 0.00021681430320083273,
  "229": 0.0,
  "230": 0.005552851426933967,
  "231": 0.00021453895137634344,
  "232": 0.0,
  "233": 0.0,
  "234": 0.0,
  "235": 0.0,
  "236": 0.0,
  "237": 0.0,
  "238": 6.775642384208914e-06,
  "239": 0.0,
  "240": 0.0,
  "241": 0.0,
  "242": 0.0031082871132139,
  "243": 7.56741567031664e-06,
  "244": 0.0,
  "245": 0.0,
  "246": 0.0,
  "247": 0.0,
  "248": 6.706854136653494e-06,
  "249": 0.0,
  "250": 0.0012291038769674488,
  "251": 0.0,
  "252": 0.0,
  "253": 0.0,
  "254": 0.013555950547341435,
  "255": 0.0,
  "256": 0.0,
  "257": 6.706854136653494e-06,
  "258": 0.0,
  "259": 0.0,
  "260": 0.0002552611264009964,
  "261": 0.0,
  "262": 0.0,
  "263": 0.0,
  "264": 0.0,
  "265": 0.0,
  "266": 7.355183369863332e-05,
  "267": 3.353427068326747e-05,
  "268": 2.146193323729118e-05,
  "269": 0.0,
  "270": 3.1100495583678814e-05,
  "271": 0.0008896231701583246,
  "272": 0.0,
  "273": 0.0,
  "274": 3.1293859288562036e-06,
  "275": 2.168907776307314e-05,
  "276": 0.00021987925265204344,
  "277": 0.0,
  "278": 0.0,
  "279": 0.0,
  "280": 0.0,
  "281": 0.0,
  "282": 4.384154879090579e-05,
  "283": 0.0,
  "284": 0.0,
  "285": 0.005338655892776181,
  "286": 0.0,
  "287": 0.012629006339318533,
  "288": 0.00011718223688467034,
  "289": 0.0,
  "290": 0.0,
  "291": 0.0,
  "292": 0.007344005279635576,
  "293": 0.0,
  "294": 4.4712360911023294e-06,
  "295": 0.0,
  "296": 0.0,
  "297": 0.0,
  "298": 0.005338655892776181,
  "299": 0.0,
  "300": 0.00818003196121277,
  "301": 0.0,
  "302": 0.0,
  "303": 0.0,
  "304": 0.0,
  "305": 0.0,
  "306": 0.0,
  "307": 0.0,
  "308": 0.0,
  "309": 0.0,
  "310": 0.0,
  "311": 0.0,
  "312": 0.0,
  "313": 0.005260888322191654,
  "314": 3.238810095626481e-05,
  "315": 0.0,
  "316": 0.0,
  "317": 0.0,
  "318": 0.0,
  "319": 0.0,