{
  "1": 0.090365452919755,
  "2": 0.05967661349379927,
  "3": 0.0943074723744516,
  "4": 0.04021569952201511,
  "5": 0.033916563244562985,
  "6": 0.1318022520371436,
  "7": 0.13685034955288278,
  "8": 0.05215815371927583,
  "9": 0.010059194593109682,
  "10": 0.057531458799577856,
  "11": 0.05130176036369033,
  "12": 0.0363381303202421,
  "13": 0.03181387019746436,
  "14": 0.12746805876933892,
  "15": 0.028379504652139273,
  "16": 0.00840332574854754,
  "17": 0.02161379947186011,
  "18": 0.023007146455936815,
  "19": 0.008342245312346426,
  "20": 0.028197351022227268,
  "21": 0.0860237590806967,
  "22": 0.012355344021820792,
  "23": 0.027009104851649708,
  "24": 0.005737098886161865,
  "25": 0.0053409897699589585,
  "26": 0.005171819151201892,
  "27": 0.001323494216392376,
  "28": 0.010284639796399136,
  "29": 0.004401650856535352,
  "30": 0.0038447489764198077,
  "31": 0.0028294491552987495,
  "32": 0.012900789423899706,
  "33": 0.022077480872013264,
  "34": 0.01970633092644462,
  "35": 0.0016214187789171243,
  "36": 0.0007891696602222802,
  "37": 0.032206369020079555,
  "38": 0.002834411007586592,
  "39": 0.000678358950679273,
  "40": 0.0008582632253876288,
  "41": 0.0019835073636641854,
  "42": 0.0019258377180069583,
  "43": 0.0011430040743333424,
  "44": 0.001581961389846075,
  "45": 0.001970785023625511,
  "46": 0.0001259360657045193,
  "47": 0.0001023148495155049,
  "48": 0.0008993506880008082,
  "49": 0.026909160140992913,
  "50": 0.0005323650191473771,
  "51": 0.0002386126960058507,
  "52": 0.007981688707105892,
  "53": 0.00022610764639969177,
  "54": 0.0012335067966658393,
  "55": 0.0012404951359498094,
  "56": 0.215521465180284,
  "57": 0.0002046826580077634,
  "58": 0.0010496128037132148,
  "59": 0.003097630975028315,
  "60": 5.4149112520760426e-06,
  "61": 0.0004971742797571524,
  "62": 0.00033815251038147155,
  "63": 0.00012353463773370375,
  "64": 0.0003217674060458639,
  "65": 0.00014111058855785613,
  "66": 7.481272504625261e-05,
  "67": 0.00017601727762993748,
  "68": 9.805826866822542e-05,
  "69": 0.00022154069215727444,
  "70": 1.5141617686657153e-05,
  "71": 1.0292851008810544e-05,
  "72": 0.005508137862102082,
  "73": 0.002045972860924015,
  "74": 1.0446361979479808e-05,
  "75": 0.0006917516977665176,
  "76": 6.624219913593031e-05,
  "77": 4.01321676869232e-05,
  "78": 0.00014058064207329187,
  "79": 2.145292525249226e-06,
  "80": 0.0,
  "81": 0.00029977775529606873,
  "82": 5.700730637492895e-06,
  "83": 0.0012091667369771913,
  "84": 1.180713620114909e-05,
  "85": 6.752186675280879e-05,
  "86": 6.531836728764079e-05,
  "87": 0.00014708275919126686,
  "88": 0.00012709628929991347,
  "89": 0.00037692619916114225,
  "90": 0.00022520565479257703,
  "91": 1.8445170909164537e-06,
  "92": 2.2308140509851974e-06,
  "93": 3.64016705387352e-05,
  "94": 0.00033175452956613234,
  "95": 0.00014413420796257034,
  "96": 0.0005130983002347506,
  "97": 3.569594140686131e-05,
  "98": 0.0,
  "99": 5.693643921272292e-06,
  "100": 0.003948445911415625,
  "101": 4.12270031038637e-06,
  "102": 0.0,
  "103": 2.2308140509851974e-06,
  "104": 4.143393492813589e-05,
  "105": 2.5086501006116564e-05,
  "106": 3.085332108786636e-05,
  "107": 3.3734919630945125e-05,
  "108": 3.022198917774734e-05,
  "109": 0.04030013549267198,
  "110": 1.380290335031125e-06,
  "111": 0.0004654080905324168,
  "112": 2.5150703012450604e-07,
  "113": 0.000541915417202296,
  "114": 4.7324587441618356e-05,
  "115": 0.02871014479859625,
  "116": 1.1038723977630787e-05,
  "117": 0.0,
  "118": 4.4180070900177785e-07,
  "119": 0.000275094464315014,
  "120": 0.000351861230347192,
  "121": 1.3876249937903785e-06,
  "122": 0.016889309517155917,
  "123": 0.0,
  "124": 1.7223341793488366e-05,
  "125": 1.6436152867019803e-05,
  "126": 1.030367510510073e-06,
  "127": 0.00010046426548935567,
  "128": 0.0,
  "129": 4.002108694160635e-07,
  "130": 0.0,
  "131": 0.0,
  "132": 1.5791762046046347e-05,
  "133": 4.4180070900177785e-07,
  "134": 0.0,
  "135": 0.0,
  "136": 2.7460047428834e-05,
  "137": 0.0,
  "138": 0.0004512629388608803,
  "139": 0.0,
  "140": 0.0,
  "141": 0.0002815501282193345,
  "142": 0.0,
  "143": 5.316296183542913e-05,
  "144": 6.230899573112295e-05,
  "145": 2.416036343964066e-06,
  "146": 0.0001410247844435407,
  "147": 0.0,
  "148": 0.00022596170150813376,
  "149": 0.023708680595949133,
  "150": 0.0,
  "151": 0.0,
  "152": 0.0,
  "153": 3.453118429662193e-05,
  "154": 2.0772937579809308e-06,
  "155": 0.0,
  "156": 9.74341494007428e-05,
  "157": 0.00016578342328251458,
  "158": 0.0,
  "159": 9.78247441334512e-05,
  "160": 0.00045552206140664705,
  "161": 0.0,
  "162": 0.0,
  "163": 0.0,
  "164": 0.0,
  "165": 5.520166930625251e-05,
  "166": 0.0015546436225418322,
  "167": 2.0772937579809308e-06,
  "168": 0.0,
  "169": 0.0,
  "170": 0.04153365058669644,
  "171": 4.497502882049766e-05,
  "172": 0.00013002425346910683,
  "173": 4.437018680412318e-06,
  "174": 0.0,
  "175": 0.0,
  "176": 0.0,
  "177": 7.31656814907654e-07,
  "178": 0.0,
  "179": 0.0018842002996808903,
  "180": 0.0,
  "181": 8.209336406837003e-05,
  "182": 4.976192307243722e-06,
  "183": 4.21059005094546e-05,
  "184": 0.0,
  "185": 0.03693558991333006,
  "186": 0.0,
  "187": 4.6837257099851275e-05,
  "188": 4.1605020549118057e-05,
  "189": 0.0,
  "190": 0.00035814339088072807,
  "191": 0.00010621470008911309,
  "192": 2.9072995838792984e-05,
  "193": 0.03602168167605074,
  "194": 0.00012644022947633322,
  "195": 5.63071698326729e-05,
  "196": 0.0026835553344099006,
  "197": 2.0120562409960483e-06,
  "198": 0.0,
  "199": 0.0028030636726351873,
  "200": 0.0,
  "201": 0.0,
  "202": 0.0,
  "203": 0.0,
  "204": 0.0,
  "205": 0.0,
  "206": 2.4212944953871764e-05,
  "207": 0.0,
  "208": 0.0022571567860616955,
  "209": 8.209336406837004e-05,
  "210": 3.666916278278767e-05,
  "211": 7.613969526690213e-06,
  "212": 1.758686195833583e-06,
  "213": 6.526713832928697e-05,
  "214": 0.0,
  "215": 0.0,
  "216": 0.0,
  "217": 0.00011387574748323368,
  "218": 0.00021286602974542314,
  "219": 0.0,
  "220": 0.0,
  "221": 0.0,
  "222": 0.0,
  "223": 5.633757474788935e-06,
  "224": 0.00016331993526438535,
  "225": 4.0398613702482055e-06,
  "226": 0.0,
  "227": 7.666086706698049e-05,
  "228": 0.0002525392056838206,
  "229": 0.0,
  "230": 0.011176783003022866,
  "231": 0.0003303816669907578,
  "232": 0.0,
  "233": 0.0,
  "234": 0.0,
  "235": 0.0,
  "236": 0.0,
  "237": 0.0,
  "238": 1.2825568756708144e-05,
  "239": 0.0,
  "240": 0.0,
  "241": 0.0,
  "242": 0.0023837700006235567,
  "243": 4.7451391063605776e-06,
  "244": 0.0,
  "245": 0.0,
  "246": 0.0,
  "247": 0.0,
  "248": 4.024112481992097e-06,
  "249": 0.0,
  "250": 0.0009096338849727145,
  "251": 0.0,
  "252": 0.0,
  "253": 0.0,
  "254": 0.0124550740098367,
  "255": 0.0,
  "256": 0.0,
  "257": 4.024112481992097e-06,
  "258": 0.0,
  "259": 0.0,
  "260": 0.00017845109715597707,
  "261": 0.0,
  "262": 0.0,
  "263": 0.0,
  "264": 0.0,
  "265": 0.0,
  "266": 5.0167268942168146e-05,
  "267": 2.414467489195258e-05,
  "268": 1.5023353266103826e-05,
  "269": 0.0,
  "270": 2.2867324035926295e-05,
  "271": 0.0017454937626931071,
  "272": 0.0,
  "273": 0.0,
  "274": 7.980581220719147e-06,
  "275": 4.0764529682123905e-05,
  "276": 0.00016331993526438535,
  "277": 0.0,
  "278": 0.0,
  "279": 0.0,
  "280": 0.0,
  "281": 0.0,
  "282": 3.282767781227337e-05,
  "283": 0.0,
  "284": 0.0,
  "285": 0.004008016032064128,
  "286": 0.0,
  "287": 0.011975758746408483,
  "288": 8.037197167406558e-05,
  "289": 0.0,
  "290": 0.0,
  "291": 0.0,
  "292": 0.007999935614200288,
  "293": 0.0,
  "294": 8.527285973745157e-06,
  "295": 0.0,
  "296": 0.0,
  "297": 0.0,
  "298": 0.004008016032064128,
  "299": 0.0,
  "300": 0.006116502613266327,
  "301": 0.0,
  "302": 0.0,
  "303": 0.0,
  "304": 0.0,
  "305": 0.0,
  "306": 0.0,
  "307": 0.0,
  "308": 0.0,
  "309": 0.0,
  "310": 0.0,
  "311": 0.0,
  "312": 0.0,
  "313": 0.003941369064386184,
  "314": 6.17660281841183e-05,
  "315": 0.0,
  "316": 0.0,
  "317": 0.0,