{
  "1": 0.08498927936580382,
  "2": 0.06031004111614245,
  "3": 0.09895490900901145,
  "4": 0.04250326355282315,
  "5": 0.03287929266624552,
  "6": 0.13419658842731833,
  "7": 0.13680357538799293,
  "8": 0.05118111715721272,
  "9": 0.011130846851456785,
  "10": 0.05793390996210484,
  "11": 0.05269153165617419,
  "12": 0.03516792290255981,
  "13": 0.031754614431556534,
  "14": 0.12586034450754482,
  "15": 0.026112337507155192,
  "16": 0.008776492907331714,
  "17": 0.0220767517397613,
  "18": 0.024223470058690584,
  "19": 0.007818964671862145,
  "20": 0.027289053116878095,
  "21": 0.0814069647390423,
  "22": 0.013313145954481152,
  "23": 0.024972963990797542,
  "24": 0.004595154384806523,
  "25": 0.005620932149817686,
  "26": 0.005679829875465994,
  "27": 0.0013622653637029266,
  "28": 0.010168328824083816,
  "29": 0.004272180786001774,
  "30": 0.004174459313249527,
  "31": 0.0028626157391881094,
  "32": 0.014502515732388581,
  "33": 0.023070542833421664,
  "34": 0.01901369625912708,
  "35": 0.001836310951998246,
  "36": 0.000872639042333909,
  "37": 0.03171673019891987,
  "38": 0.002898960963063903,
  "39": 0.000713715178613557,
  "40": 0.0006112128622562535,
  "41": 0.002032741378706131,
  "42": 0.0021109128295993315,
  "43": 0.001040363103946121,
  "44": 0.001770424554427947,
  "45": 0.0015011255183202648,
  "46": 0.00013874673801594963,
  "47": 0.0001127483602918632,
  "48": 0.0009073232918892734,
  "49": 0.027261850097094455,
  "50": 0.00048291142813277607,
  "51": 0.00023033756345992125,
  "52": 0.008424415057382865,
  "53": 0.0002502981744493373,
  "54": 0.000923095166118011,
  "55": 0.0013452268093414876,
  "56": 0.21006376625637882,
  "57": 0.00014050172848724556,
  "58": 0.0011840797195398593,
  "59": 0.0034733658982146467,
  "60": 4.8852968757310464e-06,
  "61": 0.0004462769995132852,
  "62": 0.0003476527130758542,
  "63": 0.00013908906294344146,
  "64": 0.00030927508609195103,
  "65": 0.0001607244847124851,
  "66": 7.370711216677712e-05,
  "67": 0.00011535418314010836,
  "68": 0.0001062214155409507,
  "69": 0.0001667359350321764,
  "70": 1.3124481251286616e-05,
  "71": 1.0948111427592413e-05,
  "72": 0.006115418613932829,
  "73": 0.0013217016911584187,
  "74": 1.138918091458831e-05,
  "75": 0.00044864478057443457,
  "76": 7.189770787012361e-05,
  "77": 4.478415598653996e-05,
  "78": 7.87395069404303e-05,
  "79": 1.631008247655196e-06,
  "80": 0.0,
  "81": 0.00028058027987910985,
  "82": 6.830022673190228e-06,
  "83": 0.0013574033383041604,
  "84": 1.2701168029701556e-05,
  "85": 3.369478754372887e-05,
  "86": 6.920942139987992e-05,
  "87": 7.956947778020373e-05,
  "88": 0.00014360284505438964,
  "89": 0.00041900218703226486,
  "90": 0.00011147605859746863,
  "91": 2.1346657072012757e-06,
  "92": 1.19741057439748e-06,
  "93": 3.917006248270942e-05,
  "94": 0.0003738747250742535,
  "95": 0.00015678586808742448,
  "96": 0.0005020457840583551,
  "97": 4.0239010065611036e-05,
  "98": 0.0,
  "99": 6.450180200502659e-06,
  "100": 0.0044393984371996625,
  "101": 4.857484764307073e-06,
  "102": 0.0,
  "103": 1.19741057439748e-06,
  "104": 2.2331207905618215e-05,
  "105": 1.537742373875794e-05,
  "106": 3.311687822225003e-05,
  "107": 3.887346283057143e-05,
  "108": 2.1095917253828953e-05,
  "109": 0.04264963221661942,
  "110": 7.054895655666368e-07,
  "111": 0.0005180205048431986,
  "112": 3.143837876556325e-07,
  "113": 0.000615102737936043,
  "114": 2.489522957442722e-05,
  "115": 0.02974910574332307,
  "116": 1.0782826879338478e-05,
  "117": 0.0,
  "118": 1.8630150379593038e-07,
  "119": 0.00030371806444402273,
  "120": 0.00039892240512250896,
  "121": 1.7345312422379728e-06,
  "122": 0.01639974344885975,
  "123": 0.0,
  "124": 1.9110129775714136e-05,
  "125": 1.8678091810031548e-05,
  "126": 4.867878002409793e-07,
  "127": 0.00010841196691298867,
  "128": 0.0,
  "129": 5.002635867700793e-07,
  "130": 0.0,
  "131": 0.0,
  "132": 1.764088953613566e-05,
  "133": 1.8630150379593038e-07,
  "134": 0.0,
  "135": 0.0,
  "136": 3.270489180948287e-05,
  "137": 0.0,
  "138": 0.0005017398285450765,
  "139": 0.0,
  "140": 0.0,
  "141": 0.0003199313181563636,
  "142": 0.0,
  "143": 2.730614466611835e-05,
  "144": 6.74253513228881e-05,
  "145": 3.020045429955082e-06,
  "146": 0.00011265053488573712,
  "147": 0.0,
  "148": 0.00025828870252676985,
  "149": 0.026649803588470068,
  "150": 0.0,
  "151": 0.0,
  "152": 0.0,
  "153": 4.056138930813371e-05,
  "154": 2.2996761894647425e-06,
  "155": 0.0,
  "156": 0.00010530896588449062,
  "157": 0.00019349664336133627,
  "158": 0.0,
  "159": 6.50922906222407e-05,
  "160": 0.0005129260668331826,
  "161": 0.0,
  "162": 0.0,
  "163": 0.0,
  "164": 0.0,
  "165": 6.072013796406932e-05,
  "166": 0.0017523022533726543,
  "167": 2.2996761894647425e-06,
  "168": 0.0,
  "169": 0.0,
  "170": 0.04301991820703943,
  "171": 2.462914951896485e-05,
  "172": 0.00010828133030903181,
  "173": 5.1438621023161855e-06,
  "174": 0.0,
  "175": 0.0,
  "176": 0.0,
  "177": 9.145710186345673e-07,
  "178": 0.0,
  "179": 0.002092798832785611,
  "180": 0.0,
  "181": 9.782609498785293e-05,
  "182": 5.834353269235604e-06,
  "183": 1.9679810926460848e-05,
  "184": 0.0,
  "185": 0.03554547246181995,
  "186": 0.0,
  "187": 5.4833848549166576e-05,
  "188": 4.272882698689169e-05,
  "189": 0.0,
  "190": 0.00018342936149742876,
  "191": 0.00011370601386307299,
  "192": 3.4427472882536576e-05,
  "193": 0.03800149455677768,
  "194": 0.0001379492975141775,
  "195": 5.810094431871736e-05,
  "196": 0.0029944616160059003,
  "197": 2.51507030124506e-06,
  "198": 0.0,
  "199": 0.0014195042930452567,
  "200": 0.0,
  "201": 0.0,
  "202": 0.0,
  "203": 0.0,
  "204": 0.0,
  "205": 0.0,
  "206": 2.683273367591751e-05,
  "207": 0.0,
  "208": 0.002546640543422557,
  "209": 4.6517742445121647e-05,
  "210": 1.8295863114113137e-05,
  "211": 7.672768977118244e-06,
  "212": 2.0120562409960483e-06,
  "213": 3.604127310900814e-05,
  "214": 0.0,
  "215": 0.0,
  "216": 0.0,
  "217": 0.00010045680434365805,
  "218": 0.00022734137907851138,
  "219": 0.0,
  "220": 0.0,
  "221": 0.0,
  "222": 0.0,
  "223": 2.51507030124506e-06,
  "224": 0.00015553291507448434,
  "225": 5.049826712810256e-06,
  "226": 0.0,
  "227": 3.88446347570922e-05,
  "228": 0.0002884381930046699,
  "229": 0.0,
  "230": 0.012553958993919038,
  "231": 0.00036313959912966543,
  "232": 0.0,
  "233": 0.0,
  "234": 0.0,
  "235": 0.0,
  "236": 0.0,
  "237": 0.0,
  "238": 1.3726479836410538e-05,
  "239": 0.0,
  "240": 0.0,
  "241": 0.0,
  "242": 0.0026219659672448137,
  "243": 3.0667163124849582e-06,
  "244": 0.0,
  "245": 0.0,
  "246": 0.0,
  "247": 0.0,
  "248": 5.03014060249012e-06,
  "249": 0.0,
  "250": 0.001026314644907349,
  "251": 0.0,
  "252": 0.0,
  "253": 0.0,
  "254": 0.01201152802134294,
  "255": 0.0,
  "256": 0.0,
  "257": 5.03014060249012e-06,
  "258": 0.0,
  "259": 0.0,
  "260": 0.00019102666641720659,
  "261": 0.0,
  "262": 0.0,
  "263": 0.0,
  "264": 0.0,
  "265": 0.0,
  "266": 5.7678945575220045e-05,
  "267": 3.018084361494072e-05,
  "268": 1.3581379626723324e-05,
  "269": 0.0,
  "270": 2.6678798756085858e-05,
  "271": 0.0019553352958061,
  "272": 0.0,
  "273": 0.0,
  "274": 5.711898652701832e-06,
  "275": 1.8841454159379163e-05,
  "276": 0.00017703835971081527,
  "277": 0.0,
  "278": 0.0,
  "279": 0.0,
  "280": 0.0,
  "281": 0.0,
  "282": 3.321479414514209e-05,
  "283": 0.0,
  "284": 0.0,
  "285": 0.004507005979831148,
  "286": 0.0,
  "287": 0.013475746674071037,
  "288": 5.66344047068785e-05,
  "289": 0.0,
  "290": 0.0,
  "291": 0.0,
  "292": 0.008993891397252336,
  "293": 0.0,
  "294": 9.94051595254e-06,
  "295": 0.0,
  "296": 0.0,
  "297": 0.0,
  "298": 0.002007026100393558,
  "299": 0.0,
  "300": 0.0065548884599897755,
  "301": 0.0,
  "302": 0.0,
  "303": 0.0,
  "304": 0.0,
  "305": 0.0,
  "306": 0.0,
  "307": 0.0,
  "308": 0.0,
  "309": 0.0,
  "310": 0.0,
  "311": 0.0,
  "312": 0.0,
  "313": 0.004423948777263842,
  "314": 6.882831908717461e-05,
  "315": 0.0,
  "316": 0.0,
  "317": 0.0,