{
  "1": 0.08960359224596139,
  "2": 0.05898740247581125,
  "3": 0.09284866686935284,
  "4": 0.04174803114449242,
  "5": 0.035106558770708264,
  "6": 0.1352005406226946,
  "7": 0.13630098530363527,
  "8": 0.05446022448762507,
  "9": 0.00983449278517874,
  "10": 0.05793187029663826,
  "11": 0.05276542240533978,
  "12": 0.038228984100886015,
  "13": 0.03150111727980283,
  "14": 0.12159242597024414,
  "15": 0.027844948995996308,
  "16": 0.009001214674728343,
  "17": 0.02241612587150598,
  "18": 0.023249591826733557,
  "19": 0.007438832668102689,
  "20": 0.02851153850552482,
  "21": 0.09274512981037972,
  "22": 0.010507958108510315,
  "23": 0.025822920000570515,
  "24": 0.005262034453322619,
  "25": 0.005624372015905262,
  "26": 0.004805962890221902,
  "27": 0.0012824409456030405,
  "28": 0.010685681404379584,
  "29": 0.003849795296893362,
  "30": 0.003966429494874245,
  "31": 0.0027606473652574772,
  "32": 0.014420395379683917,
  "33": 0.024376842790214376,
  "34": 0.017187914760530283,
  "35": 0.0015869860338539887,
  "36": 0.0007006648382647818,
  "37": 0.033533049911639703,
  "38": 0.0026908461478455325,
  "39": 0.0005249120757749952,
  "40": 0.0009443576690710734,
  "41": 0.0020856709462049442,
  "42": 0.0021503545124911686,
  "43": 0.0012351876968223255,
  "44": 0.0016882232999178909,
  "45": 0.0015924461059843294,
  "46": 9.23560473422957e-05,
  "47": 0.00011081664819430757,
  "48": 0.0008643265807484309,
  "49": 0.027311998256903457,
  "50": 0.0005590172225630257,
  "51": 0.0002135502511206734,
  "52": 0.006724108985143896,
  "53": 0.0002571465105308425,
  "54": 0.0013961446866764893,
  "55": 0.0013949189510721368,
  "56": 0.2100229703295446,
  "57": 0.00017998782865076757,
  "58": 0.0011856180536234135,
  "59": 0.003476696374700355,
  "60": 5.538968652641079e-06,
  "61": 0.00026366439135771424,
  "62": 0.0003179656245128786,
  "63": 0.00010617434057348675,
  "64": 0.0002867509531128647,
  "65": 0.00016170751351223247,
  "66": 5.278808178505558e-05,
  "67": 0.0001777924885997592,
  "68": 6.105378967096139e-05,
  "69": 0.00022375768368976313,
  "70": 1.5957352420346723e-05,
  "71": 7.96238246899111e-06,
  "72": 0.003590025423509107,
  "73": 0.001604482034038786,
  "74": 1.1220654750593442e-05,
  "75": 0.0007732223737116251,
  "76": 7.332606572010833e-05,
  "77": 2.092259773388843e-05,
  "78": 0.00015608202260907015,
  "79": 2.1676998874365486e-06,
  "80": 0.0,
  "81": 0.00033578570547141594,
  "82": 3.2670660247571687e-06,
  "83": 0.0013658686519339301,
  "84": 1.149967714911234e-05,
  "85": 7.818666701101485e-05,
  "86": 5.3667789883332725e-05,
  "87": 0.00016566642896726253,
  "88": 0.000145745252191145,
  "89": 0.0004131809694013442,
  "90": 0.00025950194524707124,
  "91": 1.6513323299160535e-06,
  "92": 2.5869127221237574e-06,
  "93": 3.690415408804633e-05,
  "94": 0.0003707666822978237,
  "95": 0.00016276928496335069,
  "96": 0.0005211909514285257,
  "97": 4.052472047161329e-05,
  "98": 0.0,
  "99": 6.450180200502659e-06,
  "100": 0.001986135739665754,
  "101": 4.332993512197903e-06,
  "102": 0.0,
  "103": 2.5869127221237574e-06,
  "104": 1.9884034142371172e-05,
  "105": 2.720282713164793e-05,
  "106": 1.7073207670256782e-05,
  "107": 3.898251652181464e-05,
  "108": 2.9204276924645074e-05,
  "109": 0.03617064842902311,
  "110": 1.5681710249610897e-06,
  "111": 0.0005291533688343589,
  "112": 3.143837876556325e-07,
  "113": 0.0006040841612948471,
  "114": 5.323531569796589e-05,
  "115": 0.024638701377492526,
  "116": 1.2896439136671584e-05,
  "117": 0.0,
  "118": 4.624269469220415e-07,
  "119": 0.000315888426928511,
  "120": 0.00017981204686159133,
  "121": 6.93812496895189e-07,
  "122": 0.018980186595987082,
  "123": 0.0,
  "124": 8.12916711698664e-06,
  "125": 8.77698341512215e-06,
  "126": 1.130767494309775e-06,
  "127": 0.00011190766035001323,
  "128": 0.0,
  "129": 1.9164178637934056e-07,
  "130": 0.0,
  "131": 0.0,
  "132": 1.8399947225011668e-05,
  "133": 4.624269469220415e-07,
  "134": 0.0,
  "135": 0.0,
  "136": 3.124719658556015e-05,
  "137": 0.0,
  "138": 0.0002314142921110673,
  "139": 0.0,
  "140": 0.0,
  "141": 0.00019367553182047352,
  "142": 0.0,
  "143": 2.757498133990966e-05,
  "144": 6.787239268022397e-05,
  "145": 1.510022714977541e-06,
  "146": 0.00016319165465272822,
  "147": 0.0,
  "148": 0.00026106755656071307,
  "149": 0.024213490917229716,
  "150": 0.0,
  "151": 0.0,
  "152": 0.0,
  "153": 4.0016536202459845e-05,
  "154": 9.436241612569223e-07,
  "155": 0.0,
  "156": 0.00010778427061670196,
  "157": 0.00013006148158428173,
  "158": 0.0,
  "159": 0.00010902774362427767,
  "160": 0.0002180300830387615,
  "161": 0.0,
  "162": 0.0,
  "163": 0.0,
  "164": 0.0,
  "165": 6.0420525809577534e-05,
  "166": 0.0017477466309147858,
  "167": 9.436241612569223e-07,
  "168": 0.0,
  "169": 0.0,
  "170": 0.044207749980741735,
  "171": 5.2457177201478544e-05,
  "172": 0.00013964294454250954,
  "173": 5.546273350515396e-06,
  "174": 0.0,
  "175": 0.0,
  "176": 0.0,
  "177": 9.145710186345673e-07,
  "178": 0.0,
  "179": 0.0021216864956804726,
  "180": 0.0,
  "181": 9.349511340071124e-05,
  "182": 2.719746887150315e-06,
  "183": 2.0098989310001694e-05,
  "184": 0.0,
  "185": 0.0350838524077254,
  "186": 0.0,
  "187": 5.408218571597077e-05,
  "188": 4.613359053851733e-05,
  "189": 0.0,
  "190": 0.00039800573651587427,
  "191": 0.00012134829765562818,
  "192": 2.9550629522976533e-05,
  "193": 0.03213297304429497,
  "194": 0.0001417942944273196,
  "195": 6.287746329906512e-05,
  "196": 0.002953962688301406,
  "197": 2.51507030124506e-06,
  "198": 0.0,
  "199": 0.0031503111829234488,
  "200": 0.0,
  "201": 0.0,
  "202": 0.0,
  "203": 0.0,
  "204": 0.0,
  "205": 0.0,
  "206": 2.8210936693394218e-05,
  "207": 0.0,
  "208": 0.0011280627487931776,
  "209": 4.2186760857979965e-05,
  "210": 1.7363552758417647e-05,
  "211": 7.615388694992259e-06,
  "212": 2.030686391375641e-06,
  "213": 7.379062335106796e-05,
  "214": 0.0,
  "215": 0.0,
  "216": 0.0,
  "217": 0.0001018661788404856,
  "218": 0.00019017372688123727,
  "219": 0.0,
  "220": 0.0,
  "221": 0.0,
  "222": 0.0,
  "223": 2.51507030124506e-06,
  "224": 0.0001861368316609252,
  "225": 3.91482062814582e-06,
  "226": 0.0,
  "227": 3.377851921324408e-05,
  "228": 0.00019581472087073254,
  "229": 0.0,
  "230": 0.010497371024866359,
  "231": 0.0002296782443557746,
  "232": 0.0,
  "233": 0.0,
  "234": 0.0,
  "235": 0.0,
  "236": 0.0,
  "237": 0.0,
  "238": 1.3968313519222564e-05,
  "239": 0.0,
  "240": 0.0,
  "241": 0.0,
  "242": 0.00260485754225961,
  "243": 5.257583363172698e-06,
  "244": 0.0,
  "245": 0.0,
  "246": 0.0,
  "247": 0.0,
  "248": 2.51507030124506e-06,
  "249": 0.0,
  "250": 0.0010159280886756948,
  "251": 0.0,
  "252": 0.0,
  "253": 0.0,
  "254": 0.01250304840167285,
  "255": 0.0,
  "256": 0.0,
  "257": 0.0,
  "258": 0.0,
  "259": 0.0,
  "260": 0.0001952663563535911,
  "261": 0.0,
  "262": 0.0,
  "263": 0.0,
  "264": 0.0,
  "265": 0.0,
  "266": 4.9295377904403186e-05,
  "267": 1.006028120498024e-05,
  "268": 1.6096449927968383e-05,
  "269": 0.0,
  "270": 2.6593057723088866e-05,
  "271": 0.000875609924532052,
  "272": 0.0,
  "273": 0.0,
  "274": 9.042461445562714e-06,
  "275": 1.926063254292001e-05,
  "276": 0.000164631387024594,
  "277": 0.0,
  "278": 0.0,
  "279": 0.0,
  "280": 0.0,
  "281": 0.0,
  "282": 3.986089779142736e-05,
  "283": 0.0,
  "284": 0.0,
  "285": 0.004507005979831148,
  "286": 0.0,
  "287": 0.013475746674071037,
  "288": 6.425394051727511e-05,
  "289": 0.0,
  "290": 0.0,
  "291": 0.0,
  "292": 0.008993891397252336,
  "293": 0.0,
  "294": 8.68298080191747e-06,
  "295": 0.0,
  "296": 0.0,
  "297": 0.0,
  "298": 0.004507005979831148,
  "299": 0.0,
  "300": 0.004525661173121669,
  "301": 0.0,
  "302": 0.0,
  "303": 0.0,
  "304": 0.0,
  "305": 0.0,
  "306": 0.0,
  "307": 0.0,
  "308": 0.0,
  "309": 0.0,
  "310": 0.0,
  "311": 0.0,
  "312": 0.0,
  "313": 0.004409145792062229,
  "314": 3.145511221536829e-05,
  "315": 0.0,
  "316": 0.0,
  "317": 0.0,
  "318": 0.0,