{
  "1": 0.09122231724368665,
  "2": 0.07007298950313502,
  "3": 0.09634096427927691,
  "4": 0.03360930490404005,
  "5": 0.040591341872033886,
  "6": 0.13544876286971944,
  "7": 0.14678586536584323,
  "8": 0.050015311908416744,
  "9": 0.008608690155665732,
  "10": 0.06264744259470538,
  "11": 0.04784005674868974,
  "12": 0.036092911044626565,
  "13": 0.03161828530786135,
  "14": 0.12093474146343697,
  "15": 0.023306821209699322,
  "16": 0.010746509785727576,
  "17": 0.021887525526903064,
  "18": 0.020070183888059027,
  "19": 0.006194191339280217,
  "20": 0.02591717292098984,
  "21": 0.08184770868148515,
  "22": 0.008181395812360843,
  "23": 0.024120463608205998,
  "24": 0.004571544114883083,
  "25": 0.00547725433901152,
  "26": 0.00413189503529844,
  "27": 0.0015580343750026255,
  "28": 0.010488519761249824,
  "29": 0.004138825584518247,
  "30": 0.004201041987583663,
  "31": 0.0034943417482602704,
  "32": 0.021848695134745653,
  "33": 0.020046162187659318,
  "34": 0.020198728504452916,
  "35": 0.0016005575963387094,
  "36": 0.0013015186928550875,
  "37": 0.032103820404509736,
  "38": 0.0026361543262662145,
  "39": 0.0006923437259732081,
  "40": 0.0009918088178451179,
  "41": 0.0016192465321654642,
  "42": 0.0030275122894497485,
  "43": 0.0014603410420331424,
  "44": 0.002077684713967808,
  "45": 0.0011104511261213815,
  "46": 0.00010300608575489465,
  "47": 9.931863312140895e-05,
  "48": 0.0007429769263761838,
  "49": 0.019234323235285577,
  "50": 0.0006220577143224786,
  "51": 0.00032247983069297364,
  "52": 0.010035687443013079,
  "53": 0.00015167469246637843,
  "54": 0.0017358858315832458,
  "55": 0.0008545295650631689,
  "56": 0.1997105231237396,
  "57": 0.00024090784857268182,
  "58": 0.0005367380761433629,
  "59": 0.005132333795564617,
  "60": 4.279772661999611e-06,
  "61": 0.00026878715007070124,
  "62": 0.00027063006944770285,
  "63": 0.00010856848697698349,
  "64": 0.00029936877438019,
  "65": 8.974625436061125e-05,
  "66": 0.00011261846022867705,
  "67": 0.00027167767340075796,
  "68": 6.33491176128848e-05,
  "69": 0.00029009547031457535,
  "70": 6.376742906600752e-06,
  "71": 5.114600157571324e-06,
  "72": 0.003428628595822138,
  "73": 0.0021383861264947664,
  "74": 6.209585576035128e-06,
  "75": 0.0011789469718026444,
  "76": 3.713140179564082e-05,
  "77": 6.855377585595457e-05,
  "78": 0.00021948016284782787,
  "79": 3.718250452683173e-06,
  "80": 0.0,
  "81": 0.0003387743190196873,
  "82": 4.0542868225164065e-06,
  "83": 0.002076049570072831,
  "84": 1.592913833041196e-05,
  "85": 3.753428655528612e-05,
  "86": 0.00011076931534374367,
  "87": 0.0002715698118020796,
  "88": 0.00022676132315945188,
  "89": 0.00024034816872193067,
  "90": 0.00040102671308426456,
  "91": 9.341406585240937e-07,
  "92": 4.28243786917042e-06,
  "93": 1.7937202234263862e-05,
  "94": 0.0002802485618385402,
  "95": 0.00026071433847893157,
  "96": 0.0006129089068426105,
  "97": 6.547945103599324e-05,
  "98": 0.0,
  "99": 1.0769990607598606e-05,
  "100": 0.0019764935894343153,
  "101": 1.5566773196135393e-06,
  "102": 0.0,
  "103": 4.28243786917042e-06,
  "104": 2.2469789840576574e-05,
  "105": 4.0483760832105785e-05,
  "106": 5.3152355165470454e-05,
  "107": 2.2587208842930877e-05,
  "108": 4.390698763573092e-05,
  "109": 0.04483644304945583,
  "110": 3.143837876556325e-07,
  "111": 0.0002112349563611559,
  "112": 0.0,
  "113": 0.0002706404202592301,
  "114": 8.634751629531777e-05,
  "115": 0.0247709818981608,
  "116": 1.9764500703892992e-05,
  "117": 0.0,
  "118": 9.182002687085141e-07,
  "119": 0.0004916366285766372,
  "120": 0.00061177114950532,
  "121": 1.0407187453427836e-06,
  "122": 0.018962727296418742,
  "123": 0.0,
  "124": 1.0648216308724476e-05,
  "125": 2.8995719988445873e-05,
  "126": 3.143837876556325e-07,
  "127": 0.0001859307614154119,
  "128": 0.0,
  "129": 1.9346694624962004e-07,
  "130": 0.0,
  "131": 0.0,
  "132": 9.444205577929725e-06,
  "133": 9.182002687085141e-07,
  "134": 0.0,
  "135": 0.0,
  "136": 1.6743937807788747e-05,
  "137": 0.0,
  "138": 0.0007883710227394298,
  "139": 0.0,
  "140": 0.0,
  "141": 0.00021484359790310058,
  "142": 0.0,
  "143": 9.934737779021446e-05,
  "144": 0.00011157523481246177,
  "145": 3.5495339144277267e-06,
  "146": 0.00023253682901255008,
  "147": 0.0,
  "148": 0.0003958663949713868,
  "149": 0.02187582888442439,
  "150": 0.0,
  "151": 0.0,
  "152": 0.0,
  "153": 6.34628086722112e-05,
  "154": 4.004678411446386e-06,
  "155": 0.0,
  "156": 6.241665398692503e-05,
  "157": 6.541450283349151e-05,
  "158": 0.0,
  "159": 0.00014566815935245728,
  "160": 0.00021434201866142247,
  "161": 0.0,
  "162": 0.0,
  "163": 0.0,
  "164": 0.0,
  "165": 0.00010481802906709752,
  "166": 0.000821275057557029,
  "167": 4.004678411446386e-06,
  "168": 0.0,
  "169": 0.0,
  "170": 0.0332771107332278,
  "171": 7.55129469778683e-05,
  "172": 8.000623883116984e-05,
  "173": 2.3843128012101602e-06,
  "174": 0.0,
  "175": 0.0,
  "176": 0.0,
  "177": 0.0,
  "178": 0.0,
  "179": 0.0010394669231200417,
  "180": 0.0,
  "181": 0.00015213322419957523,
  "182": 7.570040590901364e-06,
  "183": 7.834474697417448e-05,
  "184": 0.0,
  "185": 0.04020217373167547,
  "186": 0.0,
  "187": 2.70489256079146e-05,
  "188": 5.154889869535212e-05,
  "189": 0.0,
  "190": 0.00018478790362078064,
  "191": 0.00017141159120881015,
  "192": 5.3598241085386684e-05,
  "193": 0.02918915067596869,
  "194": 7.459957120662998e-05,
  "195": 5.3202487138184056e-05,
  "196": 0.001405938764544307,
  "197": 5.03014060249012e-06,
  "198": 0.0,
  "199": 0.0013987821133635214,
  "200": 0.0,
  "201": 0.0,
  "202": 0.0,
  "203": 0.0,
  "204": 0.0,
  "205": 0.0,
  "206": 3.544824255960571e-05,
  "207": 0.0,
  "208": 0.003948913451393822,
  "209": 0.00015213322419957518,
  "210": 5.637092822842074e-05,
  "211": 5.764124982657009e-06,
  "212": 2.9435637599757e-06,
  "213": 3.319546811383842e-05,
  "214": 0.0,
  "215": 0.0,
  "216": 0.0,
  "217": 7.10592819192707e-05,
  "218": 0.0002722695823954236,
  "219": 0.0,
  "220": 0.0,
  "221": 0.0,
  "222": 0.0,
  "223": 5.03014060249012e-06,
  "224": 8.14057016996833e-05,
  "225": 7.900239720887992e-06,
  "226": 0.0,
  "227": 3.212711969834648e-05,
  "228": 0.00029831150153201904,
  "229": 0.0,
  "230": 0.010520031347285332,
  "231": 0.00018965524467078675,
  "232": 0.0,
  "233": 0.0,
  "234": 0.0,
  "235": 0.0,
  "236": 0.0,
  "237": 0.0,
  "238": 4.610962218949277e-06,
  "239": 0.0,
  "240": 0.0,
  "241": 0.0,
  "242": 0.0012804739302341211,
  "243": 4.853536610988553e-06,
  "244": 0.0,
  "245": 0.0,
  "246": 0.0,
  "247": 0.0,
  "248": 5.03014060249012e-06,
  "249": 0.0,
  "250": 0.0004549957529985673,
  "251": 0.0,
  "252": 0.0,
  "253": 0.0,
  "254": 0.01181256606231324,
  "255": 0.0,
  "256": 0.0,
  "257": 5.03014060249012e-06,
  "258": 0.0,
  "259": 0.0,
  "260": 7.067456424000836e-05,
  "261": 0.0,
  "262": 0.0,
  "263": 0.0,
  "264": 0.0,
  "265": 0.0,
  "266": 1.6767135341633734e-05,
  "267": 1.006028120498024e-05,
  "268": 2.4144674891952577e-05,
  "269": 0.0,
  "270": 3.8107125776440305e-06,
  "271": 0.0030429819860674483,
  "272": 0.0,
  "273": 0.0,
  "274": 9.19906016243269e-06,
  "275": 7.666803344001111e-05,
  "276": 8.14057016996833e-05,
  "277": 0.0,
  "278": 0.0,
  "279": 0.0,
  "280": 0.0,
  "281": 0.0,
  "282": 5.372413391075782e-05,
  "283": 0.0,
  "284": 0.0,
  "285": 0.007012015999871228,
  "286": 0.0,
  "287": 0.006036168722988145,
  "288": 3.873795348488178e-05,
  "289": 0.0,
  "290": 0.0,
  "291": 0.0,
  "292": 0.009003951678457316,
  "293": 0.0,
  "294": 1.628807433187277e-05,
  "295": 0.0,
  "296": 0.0,
  "297": 0.0,
  "298": 0.002012056240996048,
  "299": 0.0,
  "300": 0.00526743745936926,
  "301": 0.0,
  "302": 0.0,
  "303": 0.0,
  "304": 0.0,
  "305": 0.0,
  "306": 0.0,
  "307": 0.0,
  "308": 0.0,
  "309": 0.0,
  "310": 0.0,
  "311": 0.0,
  "312": 0.0,
  "313": 0.004474429831167403,
  "314": 0.00010562496761327129,
  "315": 0.0,
  "316": 0.0,
  "317": 0.0,
  "318": 0.0,
  "319": 0.0,
  "320": 0.0,