{
  "1": 0.0737915437607551,
  "2": 0.05154203169934269,
  "3": 0.10490099555091062,
  "4": 0.03692981882129728,
  "5": 0.045840552920376997,
  "6": 0.14552004488067816,
  "7": 0.1331897412498409,
  "8": 0.0461959315009475,
  "9": 0.007866092292395882,
  "10": 0.05284321046189569,
  "11": 0.040278428550116895,
  "12": 0.026775707251278626,
  "13": 0.04495831355778353,
  "14": 0.13541007038216726,
  "15": 0.03344080829197587,
  "16": 0.0058652126866969865,
  "17": 0.02239556792287891,
  "18": 0.020240875047059233,
  "19": 0.00694407362025591,
  "20": 0.02679688698876552,
  "21": 0.11229978482764427,
  "22": 0.015595111519578807,
  "23": 0.018299197463631824,
  "24": 0.003845432808478004,
  "25": 0.0030985088039800495,
  "26": 0.005507343449487656,
  "27": 0.0015770528514619958,
  "28": 0.011679326400543288,
  "29": 0.004799362830575422,
  "30": 0.00421927010876385,
  "31": 0.0016407228094347263,
  "32": 0.013149287075070437,
  "33": 0.02528294931258962,
  "34": 0.025685106845875126,
  "35": 0.002924781253448979,
  "36": 0.0007378355159284128,
  "37": 0.0338871576436685,
  "38": 0.0020827597481252315,
  "39": 0.0004139146103452795,
  "40": 0.0006970036948720045,
  "41": 0.002553479190594572,
  "42": 0.0009800319774343508,
  "43": 0.001947137446199198,
  "44": 0.002227061788327544,
  "45": 0.0010616064781167136,
  "46": 6.789052745776573e-05,
  "47": 7.280570567750534e-05,
  "48": 0.0004460238838876605,
  "49": 0.023250211381553466,
  "50": 0.00026775340460617736,
  "51": 0.00036683130117844376,
  "52": 0.013094010369292862,
  "53": 0.00011884797402250926,
  "54": 0.0010847963942678645,
  "55": 0.000574320596836052,
  "56": 0.20392742709635356,
  "57": 0.00011708122494056491,
  "58": 0.0005689562093858598,
  "59": 0.003906854144580564,
  "60": 8.893535842497893e-06,
  "61": 0.0002734451821090643,
  "62": 0.0003085336811265443,
  "63": 9.893030671461748e-05,
  "64": 0.00017087971197515082,
  "65": 0.00040291959310385526,
  "66": 4.538271784952453e-05,
  "67": 9.750689071097114e-05,
  "68": 7.248694510834827e-05,
  "69": 0.00015574931287697767,
  "70": 3.176354170321568e-05,
  "71": 1.747966184554432e-05,
  "72": 0.012943389055471122,
  "73": 0.0015669306029484002,
  "74": 5.502801184283485e-06,
  "75": 0.0003687611270517103,
  "76": 2.5377555186410623e-05,
  "77": 2.6153352862405797e-05,
  "78": 8.201526030061631e-05,
  "79": 1.0911945222333064e-06,
  "80": 0.0,
  "81": 0.00011597570047831711,
  "82": 4.283369028450971e-06,
  "83": 0.0017324508958656867,
  "84": 1.8035714250965446e-05,
  "85": 5.0827488748602584e-05,
  "86": 3.289027919514753e-05,
  "87": 8.277811994132437e-05,
  "88": 7.764660077537753e-05,
  "89": 0.00022872521395318082,
  "90": 0.0001396465361059347,
  "91": 1.4245963380516393e-06,
  "92": 1.257985589461495e-06,
  "93": 7.9450832935198e-05,
  "94": 0.00012956612866564087,
  "95": 7.205911205161097e-05,
  "96": 0.0004524160150614574,
  "97": 1.507492544383552e-05,
  "98": 0.0,
  "99": 3.2264033157386127e-06,
  "100": 0.00197621223479928,
  "101": 1.9021540093450034e-06,
  "102": 0.0,
  "103": 1.257985589461495e-06,
  "104": 2.0296906567614022e-05,
  "105": 1.6234398844255414e-05,
  "106": 1.735279870095699e-05,
  "107": 9.52822152902972e-05,
  "108": 1.7896991510510864e-05,
  "109": 0.04756423999864594,
  "110": 1.9471512009639173e-06,
  "111": 0.000726417354526091,
  "112": 0.0,
  "113": 0.00035841106603290077,
  "114": 3.087776601478889e-05,
  "115": 0.016766520730135015,
  "116": 8.83701256447392e-06,
  "117": 0.0,
  "118": 3.7260300759186077e-07,
  "119": 0.0001229270551046633,
  "120": 0.0010092744394928383,
  "121": 0.0,
  "122": 0.01944218664208285,
  "123": 0.0,
  "124": 6.951545701681738e-06,
  "125": 8.723334519384872e-06,
  "126": 1.9471512009639173e-06,
  "127": 3.32427945642851e-05,
  "128": 0.0,
  "129": 0.0,
  "130": 0.0,
  "131": 0.0,
  "132": 8.456559140117421e-06,
  "133": 3.7260300759186077e-07,
  "134": 0.0,
  "135": 0.0,
  "136": 1.8648166702351015e-05,
  "137": 0.0,
  "138": 0.0013566865715135452,
  "139": 0.0,
  "140": 0.0,
  "141": 0.000145016086978932,
  "142": 0.0,
  "143": 2.724518877941766e-05,
  "144": 2.2670022376200188e-05,
  "145": 2.1179539378905768e-06,
  "146": 7.354280700434008e-05,
  "147": 0.0,
  "148": 9.623738983065027e-05,
  "149": 0.04103610043501874,
  "150": 0.0,
  "151": 0.0,
  "152": 0.0,
  "153": 2.0676184230963082e-05,
  "154": 1.2070532045479316e-06,
  "155": 0.0,
  "156": 3.604570994568656e-05,
  "157": 0.00020573289718619654,
  "158": 0.0,
  "159": 0.00011306115271338044,
  "160": 0.00024206632397421297,
  "161": 0.0,
  "162": 0.0,
  "163": 0.0,
  "164": 0.0,
  "165": 2.9114727736696655e-05,
  "166": 0.0007891963445402227,
  "167": 1.2070532045479316e-06,
  "168": 0.0,
  "169": 0.0,
  "170": 0.02108567872022492,
  "171": 3.7076307967805604e-05,
  "172": 0.00021584952015815738,
  "173": 6.746551539427531e-06,
  "174": 0.0,
  "175": 0.0,
  "176": 0.0,
  "177": 0.0,
  "178": 0.0,
  "179": 0.005499597638911099,
  "180": 0.0,
  "181": 0.00024778999653802413,
  "182": 1.7355730774047977e-05,
  "183": 2.2832784742145625e-05,
  "184": 0.0,
  "185": 0.02871551655673881,
  "186": 0.0,
  "187": 2.8312505676872967e-05,
  "188": 2.013812701972283e-05,
  "189": 0.0,
  "190": 0.001034371685674286,
  "191": 7.628538485432997e-05,
  "192": 1.014952538675259e-05,
  "193": 0.050031198064549906,
  "194": 0.00039564303258211484,
  "195": 5.354954777596175e-05,
  "196": 0.0013159909702231821,
  "197": 5.03014060249012e-06,
  "198": 0.0,
  "199": 0.0013808261179879488,
  "200": 0.0,
  "201": 0.0,
  "202": 0.0,
  "203": 0.0,
  "204": 0.0,
  "205": 0.0,
  "206": 9.80084007584792e-06,
  "207": 0.0,
  "208": 0.006777370468527166,
  "209": 4.255658636709895e-05,
  "210": 4.285556016792745e-05,
  "211": 7.4181871511470475e-06,
  "212": 5.141921504767679e-06,
  "213": 3.011451209051228e-05,
  "214": 0.0,
  "215": 0.0,
  "216": 0.0,
  "217": 8.749057181401722e-05,
  "218": 0.00012309745962635628,
  "219": 0.0,
  "220": 0.0,
  "221": 0.0,
  "222": 0.0,
  "223": 0.0,
  "224": 0.0001333977684572986,
  "225": 1.1776366959783888e-05,
  "226": 0.0,
  "227": 4.647635790946508e-05,
  "228": 0.00046712474159258093,
  "229": 0.0,
  "230": 0.023666345014475423,
  "231": 0.00030915998631774453,
  "232": 0.0,
  "233": 0.0,
  "234": 0.0,
  "235": 0.0,
  "236": 0.0,
  "237": 0.0,
  "238": 3.2063921891770355e-05,
  "239": 0.0,
  "240": 0.0,
  "241": 0.0,
  "242": 0.0066603678727208794,
  "243": 2.1557745439243373e-06,
  "244": 0.0,
  "245": 0.0,
  "246": 0.0,
  "247": 0.0,
  "248": 0.0,
  "249": 0.0,
  "250": 0.00042125848621941416,
  "251": 0.0,
  "252": 0.0,
  "253": 0.0,
  "254": 0.01533306385948889,
  "255": 0.0,
  "256": 0.0,
  "257": 0.0,
  "258": 0.0,
  "259": 0.0,
  "260": 0.0005128609415496441,
  "261": 0.0,
  "262": 0.0,
  "263": 0.0,
  "264": 0.0,
  "265": 0.0,
  "266": 0.00015358695972936498,
  "267": 3.018084361494072e-05,
  "268": 5.834963098888539e-05,
  "269": 0.0,
  "270": 1.3413708273306987e-05,
  "271": 0.005221191581945935,
  "272": 0.0,
  "273": 0.0,
  "274": 4.313726637893043e-06,
  "275": 1.9479357673818885e-05,
  "276": 4.7375989911974846e-05,
  "277": 0.0,
  "278": 0.0,
  "279": 0.0,
  "280": 0.0,
  "281": 0.0,
  "282": 2.6699160498089075e-05,
  "283": 0.0,
  "284": 0.0,
  "285": 0.002012056240996048,
  "286": 0.0,
  "287": 0.015955605991098666,
  "288": 8.744648165232778e-05,
  "289": 0.0,
  "290": 0.0,
  "291": 0.0,
  "292": 0.004024112481992096,
  "293": 0.0,
  "294": 5.03014060249012e-06,
  "295": 0.0,
  "296": 0.0,
  "297": 0.0,
  "298": 0.002012056240996048,
  "299": 0.0,
  "300": 0.0029893597711032793,
  "301": 0.0,
  "302": 0.0,
  "303": 0.0,
  "304": 0.0,
  "305": 0.0,
  "306": 0.0,
  "307": 0.0,
  "308": 0.0,
  "309": 0.0,
  "310": 0.0,
  "311": 0.0,
  "312": 0.0,
  "313": 0.0019986425327227415,
  "314": 0.00017492965554510528,
  "315": 0.0,
  "316": 0.0,
  "317": 0.0,
  "318": 0.0,
  "319": 0.0,
  "320": 0.0,
  "321": 3.1522214442271416e-05,
  "322": 7.530839073442351e-05,
  "323": 0.0,