{
  "1": 0.0842622516681536,
  "2": 0.05688723124580101,
  "3": 0.09483372436583373,
  "4": 0.03981208180454098,
  "5": 0.03413353542721149,
  "6": 0.13386938410551155,
  "7": 0.13566238298514305,
  "8": 0.051171708552283236,
  "9": 0.010474995269548874,
  "10": 0.05623049150437485,
  "11": 0.055207229359786635,
  "12": 0.03362362038252387,
  "13": 0.031176640098236837,
  "14": 0.13389736756456488,
  "15": 0.02807947562660542,
  "16": 0.008813350033206685,
  "17": 0.021977784297151012,
  "18": 0.021978672484352712,
  "19": 0.008623803220653646,
  "20": 0.028199227532210505,
  "21": 0.09089054619603369,
  "22": 0.012922064104789297,
  "23": 0.029060898812815907,
  "24": 0.00599844199311572,
  "25": 0.005384528601104898,
  "26": 0.005182117408789868,
  "27": 0.0013652503627043402,
  "28": 0.010683349935187086,
  "29": 0.0043586670521953185,
  "30": 0.004343108897768789,
  "31": 0.0029225377493928987,
  "32": 0.012498629757342781,
  "33": 0.020913874686738235,
  "34": 0.017250638103319758,
  "35": 0.0014158792110034145,
  "36": 0.0008365897792021877,
  "37": 0.030621385618959586,
  "38": 0.002574573516182172,
  "39": 0.0006522609565292447,
  "40": 0.000929495898343294,
  "41": 0.001906491736082261,
  "42": 0.0012731747720924028,
  "43": 0.0012724209673815425,
  "44": 0.0009407478498332911,
  "45": 0.0022043575574988775,
  "46": 0.00010996995740341079,
  "47": 0.00011287605745854646,
  "48": 0.0008379980056911034,
  "49": 0.02508805951164213,
  "50": 0.0005624255253216464,
  "51": 0.0002078744276456811,
  "52": 0.00836244899861286,
  "53": 0.00024635643433514455,
  "54": 0.0012204077643895041,
  "55": 0.001328927470324604,
  "56": 0.2149963511358663,
  "57": 0.0001984786957437174,
  "58": 0.0011783644429656842,
  "59": 0.0028099000924344192,
  "60": 6.481202459238474e-06,
  "61": 0.000558117998918901,
  "62": 0.0003102557459560573,
  "63": 0.00013723652608275776,
  "64": 0.00027651543565249283,
  "65": 0.0001570006173276834,
  "66": 5.527560511386034e-05,
  "67": 0.00019390214504111887,
  "68": 0.00011267545857021018,
  "69": 0.00024125825641743272,
  "70": 1.6386085071237224e-05,
  "71": 1.1052358712743706e-05,
  "72": 0.006007400192095195,
  "73": 0.0021945633982244066,
  "74": 4.961372001481358e-06,
  "75": 0.0007530176779467074,
  "76": 6.95559880184709e-05,
  "77": 2.2200269500131834e-05,
  "78": 0.0001604766962862826,
  "79": 2.2728271645785383e-06,
  "80": 0.0,
  "81": 0.0003252118398333051,
  "82": 5.954468227703571e-06,
  "83": 0.0011050725484792326,
  "84": 1.0016529337763474e-05,
  "85": 7.599528448732601e-05,
  "86": 5.2388387850987554e-05,
  "87": 7.343318664385888e-05,
  "88": 0.00013793725202584616,
  "89": 0.0004047197409475421,
  "90": 0.00011865535440659823,
  "91": 1.7038469758881284e-06,
  "92": 2.3834108895199198e-06,
  "93": 4.1648112092145324e-05,
  "94": 0.0003609745278972446,
  "95": 0.00015863234737743183,
  "96": 0.000514852707900606,
  "97": 3.959268821759922e-05,
  "98": 0.0,
  "99": 4.948768995568999e-06,
  "100": 0.004441145772281877,
  "101": 4.311462347246143e-06,
  "102": 0.0,
  "103": 2.3834108895199198e-06,
  "104": 4.358911998839163e-05,
  "105": 2.7824240646647503e-05,
  "106": 1.581341022774931e-05,
  "107": 3.628102322948909e-05,
  "108": 3.340348653274774e-05,
  "109": 0.04238714336879629,
  "110": 1.7253629187889061e-06,
  "111": 0.0005049777670830518,
  "112": 3.143837876556325e-07,
  "113": 0.0006180438427544885,
  "114": 5.2929634122215574e-05,
  "115": 0.02546047310653249,
  "116": 1.2135763147204372e-05,
  "117": 0.0,
  "118": 3.659493824562919e-07,
  "119": 0.00030256958643742817,
  "120": 0.0003943675266951267,
  "121": 1.7345312422379728e-06,
  "122": 0.01872820027251715,
  "123": 0.0,
  "124": 1.8545660111079018e-05,
  "125": 7.484896864871259e-06,
  "126": 1.2879593881375912e-06,
  "127": 0.000109570983935501,
  "128": 0.0,
  "129": 2.5013179338503965e-07,
  "130": 0.0,
  "131": 0.0,
  "132": 1.6253179560724527e-05,
  "133": 3.659493824562919e-07,
  "134": 0.0,
  "135": 0.0,
  "136": 3.133950481016854e-05,
  "137": 0.0,
  "138": 0.0005118255419852344,
  "139": 0.0,
  "140": 0.0,
  "141": 0.00028675883865010517,
  "142": 0.0,
  "143": 2.6184957649043173e-05,
  "144": 6.820325945268736e-05,
  "145": 9.805342305048967e-07,
  "146": 0.0001596855855138875,
  "147": 0.0,
  "148": 0.0002471977435034939,
  "149": 0.026645306947628452,
  "150": 0.0,
  "151": 0.0,
  "152": 0.0,
  "153": 3.8338822604194625e-05,
  "154": 6.492625883316857e-07,
  "155": 0.0,
  "156": 4.5602990288418205e-05,
  "157": 0.0001908845181334385,
  "158": 0.0,
  "159": 9.989649586118667e-05,
  "160": 0.0005250323025156151,
  "161": 0.0,
  "162": 0.0,
  "163": 0.0,
  "164": 0.0,
  "165": 6.090051169274445e-05,
  "166": 0.0017560608272757447,
  "167": 6.492625883316857e-07,
  "168": 0.0,
  "169": 0.0,
  "170": 0.04425536864511199,
  "171": 4.987429855019802e-05,
  "172": 0.0001350228798064472,
  "173": 2.5584767772347654e-06,
  "174": 0.0,
  "175": 0.0,
  "176": 0.0,
  "177": 9.145710186345673e-07,
  "178": 0.0,
  "179": 0.0009866515768355729,
  "180": 0.0,
  "181": 9.598584678847966e-05,
  "182": 5.362041941125873e-06,
  "183": 1.9664149316526357e-05,
  "184": 0.0,
  "185": 0.03712181866526239,
  "186": 0.0,
  "187": 5.257374004494336e-05,
  "188": 4.728958030728031e-05,
  "189": 0.0,
  "190": 0.0001790542033508154,
  "191": 0.00011933604886825432,
  "192": 3.149188599560246e-05,
  "193": 0.035798965438626824,
  "194": 0.00013884760086419894,
  "195": 5.72425940481172e-05,
  "196": 0.003025073959411806,
  "197": 1.25753515062253e-06,
  "198": 0.0,
  "199": 0.003152873561297164,
  "200": 0.0,
  "201": 0.0,
  "202": 0.0,
  "203": 0.0,
  "204": 0.0,
  "205": 0.0,
  "206": 2.6795295694375144e-05,
  "207": 0.0,
  "208": 0.00113788570788755,
  "209": 9.598584678847966e-05,
  "210": 4.034902736667719e-05,
  "211": 8.6028908897282e-06,
  "212": 7.265758648041285e-07,
  "213": 7.55626276979076e-05,
  "214": 0.0,
  "215": 0.0,
  "216": 0.0,
  "217": 0.00013048607396267864,
  "218": 0.00024174601741095106,
  "219": 0.0,
  "220": 0.0,
  "221": 0.0,
  "222": 0.0,
  "223": 7.042196843486168e-06,
  "224": 9.049485263497927e-05,
  "225": 3.9114264711940725e-06,
  "226": 0.0,
  "227": 8.865813347517719e-05,
  "228": 0.00028079245051350625,
  "229": 0.0,
  "230": 0.01014095492683147,
  "231": 0.0003579641350094998,
  "232": 0.0,
  "233": 0.0,
  "234": 0.0,
  "235": 0.0,
  "236": 0.0,
  "237": 0.0,
  "238": 8.015980472942589e-06,
  "239": 0.0,
  "240": 0.0,
  "241": 0.0,
  "242": 0.001315156718185534,
  "243": 3.829180777617097e-06,
  "244": 0.0,
  "245": 0.0,
  "246": 0.0,
  "247": 0.0,
  "248": 2.51507030124506e-06,
  "249": 0.0,
  "250": 0.0004491055519928868,
  "251": 0.0,
  "252": 0.0,
  "253": 0.0,
  "254": 0.013257010351311773,
  "255": 0.0,
  "256": 0.0,
  "257": 5.03014060249012e-06,
  "258": 0.0,
  "259": 0.0,
  "260": 0.00020055344786131668,
  "261": 0.0,
  "262": 0.0,
  "263": 0.0,
  "264": 0.0,
  "265": 0.0,
  "266": 5.7678945575220045e-05,
  "267": 1.509042180747036e-05,
  "268": 1.6096449927968383e-05,
  "269": 0.0,
  "270": 2.489538526974845e-05,
  "271": 0.00086578696543768,
  "272": 0.0,
  "273": 0.0,
  "274": 8.718191375276402e-06,
  "275": 1.882579254944467e-05,
  "276": 0.0001735794378401341,
  "277": 0.0,
  "278": 0.0,
  "279": 0.0,
  "280": 0.0,
  "281": 0.0,
  "282": 3.851663607869293e-05,
  "283": 0.0,
  "284": 0.0,
  "285": 0.002007026100393558,
  "286": 0.0,
  "287": 0.013475746674071037,
  "288": 7.042185101794753e-05,
  "289": 0.0,
  "290": 0.0,
  "291": 0.0,
  "292": 0.006503971799019725,
  "293": 0.0,
  "294": 9.94051595254e-06,
  "295": 0.0,
  "296": 0.0,
  "297": 0.0,
  "298": 0.002007026100393558,
  "299": 0.0,
  "300": 0.006024479118387044,
  "301": 0.0,
  "302": 0.0,
  "303": 0.0,
  "304": 0.0,
  "305": 0.0,
  "306": 0.0,
  "307": 0.0,
  "308": 0.0,
  "309": 0.0,
  "310": 0.0,
  "311": 0.0,
  "312": 0.0,
  "313": 0.004431194575036477,
  "314": 6.957560717867889e-05,
  "315": 0.0,
  "316": 0.0,
  "317": 0.0,
  "318": 0.0,