{
  "1": 0.09066878326979654,
  "2": 0.056943949010873726,
  "3": 0.09360062722055222,
  "4": 0.041935292487493656,
  "5": 0.03246805504612269,
  "6": 0.13485181022630585,
  "7": 0.137754112132663,
  "8": 0.050598861013621335,
  "9": 0.01047939331534786,
  "10": 0.05769523933420218,
  "11": 0.053988696941511094,
  "12": 0.03755906246939747,
  "13": 0.03431064226058729,
  "14": 0.12493190746573526,
  "15": 0.029520378858199317,
  "16": 0.008423801762639677,
  "17": 0.02196424334023623,
  "18": 0.0227295814075165,
  "19": 0.009101672751901532,
  "20": 0.02993366148999306,
  "21": 0.08618866965216229,
  "22": 0.011322857287011344,
  "23": 0.024684439243135237,
  "24": 0.00587408614499072,
  "25": 0.005891742284504795,
  "26": 0.005442919913359706,
  "27": 0.0014086623204545771,
  "28": 0.009536476207395513,
  "29": 0.004086712513246342,
  "30": 0.004321822726753754,
  "31": 0.0030537694187176964,
  "32": 0.014145568627264881,
  "33": 0.016512597084224954,
  "34": 0.0212815635177045,
  "35": 0.0016548715174874479,
  "36": 0.0008459828533865301,
  "37": 0.03202440288522831,
  "38": 0.0027802909513383383,
  "39": 0.0007348464206873542,
  "40": 0.000946488719132618,
  "41": 0.0020785333438404735,
  "42": 0.0021567638804191967,
  "43": 0.0011868049920588915,
  "44": 0.0017362623842669153,
  "45": 0.0022135413451571267,
  "46": 0.00011870746276451594,
  "47": 6.663455743051729e-05,
  "48": 0.0010103941784336359,
  "49": 0.027091466782706245,
  "50": 0.0005873716735024079,
  "51": 0.00017785686297552454,
  "52": 0.008927806028688886,
  "53": 0.00014427301090017472,
  "54": 0.0009659114092678096,
  "55": 0.0013851596465423509,
  "56": 0.20869470866284695,
  "57": 0.0002271181125374987,
  "58": 0.0011810045523128494,
  "59": 0.003349955290985728,
  "60": 6.768639065095053e-06,
  "61": 0.0005536284771583686,
  "62": 0.00033711174293939774,
  "63": 0.00012051723008554938,
  "64": 0.0003667027197533071,
  "65": 0.0001524085086233652,
  "66": 7.774195552937496e-05,
  "67": 0.00019727758125924277,
  "68": 0.00010913918243956245,
  "69": 0.0002471976741329248,
  "70": 1.6386085071237224e-05,
  "71": 7.992656203028078e-06,
  "72": 0.003667550451804866,
  "73": 0.0018445684152606848,
  "74": 1.1876549996506246e-05,
  "75": 0.0003518629129746942,
  "76": 7.307940551586727e-05,
  "77": 2.0898024266539948e-05,
  "78": 0.00015480967746228048,
  "79": 2.3085008316515493e-06,
  "80": 0.0,
  "81": 0.00033187747563320015,
  "82": 4.9418069547627035e-06,
  "83": 0.0013800952167875057,
  "84": 1.2971156591594028e-05,
  "85": 7.513866577962041e-05,
  "86": 6.988349732645516e-05,
  "87": 0.00016274812008329486,
  "88": 0.00014060206276055633,
  "89": 0.0004239232718371034,
  "90": 0.000251069767156455,
  "91": 1.7207771853729855e-06,
  "92": 2.586912722123757e-06,
  "93": 2.4883424052254054e-05,
  "94": 0.00037122052991261977,
  "95": 0.00016019461108008248,
  "96": 0.0005487740781958502,
  "97": 4.062593499467989e-05,
  "98": 0.0,
  "99": 6.877524396709881e-06,
  "100": 0.004441707347662071,
  "101": 4.847869547819265e-06,
  "102": 0.0,
  "103": 2.586912722123757e-06,
  "104": 4.458367099626398e-05,
  "105": 2.8284476124757007e-05,
  "106": 3.3500714456880804e-05,
  "107": 1.670025891503212e-05,
  "108": 3.4337522014697067e-05,
  "109": 0.04430552206556164,
  "110": 1.7253629187889061e-06,
  "111": 0.0004639755976874792,
  "112": 3.143837876556325e-07,
  "113": 0.0006122643204205569,
  "114": 5.442200360301343e-05,
  "115": 0.027132316487582357,
  "116": 1.2968032555119477e-05,
  "117": 0.0,
  "118": 4.624269469220415e-07,
  "119": 0.00013943209573849614,
  "120": 0.0003953377076034843,
  "121": 1.734531242237973e-06,
  "122": 0.01636567329290847,
  "123": 0.0,
  "124": 2.004875070576147e-05,
  "125": 1.742917628028289e-05,
  "126": 1.2879593881375912e-06,
  "127": 0.00011544345254217286,
  "128": 0.0,
  "129": 4.4177357976438024e-07,
  "130": 0.0,
  "131": 0.0,
  "132": 1.7177183045918312e-05,
  "133": 4.624269469220415e-07,
  "134": 0.0,
  "135": 0.0,
  "136": 3.0767873431238995e-05,
  "137": 0.0,
  "138": 0.0005043049020305432,
  "139": 0.0,
  "140": 0.0,
  "141": 0.00019978153446142426,
  "142": 0.0,
  "143": 6.239227832980332e-05,
  "144": 7.062206064046265e-05,
  "145": 3.020045429955082e-06,
  "146": 6.971360739764721e-05,
  "147": 0.0,
  "148": 0.00011324501032883764,
  "149": 0.026648965231703004,
  "150": 0.0,
  "151": 0.0,
  "152": 0.0,
  "153": 3.920654488990349e-05,
  "154": 2.1907884111767455e-06,
  "155": 0.0,
  "156": 0.00011310493208929832,
  "157": 0.00013147384566586755,
  "158": 0.0,
  "159": 6.167937718037496e-05,
  "160": 0.0005152202074570457,
  "161": 0.0,
  "162": 0.0,
  "163": 0.0,
  "164": 0.0,
  "165": 6.260057805526823e-05,
  "166": 0.0017388495553163138,
  "167": 2.1907884111767455e-06,
  "168": 0.0,
  "169": 0.0,
  "170": 0.044218600712612834,
  "171": 2.1986891318904306e-05,
  "172": 0.0001438730620132076,
  "173": 5.345067726415791e-06,
  "174": 0.0,
  "175": 0.0,
  "176": 0.0,
  "177": 9.145710186345673e-07,
  "178": 0.0,
  "179": 0.002088811310410874,
  "180": 0.0,
  "181": 9.35935449030562e-05,
  "182": 2.875541519699662e-06,
  "183": 4.92895431869766e-05,
  "184": 0.0,
  "185": 0.03308722211017517,
  "186": 0.0,
  "187": 5.3569152608975067e-05,
  "188": 4.404082663469674e-05,
  "189": 0.0,
  "190": 0.00040355658639115786,
  "191": 5.342675976860862e-05,
  "192": 3.3540110963387e-05,
  "193": 0.035833828889080495,
  "194": 0.00014198430660667186,
  "195": 3.320676533001513e-05,
  "196": 0.002972790035354141,
  "197": 2.51507030124506e-06,
  "198": 0.0,
  "199": 0.0031560416929179115,
  "200": 0.0,
  "201": 0.0,
  "202": 0.0,
  "203": 0.0,
  "204": 0.0,
  "205": 0.0,
  "206": 2.6972821857607643e-05,
  "207": 0.0,
  "208": 0.001130272845369524,
  "209": 9.359354490305617e-05,
  "210": 4.328462100884344e-05,
  "211": 7.760904872572566e-06,
  "212": 2.1983577447919784e-06,
  "213": 7.507678112047522e-05,
  "214": 0.0,
  "215": 0.0,
  "216": 0.0,
  "217": 0.0001237112949390161,
  "218": 0.00019721897339096086,
  "219": 0.0,
  "220": 0.0,
  "221": 0.0,
  "222": 0.0,
  "223": 4.527126542241108e-06,
  "224": 9.99195590962946e-05,
  "225": 2.105734972864285e-06,
  "226": 0.0,
  "227": 8.793355369791372e-05,
  "228": 0.00020837684924306378,
  "229": 0.0,
  "230": 0.012573454522074385,
  "231": 0.00023083598231314465,
  "232": 0.0,
  "233": 0.0,
  "234": 0.0,
  "235": 0.0,
  "236": 0.0,
  "237": 0.0,
  "238": 1.33395459439113e-05,
  "239": 0.0,
  "240": 0.0,
  "241": 0.0,
  "242": 0.0025789109739266197,
  "243": 5.7218346911803e-06,
  "244": 0.0,
  "245": 0.0,
  "246": 0.0,
  "247": 0.0,
  "248": 5.03014060249012e-06,
  "249": 0.0,
  "250": 0.001026155287414658,
  "251": 0.0,
  "252": 0.0,
  "253": 0.0,
  "254": 0.012388169568661683,
  "255": 0.0,
  "256": 0.0,
  "257": 5.03014060249012e-06,
  "258": 0.0,
  "259": 0.0,
  "260": 0.00019186502318428833,
  "261": 0.0,
  "262": 0.0,
  "263": 0.0,
  "264": 0.0,
  "265": 0.0,
  "266": 5.6002232041056674e-05,
  "267": 3.018084361494072e-05,
  "268": 1.6096449927968383e-05,
  "269": 0.0,
  "270": 1.0938650454127191e-05,
  "271": 0.0008750765414898696,
  "272": 0.0,
  "273": 0.0,
  "274": 9.263482775066068e-06,
  "275": 4.7612829652813224e-05,
  "276": 0.00018300414430144922,
  "277": 0.0,
  "278": 0.0,
  "279": 0.0,
  "280": 0.0,
  "281": 0.0,
  "282": 3.5948077882412246e-05,
  "283": 0.0,
  "284": 0.0,
  "285": 0.004507005979831148,
  "286": 0.0,
  "287": 0.010980796935235935,
  "288": 9.161431243724816e-05,
  "289": 0.0,
  "290": 0.0,
  "291": 0.0,
  "292": 0.009003951678457316,
  "293": 0.0,
  "294": 1.0659107467181446e-05,
  "295": 0.0,
  "296": 0.0,
  "297": 0.0,
  "298": 0.004507005979831148,
  "299": 0.0,
  "300": 0.006897433419803408,
  "301": 0.0,
  "302": 0.0,
  "303": 0.0,
  "304": 0.0,
  "305": 0.0,
  "306": 0.0,
  "307": 0.0,
  "308": 0.0,
  "309": 0.0,
  "310": 0.0,
  "311": 0.0,
  "312": 0.0,
  "313": 0.004413888496058862,
  "314": 6.64854686705656e-05,
  "315": 0.0,
  "316": 0.0,
  "317": 0.0,