{
  "1": 0.0916702970385663,
  "2": 0.062320577635121215,
  "3": 0.08929144712204465,
  "4": 0.03820380574266889,
  "5": 0.03774897310389787,
  "6": 0.12672873009005206,
  "7": 0.14084757929354189,
  "8": 0.058084537721505666,
  "9": 0.00729135653409561,
  "10": 0.06611199738978449,
  "11": 0.04987584642392438,
  "12": 0.03444015934918656,
  "13": 0.02855564034364283,
  "14": 0.12908955300533975,
  "15": 0.032477101315638066,
  "16": 0.008803535388098827,
  "17": 0.0198869230558808,
  "18": 0.02608059589765287,
  "19": 0.009527387220232374,
  "20": 0.03113341981689688,
  "21": 0.08108690699720233,
  "22": 0.013360357260254392,
  "23": 0.027835250455695064,
  "24": 0.005566912447413971,
  "25": 0.005102094632780129,
  "26": 0.0051564364792947735,
  "27": 0.0014568569682762932,
  "28": 0.010026039533034948,
  "29": 0.0039385727169815804,
  "30": 0.0026046178177520384,
  "31": 0.0022669396872578656,
  "32": 0.014615452785555781,
  "33": 0.020223737626380082,
  "34": 0.017866621766466122,
  "35": 0.0013983583689135563,
  "36": 0.0009444964328059207,
  "37": 0.029929735072781335,
  "38": 0.0026306540491029527,
  "39": 0.0004949336359836442,
  "40": 0.0010610862733012448,
  "41": 0.0018570854972319282,
  "42": 0.002482902743558999,
  "43": 0.001071997520031474,
  "44": 0.001010784254869645,
  "45": 0.0023029091139623852,
  "46": 9.059405197160875e-05,
  "47": 0.00010459645765681701,
  "48": 0.0006678121872302617,
  "49": 0.02779467730182256,
  "50": 0.000521097362910174,
  "51": 0.00022859892401961432,
  "52": 0.009153635224142406,
  "53": 0.00012710572072788305,
  "54": 0.0014396362156341889,
  "55": 0.0006520521669303087,
  "56": 0.20664287833115805,
  "57": 0.00018040742247814288,
  "58": 0.0013875468569638073,
  "59": 0.003137784837793036,
  "60": 3.673296597267014e-06,
  "61": 0.0006485694834563508,
  "62": 0.00038030377413460003,
  "63": 0.00011184576175441678,
  "64": 0.0002584068972018303,
  "65": 0.00018040322702208913,
  "66": 5.977039092042201e-05,
  "67": 0.0002303923397124319,
  "68": 0.00013112239808379483,
  "69": 0.0002780413683150142,
  "70": 1.5483354688825545e-05,
  "71": 1.2477058181709981e-05,
  "72": 0.006959361445996932,
  "73": 0.002130954354232011,
  "74": 5.721183368708393e-06,
  "75": 0.0008633340194117775,
  "76": 9.005262030600426e-05,
  "77": 5.336614826939333e-05,
  "78": 0.00018545590371411746,
  "79": 1.6434795296400702e-06,
  "80": 0.0,
  "81": 0.00020621921082073926,
  "82": 7.61991696376412e-06,
  "83": 0.001234671756909582,
  "84": 1.3935121520308596e-05,
  "85": 8.788406153176352e-05,
  "86": 4.517547196626748e-05,
  "87": 0.00019563661233053898,
  "88": 0.0001719899022378198,
  "89": 0.0003506061031443426,
  "90": 0.00029914866758142146,
  "91": 2.586387996865121e-06,
  "92": 1.284299797444461e-06,
  "93": 2.5437119095300445e-05,
  "94": 0.000452889747217766,
  "95": 0.0001919232731506154,
  "96": 0.0004894234018478051,
  "97": 2.0858164645911026e-05,
  "98": 0.0,
  "99": 7.010883419163941e-06,
  "100": 0.0019776527039540703,
  "101": 2.9800509866996555e-06,
  "102": 0.0,
  "103": 1.284299797444461e-06,
  "104": 5.022255492343117e-05,
  "105": 3.232999723686825e-05,
  "106": 1.623602182054605e-05,
  "107": 1.9124199123542913e-05,
  "108": 3.924845721742753e-05,
  "109": 0.04193639262529419,
  "110": 9.338918124188355e-07,
  "111": 0.00035808874624411024,
  "112": 2.095891917704217e-07,
  "113": 0.0006988151685226796,
  "114": 6.06573160051049e-05,
  "115": 0.031626964051093984,
  "116": 1.249095735442012e-05,
  "117": 0.0,
  "118": 2.439662549708612e-07,
  "119": 0.0003734247637431358,
  "120": 0.0004665324596101229,
  "121": 2.0814374906855676e-06,
  "122": 0.015651371943333842,
  "123": 0.0,
  "124": 2.3296788456030515e-05,
  "125": 9.889148638227458e-06,
  "126": 6.422894586512923e-07,
  "127": 5.057924083827384e-05,
  "128": 0.0,
  "129": 6.670181156934392e-07,
  "130": 0.0,
  "131": 0.0,
  "132": 2.2686569432751744e-05,
  "133": 2.439662549708612e-07,
  "134": 0.0,
  "135": 0.0,
  "136": 3.624690225312669e-05,
  "137": 0.0,
  "138": 0.0006041326396344771,
  "139": 0.0,
  "140": 0.0,
  "141": 0.0003595254783828753,
  "142": 0.0,
  "143": 6.958788932943061e-05,
  "144": 3.387476313262572e-05,
  "145": 9.54386651024766e-07,
  "146": 9.2413205185949e-05,
  "147": 0.0,
  "148": 0.00012320167623979704,
  "149": 0.021714693084541204,
  "150": 0.0,
  "151": 0.0,
  "152": 0.0,
  "153": 4.43033153442114e-05,
  "154": 1.1637579584936768e-06,
  "155": 0.0,
  "156": 0.0001314164036071594,
  "157": 0.00017948923374728134,
  "158": 0.0,
  "159": 5.728390068421628e-05,
  "160": 0.0005964547381321818,
  "161": 0.0,
  "162": 0.0,
  "163": 0.0,
  "164": 0.0,
  "165": 2.9172993129824703e-05,
  "166": 0.0008078601363292925,
  "167": 1.1637579584936768e-06,
  "168": 0.0,
  "169": 0.0,
  "170": 0.03898905096480971,
  "171": 2.227435258010028e-05,
  "172": 0.00011388450068836877,
  "173": 4.750397241846109e-06,
  "174": 0.0,
  "175": 0.0,
  "176": 0.0,
  "177": 1.21942802484609e-06,
  "178": 0.0,
  "179": 0.00250000565373796,
  "180": 0.0,
  "181": 4.088160918002977e-05,
  "182": 6.2100101533111064e-06,
  "183": 5.660525520526648e-05,
  "184": 0.0,
  "185": 0.041491974128734094,
  "186": 0.0,
  "187": 5.9910672114167416e-05,
  "188": 2.1432619841935128e-05,
  "189": 0.0,
  "190": 0.00047644212520184373,
  "191": 0.00014092557214720957,
  "192": 3.075294075368689e-05,
  "193": 0.03260916218037911,
  "194": 0.0001675243132080982,
  "195": 4.741975178451519e-05,
  "196": 0.001431197502881082,
  "197": 1.6767135341633735e-06,
  "198": 0.0,
  "199": 0.0014203471982873386,
  "200": 0.0,
  "201": 0.0,
  "202": 0.0,
  "203": 0.0,
  "204": 0.0,
  "205": 0.0,
  "206": 1.749903853774916e-05,
  "207": 0.0,
  "208": 0.002998782685140574,
  "209": 0.00010929274590367158,
  "210": 4.488893519943452e-05,
  "211": 9.818459717623928e-06,
  "212": 2.434339649600157e-06,
  "213": 8.726318867123862e-05,
  "214": 0.0,
  "215": 0.0,
  "216": 0.0,
  "217": 0.0001346516156176105,
  "218": 0.0002924708918951395,
  "219": 0.0,
  "220": 0.0,
  "221": 0.0,
  "222": 0.0,
  "223": 0.0,
  "224": 8.502511857930811e-05,
  "225": 3.925455653261296e-06,
  "226": 0.0,
  "227": 3.6936148240081404e-05,
  "228": 0.0003406089885645418,
  "229": 0.0,
  "230": 0.008429858367658949,
  "231": 0.0003641220682491077,
  "232": 0.0,
  "233": 0.0,
  "234": 0.0,
  "235": 0.0,
  "236": 0.0,
  "237": 0.0,
  "238": 1.8344965769936194e-05,
  "239": 0.0,
  "240": 0.0,
  "241": 0.0,
  "242": 0.0031782909959217637,
  "243": 1.0980627804377646e-06,
  "244": 0.0,
  "245": 0.0,
  "246": 0.0,
  "247": 0.0,
  "248": 0.0,
  "249": 0.0,
  "250": 0.0004571983916772013,
  "251": 0.0,
  "252": 0.0,
  "253": 0.0,
  "254": 0.011446245465509937,
  "255": 0.0,
  "256": 0.0,
  "257": 3.353427068326747e-06,
  "258": 0.0,
  "259": 0.0,
  "260": 0.0002334870776573459,
  "261": 0.0,
  "262": 0.0,
  "263": 0.0,
  "264": 0.0,
  "265": 0.0,
  "266": 6.796278858475542e-05,
  "267": 2.6827416546613977e-05,
  "268": 1.944987699629513e-05,
  "269": 0.0,
  "270": 1.371856527951851e-05,
  "271": 0.0023421088256811596,
  "272": 0.0,
  "273": 0.0,
  "274": 1.0994696689113484e-05,
  "275": 5.43696371597153e-05,
  "276": 0.00022447849170128897,
  "277": 0.0,
  "278": 0.0,
  "279": 0.0,
  "280": 0.0,
  "281": 0.0,
  "282": 1.4297741923115599e-05,
  "283": 0.0,
  "284": 0.0,
  "285": 0.005338655892776181,
  "286": 0.0,
  "287": 0.009322527249948358,
  "288": 4.483400483409005e-05,
  "289": 0.0,
  "290": 0.0,
  "291": 0.0,
  "292": 0.01065048436900575,
  "293": 0.0,
  "294": 2.634835553685301e-06,
  "295": 0.0,
  "296": 0.0,
  "297": 0.0,
  "298": 0.005338655892776181,
  "299": 0.0,
  "300": 0.0039089245162417805,
  "301": 0.0,
  "302": 0.0,
  "303": 0.0,
  "304": 0.0,
  "305": 0.0,
  "306": 0.0,
  "307": 0.0,
  "308": 0.0,
  "309": 0.0,
  "310": 0.0,
  "311": 0.0,
  "312": 0.0,
  "313": 0.0036358015961801852,
  "314": 8.454082060593092e-05,
  "315": 0.0,
  "316": 0.0,
  "317": 0.0,
  "318": 0.0,
  "319": 0.0,
  "320": 0.0,