{
  "1": 0.09024232000436493,
  "2": 0.059488196874675825,
  "3": 0.0885236905366359,
  "4": 0.042483260000778365,
  "5": 0.035281379113476806,
  "6": 0.13243916316636598,
  "7": 0.13668326073222525,
  "8": 0.05293439524996572,
  "9": 0.010484386312737516,
  "10": 0.06035223115298923,
  "11": 0.04485843159024223,
  "12": 0.03414784666074828,
  "13": 0.03143728294661029,
  "14": 0.13027488963340766,
  "15": 0.02887255778768272,
  "16": 0.00935018795954502,
  "17": 0.020935142920875973,
  "18": 0.022803310359747236,
  "19": 0.008678321325021703,
  "20": 0.026612569802833504,
  "21": 0.08251733821743128,
  "22": 0.012795600944626083,
  "23": 0.026963310801002345,
  "24": 0.006062438518948212,
  "25": 0.005523651458045487,
  "26": 0.005508010009334092,
  "27": 0.001297521719408251,
  "28": 0.010066001245834882,
  "29": 0.004512709080377083,
  "30": 0.0037791661000730037,
  "31": 0.0030246315123288615,
  "32": 0.011209288476006284,
  "33": 0.02462045154700827,
  "34": 0.021093574691374465,
  "35": 0.001752083365996394,
  "36": 0.0008285724659555806,
  "37": 0.033623586374207474,
  "38": 0.0029946070780455386,
  "39": 0.0006483150227574662,
  "40": 0.0009239019104930358,
  "41": 0.0021667709135949724,
  "42": 0.001996602612124446,
  "43": 0.0012011763020627348,
  "44": 0.0013049352654432463,
  "45": 0.002207344849632756,
  "46": 0.00010644959391606263,
  "47": 0.00010804846381072437,
  "48": 0.0007223386501531441,
  "49": 0.02743964556290761,
  "50": 0.0005922503302361375,
  "51": 0.0002655458941012212,
  "52": 0.008547855542291186,
  "53": 0.0002294980647647896,
  "54": 0.0013848896052230087,
  "55": 0.0007154028468541321,
  "56": 0.22016767983816504,
  "57": 0.00016477183278134716,
  "58": 0.0011587131434082128,
  "59": 0.0023300455615020334,
  "60": 4.10328268901369e-06,
  "61": 0.0004387751864429809,
  "62": 0.0003740870390621787,
  "63": 0.00010104683433257069,
  "64": 0.00023545779297434182,
  "65": 0.00014895048167065525,
  "66": 7.872854721330018e-05,
  "67": 0.0001982440451732817,
  "68": 0.00010864127134503996,
  "69": 0.0002496739790278022,
  "70": 1.771504359678503e-05,
  "71": 1.1921293503474742e-05,
  "72": 0.006115079237017942,
  "73": 0.0019157049437363632,
  "74": 1.1638295201634223e-05,
  "75": 0.0007648448133573992,
  "76": 7.203960576528931e-05,
  "77": 4.187472237634475e-05,
  "78": 0.00015426717239797784,
  "79": 2.145742924489171e-06,
  "80": 0.0,
  "81": 0.0003294362218344923,
  "82": 6.590492168309745e-06,
  "83": 0.0008699319013018164,
  "84": 1.3173003109507595e-05,
  "85": 7.492204853310371e-05,
  "86": 7.213902330174884e-05,
  "87": 0.00015574353779623372,
  "88": 6.430112637349002e-05,
  "89": 0.0004245227162365346,
  "90": 0.00023968332260655307,
  "91": 2.055514570260527e-06,
  "92": 2.475131819846198e-06,
  "93": 2.376269754875961e-05,
  "94": 0.0003624332117517346,
  "95": 0.00015927546397818647,
  "96": 0.0005145742531533387,
  "97": 4.009674702579092e-05,
  "98": 0.0,
  "99": 6.977328773743417e-06,
  "100": 0.0019758985873894468,
  "101": 4.04671810500982e-06,
  "102": 0.0,
  "103": 2.475131819846198e-06,
  "104": 2.2552866682661117e-05,
  "105": 2.7841992747107458e-05,
  "106": 3.502695786839397e-05,
  "107": 1.473394152789447e-05,
  "108": 3.3389746493001645e-05,
  "109": 0.04234024337901132,
  "110": 1.7253629187889061e-06,
  "111": 0.0003786370746061763,
  "112": 3.143837876556325e-07,
  "113": 0.0006050084646165242,
  "114": 5.2879603587012246e-05,
  "115": 0.02770146739035458,
  "116": 7.1417187569180054e-06,
  "117": 0.0,
  "118": 4.624269469220415e-07,
  "119": 0.00030226393487395916,
  "120": 0.0004020800601578456,
  "121": 1.387624993790378e-06,
  "122": 0.01884651748636726,
  "123": 0.0,
  "124": 1.9439645179852294e-05,
  "125": 1.939863270148254e-05,
  "126": 1.2879593881375912e-06,
  "127": 0.0001136030998689719,
  "128": 0.0,
  "129": 2.5013179338503965e-07,
  "130": 0.0,
  "131": 0.0,
  "132": 1.716737143151569e-05,
  "133": 4.624269469220415e-07,
  "134": 0.0,
  "135": 0.0,
  "136": 1.1982923847867383e-05,
  "137": 0.0,
  "138": 0.0005107514558474035,
  "139": 0.0,
  "140": 0.0,
  "141": 0.00032525681104460317,
  "142": 0.0,
  "143": 5.921222937798998e-05,
  "144": 7.043219766687732e-05,
  "145": 2.75530118771876e-06,
  "146": 0.00015838638453038277,
  "147": 0.0,
  "148": 0.0002512763648703168,
  "149": 0.024176770890831534,
  "150": 0.0,
  "151": 0.0,
  "152": 0.0,
  "153": 3.9376020399366194e-05,
  "154": 2.399181698482961e-06,
  "155": 0.0,
  "156": 0.00010674743040940526,
  "157": 0.00014980742886450542,
  "158": 0.0,
  "159": 0.00010885031885679144,
  "160": 0.0005059924823499062,
  "161": 0.0,
  "162": 0.0,
  "163": 0.0,
  "164": 0.0,
  "165": 6.337493439316131e-05,
  "166": 0.0017525009935561472,
  "167": 2.399181698482961e-06,
  "168": 0.0,
  "169": 0.0,
  "170": 0.044205941525429907,
  "171": 5.0779789839169427e-05,
  "172": 0.00010639752323763961,
  "173": 4.687596702082753e-06,
  "174": 0.0,
  "175": 0.0,
  "176": 0.0,
  "177": 9.145710186345673e-07,
  "178": 0.0,
  "179": 0.0021191386416680447,
  "180": 0.0,
  "181": 8.52313967870027e-05,
  "182": 5.627128673474898e-06,
  "183": 4.7009397034748926e-05,
  "184": 0.0,
  "185": 0.03416702411161454,
  "186": 0.0,
  "187": 2.367578655570983e-05,
  "188": 4.681985947945681e-05,
  "189": 0.0,
  "190": 0.0003930712250262694,
  "191": 0.00011708465466875561,
  "192": 3.3124343031245034e-05,
  "193": 0.03557243926372154,
  "194": 0.0001428683521014662,
  "195": 7.038396229084112e-05,
  "196": 0.003024578025842299,
  "197": 1.25753515062253e-06,
  "198": 0.0,
  "199": 0.003148196435090874,
  "200": 0.0,
  "201": 0.0,
  "202": 0.0,
  "203": 0.0,
  "204": 0.0,
  "205": 0.0,
  "206": 2.60521248321339e-05,
  "207": 0.0,
  "208": 0.0025310062476129546,
  "209": 8.523139678700265e-05,
  "210": 4.2605952622339915e-05,
  "211": 8.21595699722896e-06,
  "212": 1.6580833837837806e-06,
  "213": 6.853030272620498e-05,
  "214": 0.0,
  "215": 0.0,
  "216": 0.0,
  "217": 0.00012152619945120279,
  "218": 0.00024057351594198011,
  "219": 0.0,
  "220": 0.0,
  "221": 0.0,
  "222": 0.0,
  "223": 7.042196843486168e-06,
  "224": 0.00016293160320885727,
  "225": 4.36929824398484e-06,
  "226": 0.0,
  "227": 8.615685432421312e-05,
  "228": 0.0002882959900349242,
  "229": 0.0,
  "230": 0.012562575697481945,
  "231": 0.0003311126193463013,
  "232": 0.0,
  "233": 0.0,
  "234": 0.0,
  "235": 0.0,
  "236": 0.0,
  "237": 0.0,
  "238": 1.1965930625538997e-05,
  "239": 0.0,
  "240": 0.0,
  "241": 0.0,
  "242": 0.002670061669390321,
  "243": 1.2127841557591066e-06,
  "244": 0.0,
  "245": 0.0,
  "246": 0.0,
  "247": 0.0,
  "248": 5.03014060249012e-06,
  "249": 0.0,
  "250": 0.0004561600396127232,
  "251": 0.0,
  "252": 0.0,
  "253": 0.0,
  "254": 0.011494789228394831,
  "255": 0.0,
  "256": 0.0,
  "257": 5.03014060249012e-06,
  "258": 0.0,
  "259": 0.0,
  "260": 0.0002068356797393185,
  "261": 0.0,
  "262": 0.0,
  "263": 0.0,
  "264": 0.0,
  "265": 0.0,
  "266": 5.684058880813835e-05,
  "267": 1.2575351506225301e-05,
  "268": 1.3581379626723326e-05,
  "269": 0.0,
  "270": 1.1965637493802257e-05,
  "271": 0.0019692928780815386,
  "272": 0.0,
  "273": 0.0,
  "274": 9.358391088320598e-06,
  "275": 4.6171040267667234e-05,
  "276": 0.0001629316032088573,
  "277": 0.0,
  "278": 0.0,
  "279": 0.0,
  "280": 0.0,
  "281": 0.0,
  "282": 3.490101131877036e-05,
  "283": 0.0,
  "284": 0.0,
  "285": 0.004512036120433638,
  "286": 0.0,
  "287": 0.013475746674071037,
  "288": 7.135954249440612e-05,
  "289": 0.0,
  "290": 0.0,
  "291": 0.0,
  "292": 0.008993891397252336,
  "293": 0.0,
  "294": 1.0659107467181446e-05,
  "295": 0.0,
  "296": 0.0,
  "297": 0.0,
  "298": 0.002007026100393558,
  "299": 0.0,
  "300": 0.004532156089331362,
  "301": 0.0,
  "302": 0.0,
  "303": 0.0,
  "304": 0.0,
  "305": 0.0,
  "306": 0.0,
  "307": 0.0,
  "308": 0.0,
  "309": 0.0,
  "310": 0.0,
  "311": 0.0,
  "312": 0.0,
  "313": 0.0044257931621514215,
  "314": 6.937835875744932e-05,
  "315": 0.0,
  "316": 0.0,
  "317": 0.0,