{
  "1": 0.09432294457536383,
  "2": 0.055384194201653636,
  "3": 0.08513475872471671,
  "4": 0.043791682779151284,
  "5": 0.028476873989245127,
  "6": 0.12828150578387132,
  "7": 0.13327968413609192,
  "8": 0.048155793344333384,
  "9": 0.01242781133654815,
  "10": 0.05660456708083241,
  "11": 0.05413112580263341,
  "12": 0.03342382905803676,
  "13": 0.03296844004091238,
  "14": 0.13874531865316309,
  "15": 0.029247691509025366,
  "16": 0.0093208440014438,
  "17": 0.02080423699770716,
  "18": 0.023122552098971152,
  "19": 0.00966637629441167,
  "20": 0.035987769168738415,
  "21": 0.09376150817530576,
  "22": 0.013986891003000003,
  "23": 0.024507679241032195,
  "24": 0.006286097217151629,
  "25": 0.006398638517629123,
  "26": 0.004951480619349006,
  "27": 0.001231629647228521,
  "28": 0.010807784931130148,
  "29": 0.0045240917601040535,
  "30": 0.005176726242945844,
  "31": 0.0034196035729122977,
  "32": 0.014368627799419996,
  "33": 0.020750301075429207,
  "34": 0.019774655912141503,
  "35": 0.0019155293984062717,
  "36": 0.0008356259080485472,
  "37": 0.028473929805822695,
  "38": 0.0024796999315964794,
  "39": 0.0004357348347491531,
  "40": 0.0008991465409163629,
  "41": 0.001632540119531776,
  "42": 0.001069925033135237,
  "43": 0.0009333479781979322,
  "44": 0.0014092011383544049,
  "45": 0.002627108965805134,
  "46": 0.00014362374764323866,
  "47": 9.192384506285531e-05,
  "48": 0.000836660883407379,
  "49": 0.02484092717661465,
  "50": 0.0004873551205238118,
  "51": 0.00021866692299358023,
  "52": 0.009888610106415865,
  "53": 0.00028062105221405567,
  "54": 0.0014862391384083946,
  "55": 0.001647316928000072,
  "56": 0.21002525597374952,
  "57": 0.00019958278215277973,
  "58": 0.0013634665019548922,
  "59": 0.0032316327608066654,
  "60": 3.956567455212627e-06,
  "61": 0.0005025613582138763,
  "62": 0.0003578926195287667,
  "63": 0.00011793203717681475,
  "64": 0.000325888617342485,
  "65": 0.00019128995117036524,
  "66": 4.498964966648919e-05,
  "67": 0.00022339645591790486,
  "68": 0.00013165155135471762,
  "69": 0.0002648320787701672,
  "70": 1.386738334011033e-05,
  "71": 1.2549104101598985e-05,
  "72": 0.007139808445649619,
  "73": 0.0011982829960023574,
  "74": 1.3507421143036817e-05,
  "75": 0.0008747635510648505,
  "76": 8.811374860192089e-05,
  "77": 2.357225765215986e-05,
  "78": 0.00018699807632583597,
  "79": 1.5485544777059533e-06,
  "80": 0.0,
  "81": 0.0003973003787138598,
  "82": 3.174953358807957e-06,
  "83": 0.0012869091164811912,
  "84": 1.323078060550502e-05,
  "85": 8.869619856897824e-05,
  "86": 3.2941819259079524e-05,
  "87": 0.00019440147681981158,
  "88": 7.153160406184863e-05,
  "89": 0.00047350342331220436,
  "90": 0.00030765124815839784,
  "91": 2.5863879968651213e-06,
  "92": 1.189374745510344e-06,
  "93": 2.6601218029935037e-05,
  "94": 0.00036801923211646816,
  "95": 0.00019167668079116368,
  "96": 0.0003630760631909282,
  "97": 4.754487605667649e-05,
  "98": 0.0,
  "99": 6.282613904325304e-06,
  "100": 0.005261289531732212,
  "101": 3.3745718182675073e-06,
  "102": 0.0,
  "103": 1.189374745510344e-06,
  "104": 1.8622675051656974e-05,
  "105": 3.3026627536017066e-05,
  "106": 1.5100978668027326e-05,
  "107": 1.4178380856196724e-05,
  "108": 4.018188758703505e-05,
  "109": 0.0423944907472355,
  "110": 6.422894586512923e-07,
  "111": 0.0006383081959905948,
  "112": 2.095891917704217e-07,
  "113": 0.0002571538478645713,
  "114": 6.236105040986058e-05,
  "115": 0.03180935602831013,
  "116": 1.3029457415392168e-05,
  "117": 0.0,
  "118": 0.0,
  "119": 0.0003677996495822262,
  "120": 0.0004514942948345973,
  "121": 2.312708322983964e-06,
  "122": 0.0154772566076171,
  "123": 0.0,
  "124": 2.2835229156489958e-05,
  "125": 6.917641283724241e-06,
  "126": 6.422894586512923e-07,
  "127": 0.00013027985059352605,
  "128": 0.0,
  "129": 6.670181156934392e-07,
  "130": 0.0,
  "131": 0.0,
  "132": 1.9034095442720995e-05,
  "133": 0.0,
  "134": 0.0,
  "135": 0.0,
  "136": 3.534503036702529e-05,
  "137": 0.0,
  "138": 0.0006004975612941114,
  "139": 0.0,
  "140": 0.0,
  "141": 0.00031961176094630805,
  "142": 0.0,
  "143": 6.62025810355246e-05,
  "144": 8.36218432094076e-05,
  "145": 1.7649616149088142e-06,
  "146": 0.00011626343903349604,
  "147": 0.0,
  "148": 0.00030038190359980903,
  "149": 0.024956115688785835,
  "150": 0.0,
  "151": 0.0,
  "152": 0.0,
  "153": 4.535630888075254e-05,
  "154": 4.927394643541763e-07,
  "155": 0.0,
  "156": 0.00013028782446514433,
  "157": 0.00022623495871629287,
  "158": 0.0,
  "159": 6.015971672539846e-05,
  "160": 0.0006231900635992949,
  "161": 0.0,
  "162": 0.0,
  "163": 0.0,
  "164": 0.0,
  "165": 7.029422743861758e-05,
  "166": 0.0020900960154002983,
  "167": 4.927394643541763e-07,
  "168": 0.0,
  "169": 0.0,
  "170": 0.04054877780038946,
  "171": 1.813192482828433e-05,
  "172": 0.00016633497449102468,
  "173": 6.6205795129155604e-06,
  "174": 0.0,
  "175": 0.0,
  "176": 0.0,
  "177": 0.0,
  "178": 0.0,
  "179": 0.0009850057978895632,
  "180": 0.0,
  "181": 0.00011164864101898106,
  "182": 2.948161167819769e-06,
  "183": 5.36385573025117e-05,
  "184": 0.0,
  "185": 0.03179578672410125,
  "186": 0.0,
  "187": 2.3924409807826217e-05,
  "188": 5.168835014467298e-05,
  "189": 0.0,
  "190": 0.00047538941811822445,
  "191": 0.0001524919607871281,
  "192": 1.6045844127405643e-05,
  "193": 0.034807993038822635,
  "194": 5.2453186180857854e-05,
  "195": 4.830732998866851e-05,
  "196": 0.0035524183739896204,
  "197": 1.6767135341633735e-06,
  "198": 0.0,
  "199": 0.0014104191359666876,
  "200": 0.0,
  "201": 0.0,
  "202": 0.0,
  "203": 0.0,
  "204": 0.0,
  "205": 0.0,
  "206": 3.3012409240431434e-05,
  "207": 0.0,
  "208": 0.0011360424315227497,
  "209": 4.32375042953393e-05,
  "210": 4.626548840395266e-05,
  "211": 1.021722016076801e-05,
  "212": 1.2171698248000785e-06,
  "213": 8.290410051883293e-05,
  "214": 0.0,
  "215": 0.0,
  "216": 0.0,
  "217": 0.00013483757518779622,
  "218": 0.00029106510724596224,
  "219": 0.0,
  "220": 0.0,
  "221": 0.0,
  "222": 0.0,
  "223": 4.694797895657446e-06,
  "224": 0.00019190841620640432,
  "225": 5.21976083752776e-06,
  "226": 0.0,
  "227": 4.5041412917727786e-05,
  "228": 0.00032258386127181476,
  "229": 0.0,
  "230": 0.014934652153496016,
  "231": 0.0004319195581003922,
  "232": 0.0,
  "233": 0.0,
  "234": 0.0,
  "235": 0.0,
  "236": 0.0,
  "237": 0.0,
  "238": 1.6234026423079227e-05,
  "239": 0.0,
  "240": 0.0,
  "241": 0.0,
  "242": 0.0013523628485680986,
  "243": 1.4791340382021679e-06,
  "244": 0.0,
  "245": 0.0,
  "246": 0.0,
  "247": 0.0,
  "248": 6.706854136653494e-06,
  "249": 0.0,
  "250": 0.00043959541746875855,
  "251": 0.0,
  "252": 0.0,
  "253": 0.0,
  "254": 0.014060400316835328,
  "255": 0.0,
  "256": 0.0,
  "257": 6.706854136653494e-06,
  "258": 0.0,
  "259": 0.0,
  "260": 0.00024153530262133006,
  "261": 0.0,
  "262": 0.0,
  "263": 0.0,
  "264": 0.0,
  "265": 0.0,
  "266": 7.355183369863332e-05,
  "267": 1.3413708273306988e-05,
  "268": 8.942472182204659e-06,
  "269": 0.0,
  "270": 1.1930070843077577e-05,
  "271": 0.0008715425733821948,
  "272": 0.0,
  "273": 0.0,
  "274": 1.0953569753369853e-05,
  "275": 5.140293925696053e-05,
  "276": 8.112896926619812e-05,
  "277": 0.0,
  "278": 0.0,
  "279": 0.0,
  "280": 0.0,
  "281": 0.0,
  "282": 1.9080261163450478e-05,
  "283": 0.0,
  "284": 0.0,
  "285": 0.005338655892776181,
  "286": 0.0,
  "287": 0.012649126901728492,
  "288": 9.031881248438152e-05,
  "289": 0.0,
  "290": 0.0,
  "291": 0.0,
  "292": 0.007344005279635576,
  "293": 0.0,
  "294": 7.106071644787631e-06,
  "295": 0.0,
  "296": 0.0,
  "297": 0.0,
  "298": 0.002012056240996048,
  "299": 0.0,
  "300": 0.004335260720630338,
  "301": 0.0,
  "302": 0.0,
  "303": 0.0,
  "304": 0.0,
  "305": 0.0,
  "306": 0.0,
  "307": 0.0,
  "308": 0.0,
  "309": 0.0,
  "310": 0.0,
  "311": 0.0,
  "312": 0.0,
  "313": 0.005257918143931134,
  "314": 8.160354181570334e-05,
  "315": 0.0,
  "316": 0.0,
  "317": 0.0,
  "318": 0.0,
  "319": 0.0,
  "320": 0.0,