{
  "1": 0.08850507573318733,
  "2": 0.05921353645200983,
  "3": 0.09533418808423169,
  "4": 0.03965088095494921,
  "5": 0.034700858710535555,
  "6": 0.13034351487254212,
  "7": 0.13549936034021742,
  "8": 0.05387233004114728,
  "9": 0.009703716022127011,
  "10": 0.05978834298634567,
  "11": 0.05388608780400521,
  "12": 0.03895022083385235,
  "13": 0.03369792695972616,
  "14": 0.12350753103040994,
  "15": 0.028929498717231515,
  "16": 0.008107616366812483,
  "17": 0.02122241878577701,
  "18": 0.023033229103953834,
  "19": 0.008585416153518138,
  "20": 0.028382645360977513,
  "21": 0.08116574442784863,
  "22": 0.01339637294565684,
  "23": 0.02722918521749113,
  "24": 0.005937323190661388,
  "25": 0.005306616068313513,
  "26": 0.005166283774897004,
  "27": 0.0013523039424240485,
  "28": 0.009231989880412461,
  "29": 0.00452931809221775,
  "30": 0.004010138039421549,
  "31": 0.0027699929901066796,
  "32": 0.014270934924914599,
  "33": 0.023467836990981067,
  "34": 0.021655934730585177,
  "35": 0.0015771206831834315,
  "36": 0.0006434626610070249,
  "37": 0.03503339910885164,
  "38": 0.0026515267410017855,
  "39": 0.0007001420374514818,
  "40": 0.0007694475877753061,
  "41": 0.0014413122694534844,
  "42": 0.0021273171902288935,
  "43": 0.001159496222167581,
  "44": 0.0016662517232770653,
  "45": 0.002211074539775309,
  "46": 0.00011486315765505186,
  "47": 8.737382385969279e-05,
  "48": 0.0008805954265779414,
  "49": 0.027438588045103914,
  "50": 0.00046481973251765005,
  "51": 0.00026053825371979863,
  "52": 0.0077999189497408635,
  "53": 0.00025592891118153614,
  "54": 0.0012474641768579402,
  "55": 0.001337257566409014,
  "56": 0.2212878254506121,
  "57": 0.0001948423077869523,
  "58": 0.0005370090779538363,
  "59": 0.003432498384649081,
  "60": 6.768639065095053e-06,
  "61": 0.00036579794978859,
  "62": 0.0002582606835245249,
  "63": 0.00010209880125047315,
  "64": 0.00030538425768497423,
  "65": 0.00015791903918735878,
  "66": 7.942611663348333e-05,
  "67": 0.000111637908582525,
  "68": 0.00010698433726036627,
  "69": 0.00015735517322336095,
  "70": 1.771504359678503e-05,
  "71": 1.2197785362695552e-05,
  "72": 0.005585261585241518,
  "73": 0.0022421864107602433,
  "74": 1.1417795289258137e-05,
  "75": 0.0007745152896538191,
  "76": 3.646142927687623e-05,
  "77": 1.9176870208454318e-05,
  "78": 8.208302596078127e-05,
  "79": 2.1967199293739924e-06,
  "80": 0.0,
  "81": 0.0003028873860598733,
  "82": 6.636555726940608e-06,
  "83": 0.0013639195134417792,
  "84": 1.4250173837224398e-05,
  "85": 7.442552498773152e-05,
  "86": 7.355924968796483e-05,
  "87": 7.282606819485948e-05,
  "88": 0.00014221849079157532,
  "89": 0.00032804718801518267,
  "90": 0.00010677760343360454,
  "91": 1.4685704672234491e-06,
  "92": 2.4725913447944362e-06,
  "93": 4.214126126043264e-05,
  "94": 0.00032764824640196875,
  "95": 0.00016053257033442093,
  "96": 0.0005341448398841586,
  "97": 4.028831750129495e-05,
  "98": 0.0,
  "99": 7.117054901590364e-06,
  "100": 0.0044462373568533555,
  "101": 4.337409804889686e-06,
  "102": 0.0,
  "103": 2.4725913447944362e-06,
  "104": 4.73223108517974e-05,
  "105": 1.5849185031384417e-05,
  "106": 3.437827549938296e-05,
  "107": 3.786955363377043e-05,
  "108": 2.2095092121699115e-05,
  "109": 0.03372365271635293,
  "110": 1.7253629187889061e-06,
  "111": 0.0004886489241547573,
  "112": 3.143837876556325e-07,
  "113": 0.0002679620743193585,
  "114": 2.3676889491511264e-05,
  "115": 0.02696444802438606,
  "116": 1.2624161110613028e-05,
  "117": 0.0,
  "118": 4.624269469220415e-07,
  "119": 0.0003087344278548861,
  "120": 0.00039404593402958587,
  "121": 1.5610781180141753e-06,
  "122": 0.016222818570173683,
  "123": 0.0,
  "124": 1.975066692390388e-05,
  "125": 1.9198339214843875e-05,
  "126": 1.2879593881375912e-06,
  "127": 0.00011133933912395026,
  "128": 0.0,
  "129": 4.053552735155488e-07,
  "130": 0.0,
  "131": 0.0,
  "132": 1.8340427487888882e-05,
  "133": 4.624269469220415e-07,
  "134": 0.0,
  "135": 0.0,
  "136": 3.106230043048124e-05,
  "137": 0.0,
  "138": 0.0004993183412213493,
  "139": 0.0,
  "140": 0.0,
  "141": 0.00030281510047621145,
  "142": 0.0,
  "143": 5.828682759651873e-05,
  "144": 7.078482955085823e-05,
  "145": 2.833743926159152e-06,
  "146": 0.00015666816228636672,
  "147": 0.0,
  "148": 0.00025544117602184355,
  "149": 0.021842528700370872,
  "150": 0.0,
  "151": 0.0,
  "152": 0.0,
  "153": 3.7626234746908776e-05,
  "154": 2.2941809966911586e-06,
  "155": 0.0,
  "156": 4.920425887022415e-05,
  "157": 0.00017925786369520495,
  "158": 0.0,
  "159": 9.678183561181681e-05,
  "160": 0.0005065874644994107,
  "161": 0.0,
  "162": 0.0,
  "163": 0.0,
  "164": 0.0,
  "165": 6.164487088291093e-05,
  "166": 0.0017616054726899235,
  "167": 2.2941809966911586e-06,
  "168": 0.0,
  "169": 0.0,
  "170": 0.04299360578107832,
  "171": 5.063113435647156e-05,
  "172": 0.00010559201322598656,
  "173": 4.176777005837439e-06,
  "174": 0.0,
  "175": 0.0,
  "176": 0.0,
  "177": 9.145710186345673e-07,
  "178": 0.0,
  "179": 0.0009831378206937393,
  "180": 0.0,
  "181": 9.279947689278751e-05,
  "182": 5.7840568701192485e-06,
  "183": 4.6005672092182456e-05,
  "184": 0.0,
  "185": 0.03402972035453627,
  "186": 0.0,
  "187": 5.1388908544359866e-05,
  "188": 4.8280063092546655e-05,
  "189": 0.0,
  "190": 0.00040496743831534046,
  "191": 0.0001149239064359647,
  "192": 3.394291668000202e-05,
  "193": 0.04015429119770484,
  "194": 0.0001456077449539165,
  "195": 5.9468407684240276e-05,
  "196": 0.0030078223140239196,
  "197": 2.51507030124506e-06,
  "198": 0.0,
  "199": 0.0031501365022284346,
  "200": 0.0,
  "201": 0.0,
  "202": 0.0,
  "203": 0.0,
  "204": 0.0,
  "205": 0.0,
  "206": 2.5357810180171135e-05,
  "207": 0.0,
  "208": 0.0025372040739893476,
  "209": 9.279947689278751e-05,
  "210": 4.111300360855916e-05,
  "211": 5.118622672566881e-06,
  "212": 2.012056240996048e-06,
  "213": 7.565547617357081e-05,
  "214": 0.0,
  "215": 0.0,
  "216": 0.0,
  "217": 0.00012366949133662958,
  "218": 0.00014478377485839508,
  "219": 0.0,
  "220": 0.0,
  "221": 0.0,
  "222": 0.0,
  "223": 7.042196843486168e-06,
  "224": 0.00018238461774077212,
  "225": 4.630648329269414e-06,
  "226": 0.0,
  "227": 8.409453296969291e-05,
  "228": 0.00028589252977985637,
  "229": 0.0,
  "230": 0.008034809779337989,
  "231": 0.00037094949212420025,
  "232": 0.0,
  "233": 0.0,
  "234": 0.0,
  "235": 0.0,
  "236": 0.0,
  "237": 0.0,
  "238": 6.75844532232006e-06,
  "239": 0.0,
  "240": 0.0,
  "241": 0.0,
  "242": 0.0013176891778653628,
  "243": 5.931423882950723e-06,
  "244": 0.0,
  "245": 0.0,
  "246": 0.0,
  "247": 0.0,
  "248": 5.03014060249012e-06,
  "249": 0.0,
  "250": 0.0010245129117946454,
  "251": 0.0,
  "252": 0.0,
  "253": 0.0,
  "254": 0.013098530585214638,
  "255": 0.0,
  "256": 0.0,
  "257": 2.51507030124506e-06,
  "258": 0.0,
  "259": 0.0,
  "260": 9.1399396787281e-05,
  "261": 0.0,
  "262": 0.0,
  "263": 0.0,
  "264": 0.0,
  "265": 0.0,
  "266": 5.231346226589725e-05,
  "267": 2.5150703012450603e-05,
  "268": 1.8779191582629783e-05,
  "269": 0.0,
  "270": 2.6678798756085855e-05,
  "271": 0.001961418338170987,
  "272": 0.0,
  "273": 0.0,
  "274": 9.358391088320598e-06,
  "275": 4.5167315325100764e-05,
  "276": 0.0001608791731044411,
  "277": 0.0,
  "278": 0.0,
  "279": 0.0,
  "280": 0.0,
  "281": 0.0,
  "282": 3.467529988147915e-05,
  "283": 0.0,
  "284": 0.0,
  "285": 0.002007026100393558,
  "286": 0.0,
  "287": 0.010980796935235935,
  "288": 7.57000935600516e-05,
  "289": 0.0,
  "290": 0.0,
  "291": 0.0,
  "292": 0.009003951678457316,
  "293": 0.0,
  "294": 1.0659107467181446e-05,
  "295": 0.0,
  "296": 0.0,
  "297": 0.0,
  "298": 0.004507005979831148,
  "299": 0.0,
  "300": 0.006247415141625677,
  "301": 0.0,
  "302": 0.0,
  "303": 0.0,
  "304": 0.0,
  "305": 0.0,
  "306": 0.0,
  "307": 0.0,
  "308": 0.0,
  "309": 0.0,
  "310": 0.0,
  "311": 0.0,
  "312": 0.0,
  "313": 0.003203708526251202,
  "314": 7.061370016897633e-05,
  "315": 0.0,
  "316": 0.0,