{
  "1": 0.0879003166712526,
  "2": 0.06884410787875946,
  "3": 0.0944148374815582,
  "4": 0.03774956727750354,
  "5": 0.03932861959955522,
  "6": 0.1276532864974842,
  "7": 0.14013695815252689,
  "8": 0.04897699267614999,
  "9": 0.013215800664437564,
  "10": 0.06088351358922839,
  "11": 0.04382772494109808,
  "12": 0.027989979237236246,
  "13": 0.040335852371811476,
  "14": 0.1046470436380802,
  "15": 0.03502102106313108,
  "16": 0.007810303844403679,
  "17": 0.02265410762116865,
  "18": 0.022585890213578534,
  "19": 0.0077414841667089816,
  "20": 0.025864863481140792,
  "21": 0.09704109247594875,
  "22": 0.016366668560618414,
  "23": 0.03073184812036263,
  "24": 0.0050494399398411625,
  "25": 0.006848773337209872,
  "26": 0.0046381156776082065,
  "27": 0.0015261434669480308,
  "28": 0.010232785505703262,
  "29": 0.003980256496094954,
  "30": 0.00463693716540232,
  "31": 0.0037091469165286637,
  "32": 0.014836101871768584,
  "33": 0.024078166694869375,
  "34": 0.023295203268595233,
  "35": 0.001354885469893269,
  "36": 0.0007571568120019353,
  "37": 0.01983250032367975,
  "38": 0.0026535867075501004,
  "39": 0.0008366630841368367,
  "40": 0.0011138797990024043,
  "41": 0.0026898174496251793,
  "42": 0.0011597946250289618,
  "43": 0.0015121301625512366,
  "44": 0.000846390601536272,
  "45": 0.001857029595547094,
  "46": 0.00010496394517907576,
  "47": 0.00010896345385436785,
  "48": 0.0007956972974982826,
  "49": 0.020081767052566687,
  "50": 0.0004127063281742607,
  "51": 0.00012720688160628357,
  "52": 0.0057961720615891344,
  "53": 0.0001291168129206122,
  "54": 0.0009520787781960078,
  "55": 0.0007602269290034072,
  "56": 0.21976830926910534,
  "57": 0.00017263702962499374,
  "58": 0.0005095507659261126,
  "59": 0.0026871804102255098,
  "60": 8.301634296330138e-06,
  "61": 0.00024926751950652093,
  "62": 0.00021070540841559715,
  "63": 0.00016660191020682013,
  "64": 0.00033954996024092857,
  "65": 8.336200989881332e-05,
  "66": 0.00012166937317703309,
  "67": 0.0001285020614471281,
  "68": 9.013712922712238e-05,
  "69": 0.00016466331962975968,
  "70": 1.7207156209434436e-05,
  "71": 6.33336487342268e-06,
  "72": 0.0036055141357964012,
  "73": 0.0027130538985798694,
  "74": 5.590981855648643e-06,
  "75": 0.00038648573746497775,
  "76": 3.921836318717194e-05,
  "77": 2.1547072647588597e-05,
  "78": 9.01401108328631e-05,
  "79": 1.3703396875363297e-06,
  "80": 0.0,
  "81": 0.0002687134597403232,
  "82": 1.0708422571127427e-06,
  "83": 0.0011398520396873329,
  "84": 2.3519029402281847e-06,
  "85": 3.563318676490348e-05,
  "86": 8.192330724651151e-05,
  "87": 6.994146354452224e-05,
  "88": 6.601613393706833e-05,
  "89": 0.00048427789029589476,
  "90": 0.00012255112845107005,
  "91": 1.8724318698458837e-06,
  "92": 7.80893640910864e-07,
  "93": 2.1014007401026436e-05,
  "94": 0.00015752732951838472,
  "95": 8.297641077670596e-05,
  "96": 0.0007048877134384255,
  "97": 1.6246733281419007e-05,
  "98": 0.0,
  "99": 7.562020061972406e-06,
  "100": 0.001991114944877897,
  "101": 6.96176863060317e-06,
  "102": 0.0,
  "103": 7.80893640910864e-07,
  "104": 2.2729857287844658e-05,
  "105": 1.894475946275551e-05,
  "106": 5.6387264624329774e-05,
  "107": 2.123702397507745e-05,
  "108": 2.8043658275901815e-05,
  "109": 0.035650308540279944,
  "110": 1.7253629187889061e-06,
  "111": 0.0004842402801003329,
  "112": 6.28767575311265e-07,
  "113": 0.00028029818071305477,
  "114": 2.47781969036044e-05,
  "115": 0.020073303497825636,
  "116": 1.4585303606156805e-05,
  "117": 0.0,
  "118": 5.522508862522222e-07,
  "119": 0.00015471561255017005,
  "120": 0.00017586166810624722,
  "121": 1.7345312422379728e-06,
  "122": 0.018378903399135296,
  "123": 0.0,
  "124": 3.0480606077414875e-05,
  "125": 2.883116276251411e-05,
  "126": 1.2879593881375912e-06,
  "127": 0.0001722396746687156,
  "128": 0.0,
  "129": 8.107105470310976e-07,
  "130": 0.0,
  "131": 0.0,
  "132": 1.1876278646602038e-05,
  "133": 5.522508862522222e-07,
  "134": 0.0,
  "135": 0.0,
  "136": 1.388721455286199e-05,
  "137": 0.0,
  "138": 0.00023985540400113235,
  "139": 0.0,
  "140": 0.0,
  "141": 0.0004300462773090381,
  "142": 0.0,
  "143": 2.444835530079261e-05,
  "144": 0.00010544299738947881,
  "145": 3.5495339144277267e-06,
  "146": 6.877725024939863e-05,
  "147": 0.0,
  "148": 9.905586359049616e-05,
  "149": 0.021633123511579217,
  "150": 0.0,
  "151": 0.0,
  "152": 0.0,
  "153": 1.4107749499596752e-05,
  "154": 4.355996901061432e-06,
  "155": 0.0,
  "156": 0.00016928921796415322,
  "157": 0.00021913218710720728,
  "158": 0.0,
  "159": 8.015074514163653e-05,
  "160": 0.0007828931903257588,
  "161": 0.0,
  "162": 0.0,
  "163": 0.0,
  "164": 0.0,
  "165": 9.839915902279186e-05,
  "166": 0.002691709350714133,
  "167": 4.355996901061432e-06,
  "168": 0.0,
  "169": 0.0,
  "170": 0.04053234600775467,
  "171": 3.254039602377205e-05,
  "172": 0.00017137649834483886,
  "173": 7.081727453887293e-06,
  "174": 0.0,
  "175": 0.0,
  "176": 0.0,
  "177": 9.145710186345673e-07,
  "178": 0.0,
  "179": 0.0009608354190507338,
  "180": 0.0,
  "181": 3.489423854338659e-05,
  "182": 9.278590268946151e-06,
  "183": 2.028761958259508e-05,
  "184": 0.0,
  "185": 0.04251746945485368,
  "186": 0.0,
  "187": 8.000985473684231e-05,
  "188": 2.8023756255909867e-05,
  "189": 0.0,
  "190": 0.00017973443453723903,
  "191": 7.377685601921009e-05,
  "192": 5.019230864267776e-05,
  "193": 0.03797458018221671,
  "194": 0.00022078750713601578,
  "195": 7.220039321301902e-05,
  "196": 0.004636542324666132,
  "197": 2.51507030124506e-06,
  "198": 0.0,
  "199": 0.0013944676320177835,
  "200": 0.0,
  "201": 0.0,
  "202": 0.0,
  "203": 0.0,
  "204": 0.0,
  "205": 0.0,
  "206": 1.2126947299041412e-05,
  "207": 0.0,
  "208": 0.001129724243989157,
  "209": 3.489423854338659e-05,
  "210": 7.178413980717388e-05,
  "211": 7.337512882032176e-06,
  "212": 7.452060151837215e-07,
  "213": 2.5618389212967578e-05,
  "214": 0.0,
  "215": 0.0,
  "216": 0.0,
  "217": 0.0001350513985615568,
  "218": 0.0003826567908296427,
  "219": 0.0,
  "220": 0.0,
  "221": 0.0,
  "222": 0.0,
  "223": 7.042196843486168e-06,
  "224": 8.708256731476979e-05,
  "225": 3.1083689364105617e-06,
  "226": 0.0,
  "227": 0.00012669004304383493,
  "228": 0.00026213552859106457,
  "229": 0.0,
  "230": 0.005628613828617411,
  "231": 0.0005237676354027733,
  "232": 0.0,
  "233": 0.0,
  "234": 0.0,
  "235": 0.0,
  "236": 0.0,
  "237": 0.0,
  "238": 1.2259355494017587e-05,
  "239": 0.0,
  "240": 0.0,
  "241": 0.0,
  "242": 0.0013555790487974483,
  "243": 2.425568311518213e-06,
  "244": 0.0,
  "245": 0.0,
  "246": 0.0,
  "247": 0.0,
  "248": 5.03014060249012e-06,
  "249": 0.0,
  "250": 0.0004608605900120799,
  "251": 0.0,
  "252": 0.0,
  "253": 0.0,
  "254": 0.01304343264778113,
  "255": 0.0,
  "256": 0.0,
  "257": 0.0,
  "258": 0.0,
  "259": 0.0,
  "260": 0.00031337993708517885,
  "261": 0.0,
  "262": 0.0,
  "263": 0.0,
  "264": 0.0,
  "265": 0.0,
  "266": 1.7437820755299085e-05,
  "267": 5.03014060249012e-06,
  "268": 0.0,
  "269": 0.0,
  "270": 3.982194643638011e-06,
  "271": 0.0008756251428702379,
  "272": 0.0,
  "273": 0.0,
  "274": 3.710915048252145e-06,
  "275": 2.028761958259508e-05,
  "276": 8.708256731476979e-05,
  "277": 0.0,
  "278": 0.0,
  "279": 0.0,
  "280": 0.0,
  "281": 0.0,
  "282": 6.128840702044591e-05,
  "283": 0.0,
  "284": 0.0,
  "285": 0.007001955718666248,
  "286": 0.0,
  "287": 0.02091532462515393,
  "288": 7.131715498839542e-05,
  "289": 0.0,
  "290": 0.0,
  "291": 0.0,
  "292": 0.004024112481992096,
  "293": 0.0,
  "294": 1.233582100134482e-05,
  "295": 0.0,
  "296": 0.0,
  "297": 0.0,
  "298": 0.007001955718666248,
  "299": 0.0,
  "300": 0.00538118016296604,
  "301": 0.0,
  "302": 0.0,
  "303": 0.0,
  "304": 0.0,
  "305": 0.0,
  "306": 0.0,
  "307": 0.0,
  "308": 0.0,
  "309": 0.0,
  "310": 0.0,
  "311": 0.0,
  "312": 0.0,
  "313": 0.0019745218108812765,
  "314": 2.933259397637283e-05,
  "315": 0.0,
  "316": 0.0,
  "317": 0.0,
  "318": 0.0,
  "319": 0.0,