{
  "1": 0.08990826096007479,
  "2": 0.05622604538569958,
  "3": 0.09514990420363682,
  "4": 0.03669477021188689,
  "5": 0.029853220764604442,
  "6": 0.12934652334780372,
  "7": 0.13590765211080721,
  "8": 0.05208916730684237,
  "9": 0.011010293262391021,
  "10": 0.0571231877807807,
  "11": 0.05207245805298101,
  "12": 0.035803996255195335,
  "13": 0.03322896758611127,
  "14": 0.13265205160878424,
  "15": 0.028563762187288993,
  "16": 0.007573025751718398,
  "17": 0.018202371915214274,
  "18": 0.021707439776852817,
  "19": 0.007709677368493879,
  "20": 0.024242761547842377,
  "21": 0.08959212938322159,
  "22": 0.00931298119386244,
  "23": 0.03089337346423739,
  "24": 0.005869981429702659,
  "25": 0.005717606693579619,
  "26": 0.004290379871895744,
  "27": 0.0012796342322575712,
  "28": 0.010272447068976415,
  "29": 0.004842781078879263,
  "30": 0.003986574266255682,
  "31": 0.003444241765654342,
  "32": 0.009145198657184115,
  "33": 0.02109076768835522,
  "34": 0.023864075136809854,
  "35": 0.0016626278936286243,
  "36": 0.0005664885180366515,
  "37": 0.03594092406137933,
  "38": 0.00283044389376694,
  "39": 0.0007245093625185514,
  "40": 0.0008713863092742049,
  "41": 0.002482002675916117,
  "42": 0.001326952124299592,
  "43": 0.0011027254681966795,
  "44": 0.00137300858565156,
  "45": 0.0021211684386966898,
  "46": 8.101340106792122e-05,
  "47": 8.37200991254326e-05,
  "48": 0.000836963767495067,
  "49": 0.025125645610532328,
  "50": 0.0005166148593229511,
  "51": 0.00019413070061125847,
  "52": 0.006013572310857138,
  "53": 0.00028715734113389713,
  "54": 0.000808069114019529,
  "55": 0.0016821315516923534,
  "56": 0.22237833873501803,
  "57": 0.0001986335044361834,
  "58": 0.0013804272750002349,
  "59": 0.0025328985449065023,
  "60": 6.707845181519408e-06,
  "61": 0.0005048354273813224,
  "62": 0.0004117711650121449,
  "63": 0.00012911290058991123,
  "64": 0.0002666756623291654,
  "65": 0.00018645576971150263,
  "66": 0.00010077767984857141,
  "67": 0.0001244447182393972,
  "68": 8.445021066208286e-05,
  "69": 0.00017109813062257133,
  "70": 1.3868207724917869e-05,
  "71": 7.470361504266786e-06,
  "72": 0.0036726829079279,
  "73": 0.0014117188335275859,
  "74": 1.4392910289715707e-05,
  "75": 0.0008416313262821694,
  "76": 8.692973936484244e-05,
  "77": 2.148021908337191e-05,
  "78": 9.055509193277602e-05,
  "79": 2.5083143126458665e-06,
  "80": 0.0,
  "81": 0.0003970870700826029,
  "82": 3.94541063405369e-06,
  "83": 0.0009276342273937188,
  "84": 1.34353823994452e-05,
  "85": 3.593505922858991e-05,
  "86": 6.95778571334973e-05,
  "87": 0.00019530171007434263,
  "88": 0.0001750193172628159,
  "89": 0.00023746629148960956,
  "90": 0.00029724834407694907,
  "91": 2.1653916163309008e-06,
  "92": 3.1466988066678075e-06,
  "93": 5.134235430627261e-05,
  "94": 0.0003657514272267039,
  "95": 7.317790303139244e-05,
  "96": 0.0003473571381941953,
  "97": 4.738469564018414e-05,
  "98": 0.0,
  "99": 9.1854409239973e-06,
  "100": 0.005262189220056618,
  "101": 2.3302700842137e-06,
  "102": 0.0,
  "103": 3.1466988066678075e-06,
  "104": 2.073442430925941e-05,
  "105": 1.4449487017682472e-05,
  "106": 4.2153171790206885e-05,
  "107": 4.430284967957658e-05,
  "108": 2.164770075294811e-05,
  "109": 0.046541980512185964,
  "110": 1.867783624837671e-06,
  "111": 0.00035837607890743423,
  "112": 4.191783835408434e-07,
  "113": 0.00028198128134141614,
  "114": 2.4695122583841877e-05,
  "115": 0.027898270514340063,
  "116": 7.353470808171103e-06,
  "117": 0.0,
  "118": 6.121335124723428e-07,
  "119": 0.0003698243244465564,
  "120": 0.00017511949924294058,
  "121": 1.8501666583871712e-06,
  "122": 0.015747320797403503,
  "123": 0.0,
  "124": 2.2857112651530206e-05,
  "125": 2.2816024069150024e-05,
  "126": 1.2845789173025845e-06,
  "127": 0.00013606871820606337,
  "128": 0.0,
  "129": 4.6005347551942697e-07,
  "130": 0.0,
  "131": 0.0,
  "132": 7.475718388732916e-06,
  "133": 6.121335124723428e-07,
  "134": 0.0,
  "135": 0.0,
  "136": 1.4657139404449993e-05,
  "137": 0.0,
  "138": 0.0002297193812676126,
  "139": 0.0,
  "140": 0.0,
  "141": 0.00016827576710620702,
  "142": 0.0,
  "143": 2.5529511805591074e-05,
  "144": 8.166364232869146e-05,
  "145": 2.7193482659335807e-06,
  "146": 0.0001526140262649927,
  "147": 0.0,
  "148": 0.00028755617105886484,
  "149": 0.02166288191048554,
  "150": 0.0,
  "151": 0.0,
  "152": 0.0,
  "153": 1.6790690233546026e-05,
  "154": 3.037429907793141e-06,
  "155": 0.0,
  "156": 0.00013066180534891574,
  "157": 8.862111912957753e-05,
  "158": 0.0,
  "159": 0.00011967137077576998,
  "160": 0.0006137113178713853,
  "161": 0.0,
  "162": 0.0,
  "163": 0.0,
  "164": 0.0,
  "165": 7.485373805844156e-05,
  "166": 0.0007855825488393353,
  "167": 3.037429907793141e-06,
  "168": 0.0,
  "169": 0.0,
  "170": 0.05035688128983153,
  "171": 5.820811064186483e-05,
  "172": 7.586186511160557e-05,
  "173": 5.421645290197562e-06,
  "174": 0.0,
  "175": 0.0,
  "176": 0.0,
  "177": 0.0,
  "178": 0.0,
  "179": 0.0009487556837174012,
  "180": 0.0,
  "181": 0.00011048959539491275,
  "182": 6.268416918572623e-06,
  "183": 2.1164362648535814e-05,
  "184": 0.0,
  "185": 0.041161628555671945,
  "186": 0.0,
  "187": 6.023997353242182e-05,
  "188": 5.392622629978861e-05,
  "189": 0.0,
  "190": 0.0004773108860101341,
  "191": 0.00014818236591085767,
  "192": 4.0062294700643714e-05,
  "193": 0.03505990918674934,
  "194": 6.57571559664821e-05,
  "195": 4.8146033579507945e-05,
  "196": 0.0014686602384423914,
  "197": 1.6767135341633735e-06,
  "198": 0.0,
  "199": 0.001404786632693323,
  "200": 0.0,
  "201": 0.0,
  "202": 0.0,
  "203": 0.0,
  "204": 0.0,
  "205": 0.0,
  "206": 3.191534685744484e-05,
  "207": 0.0,
  "208": 0.003014773166908601,
  "209": 0.00011048959539491278,
  "210": 5.855447245246935e-05,
  "211": 1.0194302404006e-05,
  "212": 2.2107778450450406e-06,
  "213": 8.839717966363351e-05,
  "214": 0.0,
  "215": 0.0,
  "216": 0.0,
  "217": 9.169064682383417e-05,
  "218": 0.00021493295979599207,
  "219": 0.0,
  "220": 0.0,
  "221": 0.0,
  "222": 0.0,
  "223": 8.048224963984193e-06,
  "224": 0.00010802020844133239,
  "225": 6.556606122256128e-06,
  "226": 0.0,
  "227": 4.196320398000867e-05,
  "228": 0.00020577320070442158,
  "229": 0.0,
  "230": 0.012075674030879249,
  "231": 0.00016770333874424904,
  "232": 0.0,
  "233": 0.0,
  "234": 0.0,
  "235": 0.0,
  "236": 0.0,
  "237": 0.0,
  "238": 2.053759116076522e-05,
  "239": 0.0,
  "240": 0.0,
  "241": 0.0,
  "242": 0.001180812867490048,
  "243": 4.626513360395167e-06,
  "244": 0.0,
  "245": 0.0,
  "246": 0.0,
  "247": 0.0,
  "248": 3.353427068326747e-06,
  "249": 0.0,
  "250": 0.0012042176553788875,
  "251": 0.0,
  "252": 0.0,
  "253": 0.0,
  "254": 0.013647688933736612,
  "255": 0.0,
  "256": 0.0,
  "257": 3.353427068326747e-06,
  "258": 0.0,
  "259": 0.0,
  "260": 0.0002450571268930881,
  "261": 0.0,
  "262": 0.0,
  "263": 0.0,
  "264": 0.0,
  "265": 0.0,
  "266": 6.684497956197983e-05,
  "267": 1.006028120498024e-05,
  "268": 9.166033986759775e-06,
  "269": 0.0,
  "270": 7.126032520194338e-06,
  "271": 0.002312704635639825,
  "272": 0.0,
  "273": 0.0,
  "274": 5.6596990804118395e-06,
  "275": 2.1164362648535814e-05,
  "276": 0.00019012572919976405,
  "277": 0.0,
  "278": 0.0,
  "279": 0.0,
  "280": 0.0,
  "281": 0.0,
  "282": 1.5952902681427537e-05,
  "283": 0.0,
  "284": 0.0,
  "285": 0.005338655892776181,
  "286": 0.0,
  "287": 0.012629006339318533,
  "288": 7.889070250741384e-05,
  "289": 0.0,
  "290": 0.0,
  "291": 0.0,
  "292": 0.010663898077279056,
  "293": 0.0,
  "294": 1.1178090227755824e-06,
  "295": 0.0,
  "296": 0.0,
  "297": 0.0,
  "298": 0.005345362746912835,
  "299": 0.0,
  "300": 0.007734897615729677,
  "301": 0.0,
  "302": 0.0,
  "303": 0.0,
  "304": 0.0,
  "305": 0.0,
  "306": 0.0,
  "307": 0.0,
  "308": 0.0,
  "309": 0.0,
  "310": 0.0,
  "311": 0.0,
  "312": 0.0,
  "313": 0.003580757486158651,
  "314": 3.1252343103947744e-05,
  "315": 0.0,
  "316": 0.0,
  "317": 0.0,
  "318": 0.0,