{
  "1": 0.08819035368866013,
  "2": 0.06072053124978953,
  "3": 0.09258806233866396,
  "4": 0.042760060329555656,
  "5": 0.036670555781449635,
  "6": 0.13121127113192482,
  "7": 0.1346362506083315,
  "8": 0.05463999450637694,
  "9": 0.010392447502094086,
  "10": 0.057295584207955136,
  "11": 0.05266488469821075,
  "12": 0.03427310468241194,
  "13": 0.03136519728037047,
  "14": 0.1277139909167185,
  "15": 0.03123280569713278,
  "16": 0.008821919835597596,
  "17": 0.02203576148650689,
  "18": 0.022186497013600086,
  "19": 0.008875243688381055,
  "20": 0.02643062169095765,
  "21": 0.08049028237694533,
  "22": 0.011332674749355856,
  "23": 0.028965549859506338,
  "24": 0.006029467902740505,
  "25": 0.005494103082258179,
  "26": 0.0056766554157821145,
  "27": 0.0013393459918870033,
  "28": 0.011245747632401003,
  "29": 0.004387420742562211,
  "30": 0.004032379809949866,
  "31": 0.002757780209270228,
  "32": 0.014155793004380966,
  "33": 0.023659654905983298,
  "34": 0.021222913545108135,
  "35": 0.0017803580508352294,
  "36": 0.0007002485101854978,
  "37": 0.03513866073518874,
  "38": 0.0027369820869873503,
  "39": 0.0007086227859250609,
  "40": 0.0007708658620270353,
  "41": 0.0018060471623685308,
  "42": 0.0012740652402234627,
  "43": 0.0010453183155702294,
  "44": 0.0017539967442532815,
  "45": 0.002131211414298243,
  "46": 0.00011416980785466054,
  "47": 0.00011599863371270339,
  "48": 0.0009213782536812757,
  "49": 0.022413331951650444,
  "50": 0.00048581895837968405,
  "51": 0.00023361138696311102,
  "52": 0.008276428649669714,
  "53": 0.00014003735792810287,
  "54": 0.0013933479763992807,
  "55": 0.0013434205815852046,
  "56": 0.2115962132798923,
  "57": 0.00013987125311199414,
  "58": 0.001178091174505067,
  "59": 0.0033727953955010005,
  "60": 5.297810902482877e-06,
  "61": 0.00044565531907292904,
  "62": 0.0003453963577633937,
  "63": 0.00010535092224916034,
  "64": 0.00030563836120260125,
  "65": 0.00015734231812714565,
  "66": 7.868963298754822e-05,
  "67": 0.00011434015789920984,
  "68": 0.00011207242439064878,
  "69": 0.0001533794564281336,
  "70": 1.3335130425457113e-05,
  "71": 1.232070079570678e-05,
  "72": 0.006153089955367576,
  "73": 0.0022228008265962164,
  "74": 1.1666886904840058e-05,
  "75": 0.0007431068963606849,
  "76": 7.101355650555825e-05,
  "77": 2.043136662308037e-05,
  "78": 8.232131410877061e-05,
  "79": 2.5884649046635673e-06,
  "80": 0.0,
  "81": 0.0003301075149884236,
  "82": 5.898108108908164e-06,
  "83": 0.0013461544029015192,
  "84": 1.3870405387178845e-05,
  "85": 7.534663128639056e-05,
  "86": 7.396322320998715e-05,
  "87": 0.0001692011794532901,
  "88": 0.00014576423743982789,
  "89": 0.0004242426426250323,
  "90": 0.0002554955253965572,
  "91": 1.9014641233010932e-06,
  "92": 2.6953668118335313e-06,
  "93": 4.146781156004843e-05,
  "94": 0.0003678652252922345,
  "95": 0.00016014230549470597,
  "96": 0.0005145893144437018,
  "97": 1.875712190552826e-05,
  "98": 0.0,
  "99": 6.191596132733956e-06,
  "100": 0.004438958762209322,
  "101": 4.345912239797668e-06,
  "102": 0.0,
  "103": 2.6953668118335313e-06,
  "104": 2.3371200041723787e-05,
  "105": 1.4885030357739621e-05,
  "106": 3.446068192216649e-05,
  "107": 3.697541684242709e-05,
  "108": 2.115274981337445e-05,
  "109": 0.041626073679558145,
  "110": 1.3443985533829221e-06,
  "111": 0.0005230121822658558,
  "112": 0.0,
  "113": 0.0006091261764432401,
  "114": 2.3788232932099065e-05,
  "115": 0.029458141035289986,
  "116": 1.3705254220140517e-05,
  "117": 0.0,
  "118": 4.5910013435425706e-07,
  "119": 0.0003018106834156857,
  "120": 0.00039285173433092614,
  "121": 1.734531242237973e-06,
  "122": 0.01403988900133951,
  "123": 0.0,
  "124": 1.999667309659783e-05,
  "125": 1.9492681914927194e-05,
  "126": 1.1256967880572648e-06,
  "127": 0.0001144071813553064,
  "128": 0.0,
  "129": 4.4177357976438024e-07,
  "130": 0.0,
  "131": 0.0,
  "132": 1.8634871374029066e-05,
  "133": 4.5910013435425706e-07,
  "134": 0.0,
  "135": 0.0,
  "136": 3.0379251371563987e-05,
  "137": 0.0,
  "138": 0.0004993697786233285,
  "139": 0.0,
  "140": 0.0,
  "141": 0.00020854944602022004,
  "142": 0.0,
  "143": 6.067353179838929e-05,
  "144": 6.970858627332423e-05,
  "145": 2.75530118771876e-06,
  "146": 0.00013741128939734625,
  "147": 0.0,
  "148": 0.0002523621612043892,
  "149": 0.024317352432920922,
  "150": 0.0,
  "151": 0.0,
  "152": 0.0,
  "153": 3.769697691048719e-05,
  "154": 2.2521133444579235e-06,
  "155": 0.0,
  "156": 0.00010995641248014659,
  "157": 0.0001250961737431977,
  "158": 0.0,
  "159": 0.00010556477183006506,
  "160": 0.000513802525372018,
  "161": 0.0,
  "162": 0.0,
  "163": 0.0,
  "164": 0.0,
  "165": 6.323950753078656e-05,
  "166": 0.001733850132085766,
  "167": 2.2521133444579235e-06,
  "168": 0.0,
  "169": 0.0,
  "170": 0.04420670802304551,
  "171": 4.9585863900571096e-05,
  "172": 0.0001499865243698023,
  "173": 5.3450677264157914e-06,
  "174": 0.0,
  "175": 0.0,
  "176": 0.0,
  "177": 4.5728550931728367e-07,
  "178": 0.0,
  "179": 0.0021290616104495484,
  "180": 0.0,
  "181": 9.187954082438302e-05,
  "182": 5.694171512710893e-06,
  "183": 4.772798854939036e-05,
  "184": 0.0,
  "185": 0.030834913460147603,
  "186": 0.0,
  "187": 5.090720593493208e-05,
  "188": 4.8242155221910496e-05,
  "189": 0.0,
  "190": 0.0003967293616086926,
  "191": 0.0001205295388389458,
  "192": 3.557756256193216e-05,
  "193": 0.03828531095600844,
  "194": 0.00014671698568949828,
  "195": 5.6030647760093344e-05,
  "196": 0.002979988261417407,
  "197": 2.51507030124506e-06,
  "198": 0.0,
  "199": 0.0031640076209302074,
  "200": 0.0,
  "201": 0.0,
  "202": 0.0,
  "203": 0.0,
  "204": 0.0,
  "205": 0.0,
  "206": 2.7683381626922188e-05,
  "207": 0.0,
  "208": 0.0025386686037172004,
  "209": 9.1879540824383e-05,
  "210": 4.003293878655262e-05,
  "211": 8.6028908897282e-06,
  "212": 1.8257547372001177e-06,
  "213": 7.567749987876414e-05,
  "214": 0.0,
  "215": 0.0,
  "216": 0.0,
  "217": 0.00013013717789340997,
  "218": 0.00019061650819037054,
  "219": 0.0,
  "220": 0.0,
  "221": 0.0,
  "222": 0.0,
  "223": 4.527126542241108e-06,
  "224": 0.00017945150096716525,
  "225": 5.049826712810256e-06,
  "226": 0.0,
  "227": 8.824276580421397e-05,
  "228": 0.0002891753773611479,
  "229": 0.0,
  "230": 0.012555656316786753,
  "231": 0.0002285531058253419,
  "232": 0.0,
  "233": 0.0,
  "234": 0.0,
  "235": 0.0,
  "236": 0.0,
  "237": 0.0,
  "238": 1.4355247411721805e-05,
  "239": 0.0,
  "240": 0.0,
  "241": 0.0,
  "242": 0.0025977320218240623,
  "243": 5.751776004290361e-06,
  "244": 0.0,
  "245": 0.0,
  "246": 0.0,
  "247": 0.0,
  "248": 2.51507030124506e-06,
  "249": 0.0,
  "250": 0.0010197204057025573,
  "251": 0.0,
  "252": 0.0,
  "253": 0.0,
  "254": 0.013412802643870972,
  "255": 0.0,
  "256": 0.0,
  "257": 5.03014060249012e-06,
  "258": 0.0,
  "259": 0.0,
  "260": 8.888977036114686e-05,
  "261": 0.0,
  "262": 0.0,
  "263": 0.0,
  "264": 0.0,
  "265": 0.0,
  "266": 5.6505246101305684e-05,
  "267": 1.2575351506225301e-05,
  "268": 1.8779191582629783e-05,
  "269": 0.0,
  "270": 2.1648658153595737e-05,
  "271": 0.001961630521977296,
  "272": 0.0,
  "273": 0.0,
  "274": 6.328874589093594e-06,
  "275": 4.6051275015226985e-05,
  "276": 0.0001794515009671649,
  "277": 0.0,
  "278": 0.0,
  "279": 0.0,
  "280": 0.0,
  "281": 0.0,
  "282": 3.421596222641067e-05,
  "283": 0.0,
  "284": 0.0,
  "285": 0.004512036120433638,
  "286": 0.0,
  "287": 0.010995887357043406,
  "288": 9.8488837927318e-05,
  "289": 0.0,
  "290": 0.0,
  "291": 0.0,
  "292": 0.008993891397252336,
  "293": 0.0,
  "294": 1.0659107467181444e-05,
  "295": 0.0,
  "296": 0.0,
  "297": 0.0,
  "298": 0.004507005979831148,
  "299": 0.0,
  "300": 0.0037145789526220573,
  "301": 0.0,
  "302": 0.0,
  "303": 0.0,
  "304": 0.0,
  "305": 0.0,
  "306": 0.0,
  "307": 0.0,
  "308": 0.0,
  "309": 0.0,
  "310": 0.0,
  "311": 0.0,
  "312": 0.0,
  "313": 0.004425026664535804,
  "314": 6.972945624816097e-05,
  "315": 0.0,
  "316": 0.0,
  "317": 0.0,