{
  "1": 0.09425369511361939,
  "2": 0.056094504730549465,
  "3": 0.10316351091360493,
  "4": 0.03784823214617145,
  "5": 0.031481822822479515,
  "6": 0.14396559630622616,
  "7": 0.1298773661230856,
  "8": 0.0544166792228036,
  "9": 0.010912329728932382,
  "10": 0.0549652160491515,
  "11": 0.04870185064418075,
  "12": 0.037243201243869484,
  "13": 0.030904894831487707,
  "14": 0.129570812135474,
  "15": 0.02784555008743319,
  "16": 0.009340334395395278,
  "17": 0.02158279718115651,
  "18": 0.02376141053202166,
  "19": 0.0077320729372993575,
  "20": 0.026419129264234453,
  "21": 0.08546074510806302,
  "22": 0.01478075682196146,
  "23": 0.027981187167172697,
  "24": 0.005612384651521944,
  "25": 0.004522451442901116,
  "26": 0.005530314114356255,
  "27": 0.001152087084450366,
  "28": 0.008428413083296477,
  "29": 0.00436863913241099,
  "30": 0.0028764990964459955,
  "31": 0.0019324878230325374,
  "32": 0.011066248893885435,
  "33": 0.020562740667542448,
  "34": 0.023742430305357623,
  "35": 0.0018839468020578091,
  "36": 0.0006678283542772625,
  "37": 0.034742375153223724,
  "38": 0.0027947116928177134,
  "39": 0.0007123463546882567,
  "40": 0.001018840890782313,
  "41": 0.0020371060391313933,
  "42": 0.002366951305524387,
  "43": 0.0008330072312280326,
  "44": 0.0019766866276998076,
  "45": 0.002234830510303622,
  "46": 0.00012166917833197632,
  "47": 0.00012511952689880497,
  "48": 0.00108229578796313,
  "49": 0.02553602918251523,
  "50": 0.0005306224769309381,
  "51": 0.00028284986643607046,
  "52": 0.009512813861510969,
  "53": 0.0002923046220925958,
  "54": 0.0013710481840997716,
  "55": 0.001492088446839394,
  "56": 0.2111993786343099,
  "57": 9.969230179450798e-05,
  "58": 0.00139145630036547,
  "59": 0.0032088015079313977,
  "60": 6.156152341246299e-06,
  "61": 0.00025086835892790173,
  "62": 0.00041622119289779494,
  "63": 0.00014053183471739755,
  "64": 0.0004263846427693144,
  "65": 7.635004940497821e-05,
  "66": 5.066803931680377e-05,
  "67": 0.0002407487238623392,
  "68": 7.812249145761795e-05,
  "69": 0.0002948563768145702,
  "70": 1.548417907363308e-05,
  "71": 8.162768110128122e-06,
  "72": 0.003701015502211968,
  "73": 0.0016698556460425797,
  "74": 1.3479235714107324e-05,
  "75": 0.0009100178487693163,
  "76": 7.842531681317191e-05,
  "77": 2.1300620433523316e-05,
  "78": 0.00018694023391426108,
  "79": 1.499215288239119e-06,
  "80": 0.0,
  "81": 0.00038227884236261147,
  "82": 4.783124317728608e-06,
  "83": 0.0012844019364628824,
  "84": 9.849739161002384e-06,
  "85": 3.6031771399771955e-05,
  "86": 3.832101554976561e-05,
  "87": 0.00019648331674531632,
  "88": 0.00017069386280944322,
  "89": 0.000491808640472356,
  "90": 0.0003001636569233678,
  "91": 1.8480330209639545e-06,
  "92": 1.169828273835485e-06,
  "93": 2.4872350051279818e-05,
  "94": 0.0003621746572898787,
  "95": 0.00018856946369729915,
  "96": 0.0004114806766771058,
  "97": 1.7333857971199906e-05,
  "98": 0.0,
  "99": 7.685669248702309e-06,
  "100": 0.005267280316399534,
  "101": 4.512201122902367e-06,
  "102": 0.0,
  "103": 1.169828273835485e-06,
  "104": 2.2988582241490763e-05,
  "105": 3.0043757265441417e-05,
  "106": 1.5245295798712571e-05,
  "107": 1.4743393604818947e-05,
  "108": 3.6009352270364084e-05,
  "109": 0.03992365225264511,
  "110": 1.867783624837671e-06,
  "111": 0.00045078717184955766,
  "112": 0.0,
  "113": 0.0007492530993969967,
  "114": 6.547692841482368e-05,
  "115": 0.03125434140752253,
  "116": 5.398518099314772e-06,
  "117": 0.0,
  "118": 1.1976525244024096e-07,
  "119": 0.00037064243283893404,
  "120": 0.000464575284058531,
  "121": 1.8501666583871708e-06,
  "122": 0.012297974938674494,
  "123": 0.0,
  "124": 2.038738193509826e-05,
  "125": 8.364833333593354e-06,
  "126": 1.2845789173025845e-06,
  "127": 5.437627795956195e-05,
  "128": 0.0,
  "129": 4.1149573385431836e-07,
  "130": 0.0,
  "131": 0.0,
  "132": 6.902059593242136e-06,
  "133": 1.1976525244024096e-07,
  "134": 0.0,
  "135": 0.0,
  "136": 4.024586622590916e-05,
  "137": 0.0,
  "138": 0.0005956873408173483,
  "139": 0.0,
  "140": 0.0,
  "141": 0.0003125753483509439,
  "142": 0.0,
  "143": 7.009654235943014e-05,
  "144": 3.586838964899625e-05,
  "145": 1.307378974006529e-06,
  "146": 0.00019801471391500068,
  "147": 0.0,
  "148": 0.00030272031800067004,
  "149": 0.024941447711686972,
  "150": 0.0,
  "151": 0.0,
  "152": 0.0,
  "153": 4.915506983241907e-05,
  "154": 7.946819032126691e-07,
  "155": 0.0,
  "156": 0.00012986625340624889,
  "157": 0.00019615802105668468,
  "158": 0.0,
  "159": 0.0001146255586303211,
  "160": 0.0006247278525346175,
  "161": 0.0,
  "162": 0.0,
  "163": 0.0,
  "164": 0.0,
  "165": 2.5413217001998766e-05,
  "166": 0.0007976280191336429,
  "167": 7.946819032126691e-07,
  "168": 0.0,
  "169": 0.0,
  "170": 0.03893070133382082,
  "171": 5.290374495329953e-05,
  "172": 0.00010541386819507577,
  "173": 2.631609408999109e-06,
  "174": 0.0,
  "175": 0.0,
  "176": 0.0,
  "177": 6.09714012423045e-07,
  "178": 0.0,
  "179": 0.002494650864087631,
  "180": 0.0,
  "181": 0.00011522921644487718,
  "182": 2.598159845187161e-06,
  "183": 5.563116448541918e-05,
  "184": 0.0,
  "185": 0.03914735053441799,
  "186": 0.0,
  "187": 6.738052957677362e-05,
  "188": 5.236600889988747e-05,
  "189": 0.0,
  "190": 0.0001883284643953452,
  "191": 0.0001411637626212935,
  "192": 3.189474942149815e-05,
  "193": 0.038219295278334814,
  "194": 6.0508584369363775e-05,
  "195": 5.710106988119912e-05,
  "196": 0.001419313077146236,
  "197": 3.353427068326747e-06,
  "198": 0.0,
  "199": 0.003740146919142385,
  "200": 0.0,
  "201": 0.0,
  "202": 0.0,
  "203": 0.0,
  "204": 0.0,
  "205": 0.0,
  "206": 3.185472037866887e-05,
  "207": 0.0,
  "208": 0.001137471779495385,
  "209": 4.6818079721235416e-05,
  "210": 5.09368034785821e-05,
  "211": 8.200634363384616e-06,
  "212": 4.968040101224811e-07,
  "213": 9.305886615187084e-05,
  "214": 0.0,
  "215": 0.0,
  "216": 0.0,
  "217": 0.00010624293556829982,
  "218": 0.0002691337892353814,
  "219": 0.0,
  "220": 0.0,
  "221": 0.0,
  "222": 0.0,
  "223": 4.694797895657446e-06,
  "224": 0.00022433551880689232,
  "225": 5.391731456416311e-06,
  "226": 0.0,
  "227": 3.884350061644409e-05,
  "228": 0.00024166635244477215,
  "229": 0.0,
  "230": 0.014869176581447423,
  "231": 0.00040889324270823753,
  "232": 0.0,
  "233": 0.0,
  "234": 0.0,
  "235": 0.0,
  "236": 0.0,
  "237": 0.0,
  "238": 8.452355918372287e-06,
  "239": 0.0,
  "240": 0.0,
  "241": 0.0,
  "242": 0.0031238719213627845,
  "243": 4.042594340433184e-06,
  "244": 0.0,
  "245": 0.0,
  "246": 0.0,
  "247": 0.0,
  "248": 0.0,
  "249": 0.0,
  "250": 0.0012178539205049599,
  "251": 0.0,
  "252": 0.0,
  "253": 0.0,
  "254": 0.011804347966690186,
  "255": 0.0,
  "256": 0.0,
  "257": 3.353427068326747e-06,
  "258": 0.0,
  "259": 0.0,
  "260": 0.00023272929024190583,
  "261": 0.0,
  "262": 0.0,
  "263": 0.0,
  "264": 0.0,
  "265": 0.0,
  "266": 6.908059760753099e-05,
  "267": 3.353427068326747e-05,
  "268": 1.2519461055086521e-05,
  "269": 0.0,
  "270": 2.9169734544339177e-05,
  "271": 0.0008701132254095597,
  "272": 0.0,
  "273": 0.0,
  "274": 5.2684659224403854e-06,
  "275": 5.339554643986801e-05,
  "276": 0.0001956615926251178,
  "277": 0.0,
  "278": 0.0,
  "279": 0.0,
  "280": 0.0,
  "281": 0.0,
  "282": 1.5926217585393106e-05,
  "283": 0.0,
  "284": 0.0,
  "285": 0.002005349386859395,
  "286": 0.0,
  "287": 0.01595560599109867,
  "288": 8.206769109273385e-05,
  "289": 0.0,
  "290": 0.0,
  "291": 0.0,
  "292": 0.01065048436900575,
  "293": 0.0,
  "294": 2.634835553685301e-06,
  "295": 0.0,
  "296": 0.0,
  "297": 0.0,
  "298": 0.005338655892776181,
  "299": 0.0,
  "300": 0.005062405527866276,
  "301": 0.0,
  "302": 0.0,
  "303": 0.0,
  "304": 0.0,
  "305": 0.0,
  "306": 0.0,
  "307": 0.0,
  "308": 0.0,
  "309": 0.0,
  "310": 0.0,
  "311": 0.0,
  "312": 0.0,
  "313": 0.003631665702795916,
  "314": 8.364190010694423e-05,
  "315": 0.0,
  "316": 0.0,
  "317": 0.0,
  "318": 0.0,
  "319": 0.0,
  "320": 0.0,