{
  "1": 0.08094931133688495,
  "2": 0.07638226675692883,
  "3": 0.09407092064585545,
  "4": 0.04836892946634156,
  "5": 0.03906859343411546,
  "6": 0.14681622441222125,
  "7": 0.14438338827544336,
  "8": 0.0699806257055197,
  "9": 0.008278430595483808,
  "10": 0.041085786568105964,
  "11": 0.04823267021526383,
  "12": 0.038258446957743095,
  "13": 0.021826681647742728,
  "14": 0.11622507795935891,
  "15": 0.02863199364099207,
  "16": 0.00938257666395797,
  "17": 0.024617683398753327,
  "18": 0.027014366335267364,
  "19": 0.007981351016990157,
  "20": 0.030166241961026154,
  "21": 0.06337292508042204,
  "22": 0.01379872979816841,
  "23": 0.021797746449839634,
  "24": 0.005113428321799829,
  "25": 0.00486104570550538,
  "26": 0.007537836207769195,
  "27": 0.0014961696649960464,
  "28": 0.01099298324739788,
  "29": 0.003881527205391518,
  "30": 0.0017671736924074488,
  "31": 0.002316542386659228,
  "32": 0.013322677001335251,
  "33": 0.03169892143902316,
  "34": 0.015431379022875,
  "35": 0.0014331426098414693,
  "36": 0.00066687028884252,
  "37": 0.020172240885029228,
  "38": 0.003272157913699327,
  "39": 0.0010459274234979083,
  "40": 0.0006478021131315403,
  "41": 0.002407045699443233,
  "42": 0.0016163067354366136,
  "43": 0.0011053488115570706,
  "44": 0.0009172053847351821,
  "45": 0.0009824592849796382,
  "46": 5.72919591604423e-05,
  "47": 5.56322133637594e-05,
  "48": 0.0010214453405081728,
  "49": 0.024889270281572395,
  "50": 0.0009073199339493131,
  "51": 0.00026966149270923775,
  "52": 0.00717472258102803,
  "53": 0.0006231921534815877,
  "54": 0.0017337223674101089,
  "55": 0.0035258420468805393,
  "56": 0.2047058197806406,
  "57": 0.0002228120036561168,
  "58": 0.0006080410843822304,
  "59": 0.0036998117179935642,
  "60": 3.9545713676719565e-06,
  "61": 0.0002488115983379899,
  "62": 0.0001677937490328379,
  "63": 9.095308941186796e-05,
  "64": 0.00019025451160347266,
  "65": 5.55611436910103e-05,
  "66": 2.9855766492631997e-05,
  "67": 9.287888149074471e-05,
  "68": 3.680498914859696e-05,
  "69": 0.00012269866820494143,
  "70": 9.695828092291278e-06,
  "71": 1.0542334754275864e-05,
  "72": 0.004118234560283291,
  "73": 0.0012782664771442348,
  "74": 5.4378035217567945e-06,
  "75": 0.0005728243424874107,
  "76": 3.486084902463517e-05,
  "77": 0.00011144534498062259,
  "78": 5.8155866621302214e-05,
  "79": 1.1790223740228166e-06,
  "80": 0.0,
  "81": 0.00017101786488264866,
  "82": 4.283369028450972e-06,
  "83": 0.0016324347642902033,
  "84": 1.4367992051883836e-05,
  "85": 2.4672342384282855e-05,
  "86": 3.2474280914657815e-05,
  "87": 8.937984182026584e-05,
  "88": 0.00035657810591301916,
  "89": 0.0006586508909306223,
  "90": 0.00010242844753613378,
  "91": 0.0,
  "92": 1.1790223740228166e-06,
  "93": 1.2716370903292136e-05,
  "94": 0.0004272579205251463,
  "95": 0.00043441441675431714,
  "96": 0.0005436902849809682,
  "97": 2.1755812926443742e-05,
  "98": 0.0,
  "99": 1.0811726983448992e-05,
  "100": 0.0019794432084103177,
  "101": 1.0589769689452884e-06,
  "102": 0.0,
  "103": 1.1790223740228166e-06,
  "104": 2.7740317317846836e-05,
  "105": 1.703109767619024e-05,
  "106": 1.5801526599748857e-05,
  "107": 2.840778999398686e-05,
  "108": 2.1009589987320546e-05,
  "109": 0.04819251620457749,
  "110": 0.0,
  "111": 0.00021285581229629568,
  "112": 6.28767575311265e-07,
  "113": 0.0002515548533551566,
  "114": 2.9623968114446703e-05,
  "115": 0.014457256768610769,
  "116": 7.318987649125837e-07,
  "117": 0.0,
  "118": 7.318987649125837e-07,
  "119": 0.0008320155986732088,
  "120": 0.00021494023707642297,
  "121": 6.93812496895189e-07,
  "122": 0.019183721045307012,
  "123": 0.0,
  "124": 1.1557049271485744e-05,
  "125": 9.752862611657765e-06,
  "126": 0.0,
  "127": 5.054828612851444e-05,
  "128": 0.0,
  "129": 0.0,
  "130": 0.0,
  "131": 0.0,
  "132": 5.53285101384942e-05,
  "133": 7.318987649125837e-07,
  "134": 0.0,
  "135": 0.0,
  "136": 8.256722334274555e-05,
  "137": 0.0,
  "138": 0.00021683168550487185,
  "139": 0.0,
  "140": 0.0,
  "141": 0.00030920094195835873,
  "142": 0.0,
  "143": 3.5872062445534595e-05,
  "144": 2.6834039237394286e-05,
  "145": 2.1179539378905768e-06,
  "146": 0.00015328556870451135,
  "147": 0.0,
  "148": 0.00015016929212421056,
  "149": 0.012005604247316589,
  "150": 0.0,
  "151": 0.0,
  "152": 0.0,
  "153": 2.060555344106243e-05,
  "154": 2.0390615157350924e-06,
  "155": 0.0,
  "156": 4.926266653229981e-05,
  "157": 8.96473674803815e-05,
  "158": 0.0,
  "159": 9.312809822675463e-05,
  "160": 0.00019452823890812383,
  "161": 0.0,
  "162": 0.0,
  "163": 0.0,
  "164": 0.0,
  "165": 3.063556073189798e-05,
  "166": 0.000746857983891397,
  "167": 2.0390615157350924e-06,
  "168": 0.0,
  "169": 0.0,
  "170": 0.055087225512413254,
  "171": 4.035444705148094e-05,
  "172": 8.791579430784363e-05,
  "173": 2.3247844501620652e-06,
  "174": 0.0,
  "175": 0.0,
  "176": 0.0,
  "177": 0.0,
  "178": 0.0,
  "179": 0.0009172163109963905,
  "180": 0.0,
  "181": 4.128400378732367e-05,
  "182": 2.11833972185012e-06,
  "183": 2.7062954876413118e-05,
  "184": 0.0,
  "185": 0.028519585655153248,
  "186": 0.0,
  "187": 3.0574589330655676e-05,
  "188": 3.7984322160265696e-05,
  "189": 0.0,
  "190": 0.00018147271520910517,
  "191": 0.00029632146284739604,
  "192": 1.3776056254878707e-05,
  "193": 0.029301061279975234,
  "194": 7.518650295735809e-05,
  "195": 9.107799692943497e-05,
  "196": 0.0014780259744451316,
  "197": 5.03014060249012e-06,
  "198": 0.0,
  "199": 0.0014108817679191969,
  "200": 0.0,
  "201": 0.0,
  "202": 0.0,
  "203": 0.0,
  "204": 0.0,
  "205": 0.0,
  "206": 1.5411884028635602e-05,
  "207": 0.0,
  "208": 0.0011240383792717368,
  "209": 4.128400378732367e-05,
  "210": 2.6023519786261584e-05,
  "211": 1.5477355699969603e-06,
  "212": 6.706854136653494e-07,
  "213": 0.0001943364137708593,
  "214": 0.0,
  "215": 0.0,
  "216": 0.0,
  "217": 9.485233385870391e-05,
  "218": 0.00012081907965363621,
  "219": 0.0,
  "220": 0.0,
  "221": 0.0,
  "222": 0.0,
  "223": 1.006028120498024e-05,
  "224": 7.927530456109037e-05,
  "225": 0.0,
  "226": 0.0,
  "227": 3.5092670665020185e-05,
  "228": 0.0001698452540204932,
  "229": 0.0,
  "230": 0.005710268511163628,
  "231": 0.00018305103099266405,
  "232": 0.0,
  "233": 0.0,
  "234": 0.0,
  "235": 0.0,
  "236": 0.0,
  "237": 0.0,
  "238": 0.0,
  "239": 0.0,
  "240": 0.0,
  "241": 0.0,
  "242": 0.001162872866570346,
  "243": 1.0465586487431964e-05,
  "244": 0.0,
  "245": 0.0,
  "246": 0.0,
  "247": 0.0,
  "248": 0.0,
  "249": 0.0,
  "250": 0.0004447024376196276,
  "251": 0.0,
  "252": 0.0,
  "253": 0.0,
  "254": 0.016059070455425747,
  "255": 0.0,
  "256": 0.0,
  "257": 0.0,
  "258": 0.0,
  "259": 0.0,
  "260": 6.673319865970227e-05,
  "261": 0.0,
  "262": 0.0,
  "263": 0.0,
  "264": 0.0,
  "265": 0.0,
  "266": 0.00012541817235542033,
  "267": 0.0,
  "268": 0.0,
  "269": 0.0,
  "270": 1.3413708273306987e-05,
  "271": 0.0008746041534510039,
  "272": 0.0,
  "273": 0.0,
  "274": 4.527126542241108e-06,
  "275": 2.3709527808086367e-05,
  "276": 7.927530456109037e-05,
  "277": 0.0,
  "278": 0.0,
  "279": 0.0,
  "280": 0.0,
  "281": 0.0,
  "282": 4.694797895657446e-06,
  "283": 0.0,
  "284": 0.0,
  "285": 0.002012056240996048,
  "286": 0.0,
  "287": 0.015955605991098666,
  "288": 0.00013394123132025583,
  "289": 0.0,
  "290": 0.0,
  "291": 0.0,
  "292": 0.013983790874922535,
  "293": 0.0,
  "294": 2.131821493436289e-05,
  "295": 0.0,
  "296": 0.0,
  "297": 0.0,
  "298": 0.011991855196336446,
  "299": 0.0,
  "300": 0.004312574936917534,
  "301": 0.0,
  "302": 0.0,
  "303": 0.0,
  "304": 0.0,
  "305": 0.0,
  "306": 0.0,
  "307": 0.0,
  "308": 0.0,
  "309": 0.0,
  "310": 0.0,
  "311": 0.0,
  "312": 0.0,
  "313": 0.006833134618826486,
  "314": 3.5659601595248876e-05,
  "315": 0.0,
  "316": 0.0,
  "317": 0.0,
  "318": 0.0,
  "319": 0.0,
  "320": 0.0,
  "321": 0.0,
  "322": 6.036168722988145e-06,
  "323": 0.0,
  "324": 0.0,
  "325": 0.0,
  "326": 0.0,
  "327": 0.0,
  "328": 2.1669170763173606e-05,