{
  "1": 0.08203158223949444,
  "2": 0.061124590035963614,
  "3": 0.0929827375232316,
  "4": 0.039771005074063996,
  "5": 0.030674506710181244,
  "6": 0.1304946012209419,
  "7": 0.140048496859348,
  "8": 0.04754691773189007,
  "9": 0.00857191752475871,
  "10": 0.06398663016088382,
  "11": 0.05196327823932227,
  "12": 0.03759547379178764,
  "13": 0.03138743330615029,
  "14": 0.12841117772977126,
  "15": 0.022793791458523744,
  "16": 0.008095746121956918,
  "17": 0.021147271591609795,
  "18": 0.021717986371614376,
  "19": 0.007532841828066191,
  "20": 0.028114970528400868,
  "21": 0.09670570449114166,
  "22": 0.015215235893543306,
  "23": 0.02810293856337912,
  "24": 0.005251799420399311,
  "25": 0.004806423324457204,
  "26": 0.004977831182424878,
  "27": 0.0015426624349153784,
  "28": 0.01087176944307422,
  "29": 0.004514399672473311,
  "30": 0.0034139417616629603,
  "31": 0.0024552861759843158,
  "32": 0.0112076379296547,
  "33": 0.021403269510482253,
  "34": 0.019774934292339175,
  "35": 0.0014701948678990278,
  "36": 0.0009283079841063995,
  "37": 0.03641535385153193,
  "38": 0.0029395360604440894,
  "39": 0.0008323261783522974,
  "40": 0.0007207551999531187,
  "41": 0.0019220616321824044,
  "42": 0.0011865767650130884,
  "43": 0.0011552628208948241,
  "44": 0.0015667981526746406,
  "45": 0.001370432692239025,
  "46": 0.00011572572916414495,
  "47": 9.71999138214367e-05,
  "48": 0.0008596851530023365,
  "49": 0.03102833509196963,
  "50": 0.0005105289314681122,
  "51": 0.00028593554127988465,
  "52": 0.008474433989432173,
  "53": 0.00026223489928831555,
  "54": 0.00142775806093563,
  "55": 0.0015147645371197977,
  "56": 0.21040342310442162,
  "57": 0.00012009433349197047,
  "58": 0.0005218215343011366,
  "59": 0.0031933834811769444,
  "60": 3.254440163329504e-06,
  "61": 0.0005237819279308915,
  "62": 0.0004460927614913987,
  "63": 0.00012152292346389733,
  "64": 0.000247225393715922,
  "65": 8.485369412580137e-05,
  "66": 0.00010245362787766759,
  "67": 9.957780305957608e-05,
  "68": 6.649558778969466e-05,
  "69": 0.00015462533222196736,
  "70": 2.101211659803991e-05,
  "71": 1.2677148164498182e-05,
  "72": 0.006562729464525996,
  "73": 0.0020340989987357463,
  "74": 1.3953477595186257e-05,
  "75": 0.00047793018882856585,
  "76": 9.147078329202119e-05,
  "77": 5.6390165011087904e-05,
  "78": 8.114632285602514e-05,
  "79": 2.7710472026144866e-06,
  "80": 0.0,
  "81": 0.00020905635072076737,
  "82": 8.075855873506454e-06,
  "83": 0.0012719364423000431,
  "84": 1.456607129854894e-05,
  "85": 9.694545070333739e-05,
  "86": 8.677339352737547e-05,
  "87": 7.056407088131806e-05,
  "88": 6.848993930833873e-05,
  "89": 0.0004164124656030512,
  "90": 0.00011641362883163051,
  "91": 2.2049851937227567e-06,
  "92": 3.1715390071739325e-06,
  "93": 2.327756379917151e-05,
  "94": 0.0004471323742459032,
  "95": 0.00019392829380090657,
  "96": 0.0006383417512071988,
  "97": 1.7607825101075245e-05,
  "98": 0.0,
  "99": 1.8763859592843705e-06,
  "100": 0.001979624085074391,
  "101": 2.526148212356956e-06,
  "102": 0.0,
  "103": 3.1715390071739325e-06,
  "104": 2.3455008336258528e-05,
  "105": 1.4787894711346031e-05,
  "106": 4.267406152811274e-05,
  "107": 1.7787725478328627e-05,
  "108": 1.7378835236717377e-05,
  "109": 0.039874560684751745,
  "110": 1.792531404510563e-06,
  "111": 0.000540717155931488,
  "112": 0.0,
  "113": 0.0002614118856763297,
  "114": 2.26395952986003e-05,
  "115": 0.02858720685511918,
  "116": 1.763679196475465e-05,
  "117": 0.0,
  "118": 4.879325099417225e-07,
  "119": 0.00036896090510419064,
  "120": 0.00046378182923105933,
  "121": 6.93812496895189e-07,
  "122": 0.015486537420946819,
  "123": 0.0,
  "124": 9.77936238250482e-06,
  "125": 2.2300202334451392e-05,
  "126": 1.5009290507430199e-06,
  "127": 0.00012955155684499283,
  "128": 0.0,
  "129": 5.404736980207317e-07,
  "130": 0.0,
  "131": 0.0,
  "132": 1.9592218821969613e-05,
  "133": 4.879325099417225e-07,
  "134": 0.0,
  "135": 0.0,
  "136": 3.5804326907912136e-05,
  "137": 0.0,
  "138": 0.0006113824172417845,
  "139": 0.0,
  "140": 0.0,
  "141": 0.00036346691395075677,
  "142": 0.0,
  "143": 2.907292972698213e-05,
  "144": 2.8646524716754625e-05,
  "145": 3.0723405889153437e-06,
  "146": 0.00019413184954950898,
  "147": 0.0,
  "148": 0.0002985105501253028,
  "149": 0.02168175691427012,
  "150": 0.0,
  "151": 0.0,
  "152": 0.0,
  "153": 4.5921692999387736e-05,
  "154": 2.603930700797892e-06,
  "155": 0.0,
  "156": 4.703608478034962e-05,
  "157": 0.00018571671127283368,
  "158": 0.0,
  "159": 0.00012495407950434824,
  "160": 0.0006138912329797277,
  "161": 0.0,
  "162": 0.0,
  "163": 0.0,
  "164": 0.0,
  "165": 7.476314208995481e-05,
  "166": 0.0008264938726509326,
  "167": 2.603930700797892e-06,
  "168": 0.0,
  "169": 0.0,
  "170": 0.0405889710191084,
  "171": 6.277328666797492e-05,
  "172": 0.00010804401066232802,
  "173": 6.3178184019858956e-06,
  "174": 0.0,
  "175": 0.0,
  "176": 0.0,
  "177": 1.21942802484609e-06,
  "178": 0.0,
  "179": 0.0025106556614163424,
  "180": 0.0,
  "181": 3.9678314622367616e-05,
  "182": 6.5284662813051405e-06,
  "183": 2.168559740530992e-05,
  "184": 0.0,
  "185": 0.03749173930400055,
  "186": 0.0,
  "187": 6.36120386167328e-05,
  "188": 2.7211986931401655e-05,
  "189": 0.0,
  "190": 0.0004688691191289922,
  "191": 0.00014878467636386208,
  "192": 3.9894940499071215e-05,
  "193": 0.028298610727838687,
  "194": 0.00017448294549615834,
  "195": 5.830038401319933e-05,
  "196": 0.0014069697096925694,
  "197": 1.6767135341633735e-06,
  "198": 0.0,
  "199": 0.0014104460844370662,
  "200": 0.0,
  "201": 0.0,
  "202": 0.0,
  "203": 0.0,
  "204": 0.0,
  "205": 0.0,
  "206": 1.4327908469661425e-05,
  "207": 0.0,
  "208": 0.0030101441153863318,
  "209": 0.00010808945134600936,
  "210": 4.47003001515121e-05,
  "211": 9.661288994421544e-06,
  "212": 2.4343396496001574e-06,
  "213": 8.637163152672077e-05,
  "214": 0.0,
  "215": 0.0,
  "216": 0.0,
  "217": 0.00011450618094911057,
  "218": 0.00027002235977006543,
  "219": 0.0,
  "220": 0.0,
  "221": 0.0,
  "222": 0.0,
  "223": 8.048224963984193e-06,
  "224": 0.00021220218769548525,
  "225": 2.6311504689948324e-06,
  "226": 0.0,
  "227": 3.659282118308605e-05,
  "228": 0.0003256330686762109,
  "229": 0.0,
  "230": 0.008436641241289773,
  "231": 0.0003918744970955526,
  "232": 0.0,
  "233": 0.0,
  "234": 0.0,
  "235": 0.0,
  "236": 0.0,
  "237": 0.0,
  "238": 8.172903662678392e-06,
  "239": 0.0,
  "240": 0.0,
  "241": 0.0,
  "242": 0.00316720851821399,
  "243": 3.994204339447228e-06,
  "244": 0.0,
  "245": 0.0,
  "246": 0.0,
  "247": 0.0,
  "248": 3.353427068326747e-06,
  "249": 0.0,
  "250": 0.00044992142416809024,
  "251": 0.0,
  "252": 0.0,
  "253": 0.0,
  "254": 0.011933098367190777,
  "255": 0.0,
  "256": 0.0,
  "257": 6.706854136653494e-06,
  "258": 0.0,
  "259": 0.0,
  "260": 0.00023288897724515955,
  "261": 0.0,
  "262": 0.0,
  "263": 0.0,
  "264": 0.0,
  "265": 0.0,
  "266": 6.684497956197983e-05,
  "267": 1.006028120498024e-05,
  "268": 1.944987699629513e-05,
  "269": 0.0,
  "270": 1.6068504702398996e-05,
  "271": 0.0023307473954354016,
  "272": 0.0,
  "273": 0.0,
  "274": 7.447714181937345e-06,
  "275": 2.0567788382534343e-05,
  "276": 0.00021220218769548522,
  "277": 0.0,
  "278": 0.0,
  "279": 0.0,
  "280": 0.0,
  "281": 0.0,
  "282": 4.8427248069335705e-05,
  "283": 0.0,
  "284": 0.0,
  "285": 0.002012056240996048,
  "286": 0.0,
  "287": 0.012629006339318533,
  "288": 8.430330913828501e-05,
  "289": 0.0,
  "290": 0.0,
  "291": 0.0,
  "292": 0.007330591571362269,
  "293": 0.0,
  "294": 1.3254021270053334e-05,
  "295": 0.0,
  "296": 0.0,
  "297": 0.0,
  "298": 0.002012056240996048,
  "299": 0.0,
  "300": 0.008124688608054334,
  "301": 0.0,
  "302": 0.0,
  "303": 0.0,
  "304": 0.0,
  "305": 0.0,
  "306": 0.0,
  "307": 0.0,
  "308": 0.0,
  "309": 0.0,
  "310": 0.0,
  "311": 0.0,
  "312": 0.0,
  "313": 0.00359623115677393,
  "314": 7.826162195561615e-05,
  "315": 0.0,
  "316": 0.0,
  "317": 0.0,