{
  "1": 0.08651844386652022,
  "2": 0.05799953870881727,
  "3": 0.09141266099761548,
  "4": 0.031366865754894835,
  "5": 0.035246084156856455,
  "6": 0.13820511484138023,
  "7": 0.13497692491418192,
  "8": 0.056483321633042,
  "9": 0.010868522675873848,
  "10": 0.06307921633140588,
  "11": 0.04636378345829158,
  "12": 0.030663822234624247,
  "13": 0.029595742157662485,
  "14": 0.1254792467240765,
  "15": 0.026140409983463637,
  "16": 0.008560721993701451,
  "17": 0.020920460482369858,
  "18": 0.020350280290599033,
  "19": 0.008323704440367221,
  "20": 0.02754311423202121,
  "21": 0.09079839599459388,
  "22": 0.013433785640818534,
  "23": 0.0334617188043434,
  "24": 0.005080754526333742,
  "25": 0.006089070080110232,
  "26": 0.0050287495697112425,
  "27": 0.001243341142405197,
  "28": 0.010187316817526527,
  "29": 0.004687214351737177,
  "30": 0.004599362905382307,
  "31": 0.003445222218685098,
  "32": 0.01644047216886269,
  "33": 0.01738599338051915,
  "34": 0.0199144674293788,
  "35": 0.001503796726364543,
  "36": 0.000859899079654857,
  "37": 0.028296949501860822,
  "38": 0.00295261604108442,
  "39": 0.0007016948598347836,
  "40": 0.0009299333496575317,
  "41": 0.0021989935534049523,
  "42": 0.0010647475686203917,
  "43": 0.0012918471146766077,
  "44": 0.0014330152833014996,
  "45": 0.0020850249017049507,
  "46": 9.102511657753043e-05,
  "47": 8.330887719208427e-05,
  "48": 0.0007594179879664356,
  "49": 0.025392800469868658,
  "50": 0.0006153551884071285,
  "51": 0.00025412505574796474,
  "52": 0.0071115773032226935,
  "53": 0.00029131940621358453,
  "54": 0.0012594103846594099,
  "55": 0.0006984682723297699,
  "56": 0.2294404492815145,
  "57": 0.00015105170003770153,
  "58": 0.0013862660132554104,
  "59": 0.0038959978743195295,
  "60": 7.063747869977169e-06,
  "61": 0.000509952706488347,
  "62": 0.000431551850483004,
  "63": 8.654589953231416e-05,
  "64": 0.00022829215769252094,
  "65": 0.00017787261571947647,
  "66": 6.239870333066253e-05,
  "67": 0.0002083787455796943,
  "68": 0.0001019284060219909,
  "69": 0.00024102679090864812,
  "70": 1.5872600198126727e-05,
  "71": 4.853190592729657e-06,
  "72": 0.00351267438000698,
  "73": 0.0026211627485659863,
  "74": 1.3539732552345814e-05,
  "75": 0.00048655771623229053,
  "76": 8.562953304860533e-05,
  "77": 5.2824219244877307e-05,
  "78": 0.00017738008253901613,
  "79": 1.82309328714589e-06,
  "80": 0.0,
  "81": 0.0001842728596003313,
  "82": 6.572919372295587e-06,
  "83": 0.0016128202635051709,
  "84": 9.239268605851375e-06,
  "85": 3.5277053744058196e-05,
  "86": 5.8269178113288604e-05,
  "87": 0.00018778379622075018,
  "88": 6.833423244012504e-05,
  "89": 0.00047993096556797296,
  "90": 0.0002939277332562889,
  "91": 1.8959267662595997e-06,
  "92": 2.7025300763411864e-06,
  "93": 4.070647811409505e-05,
  "94": 0.00042860324369127907,
  "95": 7.294368159519165e-05,
  "96": 0.00035666602733263827,
  "97": 4.841206270155843e-05,
  "98": 0.0,
  "99": 3.6725463906183407e-06,
  "100": 0.0019829455283765906,
  "101": 5.421636502534052e-06,
  "102": 0.0,
  "103": 2.7025300763411864e-06,
  "104": 1.580436499931827e-05,
  "105": 2.8359632092384487e-05,
  "106": 1.7749895087592985e-05,
  "107": 4.193871644034764e-05,
  "108": 3.0018909119012896e-05,
  "109": 0.04878107282647203,
  "110": 1.792531404510563e-06,
  "111": 0.0005220762863262065,
  "112": 4.191783835408434e-07,
  "113": 0.00029057854212970267,
  "114": 6.260180703791899e-05,
  "115": 0.031811881880687315,
  "116": 1.4305117467854584e-05,
  "117": 0.0,
  "118": 6.121335124723428e-07,
  "119": 0.0003599095206242818,
  "120": 0.00018251371314331825,
  "121": 4.625416645967927e-07,
  "122": 0.01908956886796599,
  "123": 0.0,
  "124": 7.116354461720677e-06,
  "125": 8.930602336635709e-06,
  "126": 1.5009290507430199e-06,
  "127": 0.00013002611888413785,
  "128": 0.0,
  "129": 2.045310936803062e-07,
  "130": 0.0,
  "131": 0.0,
  "132": 2.258740736897051e-05,
  "133": 6.121335124723428e-07,
  "134": 0.0,
  "135": 0.0,
  "136": 3.600856043072017e-05,
  "137": 0.0,
  "138": 0.0002405804044515013,
  "139": 0.0,
  "140": 0.0,
  "141": 0.00033995227854895395,
  "142": 0.0,
  "143": 7.240808923175344e-05,
  "144": 8.046404394288753e-05,
  "145": 7.059846459635257e-07,
  "146": 0.00018943041737153873,
  "147": 0.0,
  "148": 0.00011240099859344957,
  "149": 0.02499371326785189,
  "150": 0.0,
  "151": 0.0,
  "152": 0.0,
  "153": 1.9515505571321277e-05,
  "154": 1.052601703485731e-06,
  "155": 0.0,
  "156": 0.00012778492945432127,
  "157": 0.00017665910757765204,
  "158": 0.0,
  "159": 0.00012127444529760224,
  "160": 0.0002415459204504024,
  "161": 0.0,
  "162": 0.0,
  "163": 0.0,
  "164": 0.0,
  "165": 7.33743272133297e-05,
  "166": 0.0008146795693490327,
  "167": 1.052601703485731e-06,
  "168": 0.0,
  "169": 0.0,
  "170": 0.0388619401102198,
  "171": 5.262222429369115e-05,
  "172": 0.00011352814288311592,
  "173": 5.225176660777051e-06,
  "174": 0.0,
  "175": 0.0,
  "176": 0.0,
  "177": 6.09714012423045e-07,
  "178": 0.0,
  "179": 0.0009818641540453043,
  "180": 0.0,
  "181": 0.00010563160222093017,
  "182": 1.891005191016847e-06,
  "183": 5.820304650897563e-05,
  "184": 0.0,
  "185": 0.036177351737056135,
  "186": 0.0,
  "187": 6.406716112527371e-05,
  "188": 2.08649583614381e-05,
  "189": 0.0,
  "190": 0.00017217865745347498,
  "191": 0.00014389526650771767,
  "192": 1.251014418693545e-05,
  "193": 0.03908201269195943,
  "194": 0.00016292027110994208,
  "195": 6.407493485994724e-05,
  "196": 0.0015092093806272492,
  "197": 3.353427068326747e-06,
  "198": 0.0,
  "199": 0.0013683257286197642,
  "200": 0.0,
  "201": 0.0,
  "202": 0.0,
  "203": 0.0,
  "204": 0.0,
  "205": 0.0,
  "206": 1.8459938089358408e-05,
  "207": 0.0,
  "208": 0.0029979489042319418,
  "209": 3.722046549728845e-05,
  "210": 4.825030564251989e-05,
  "211": 8.17332202809128e-06,
  "212": 2.4591798501062815e-06,
  "213": 8.36286249849885e-05,
  "214": 0.0,
  "215": 0.0,
  "216": 0.0,
  "217": 0.00010686612789275145,
  "218": 0.0002734591277161721,
  "219": 0.0,
  "220": 0.0,
  "221": 0.0,
  "222": 0.0,
  "223": 9.389595791314892e-06,
  "224": 6.916628329243006e-05,
  "225": 4.484360164649087e-06,
  "226": 0.0,
  "227": 9.95500270908517e-05,
  "228": 0.00013292202939605463,
  "229": 0.0,
  "230": 0.014828794624298565,
  "231": 0.0003992631066761558,
  "232": 0.0,
  "233": 0.0,
  "234": 0.0,
  "235": 0.0,
  "236": 0.0,
  "237": 0.0,
  "238": 2.0021679304099567e-05,
  "239": 0.0,
  "240": 0.0,
  "241": 0.0,
  "242": 0.0013361374933844091,
  "243": 4.298671103715314e-06,
  "244": 0.0,
  "245": 0.0,
  "246": 0.0,
  "247": 0.0,
  "248": 6.706854136653494e-06,
  "249": 0.0,
  "250": 0.0004648565553576754,
  "251": 0.0,
  "252": 0.0,
  "253": 0.0,
  "254": 0.011356511174937422,
  "255": 0.0,
  "256": 0.0,
  "257": 6.706854136653494e-06,
  "258": 0.0,
  "259": 0.0,
  "260": 0.00025088570251184645,
  "261": 0.0,
  "262": 0.0,
  "263": 0.0,
  "264": 0.0,
  "265": 0.0,
  "266": 6.796278858475541e-05,
  "267": 1.006028120498024e-05,
  "268": 9.166033986759775e-06,
  "269": 0.0,
  "270": 9.24732918841618e-06,
  "271": 0.0023317645163620357,
  "272": 0.0,
  "273": 0.0,
  "274": 7.026953993175593e-06,
  "275": 5.5967428463424464e-05,
  "276": 0.0002086196564144108,
  "277": 0.0,
  "278": 0.0,
  "279": 0.0,
  "280": 0.0,
  "281": 0.0,
  "282": 1.8674627102238394e-05,
  "283": 0.0,
  "284": 0.0,
  "285": 0.002005349386859395,
  "286": 0.0,
  "287": 0.012629006339318533,
  "288": 7.73728931970764e-05,
  "289": 0.0,
  "290": 0.0,
  "291": 0.0,
  "292": 0.00401069877371879,
  "293": 0.0,
  "294": 5.429358110624257e-06,
  "295": 0.0,
  "296": 0.0,
  "297": 0.0,
  "298": 0.005338655892776181,
  "299": 0.0,
  "300": 0.007775852268771349,
  "301": 0.0,
  "302": 0.0,
  "303": 0.0,
  "304": 0.0,
  "305": 0.0,
  "306": 0.0,
  "307": 0.0,
  "308": 0.0,
  "309": 0.0,
  "310": 0.0,
  "311": 0.0,
  "312": 0.0,
  "313": 0.0052545168107618325,
  "314": 3.311848002554339e-05,
  "315": 0.0,
  "316": 0.0,
  "317": 0.0,