{
  "1": 0.091906273044312,
  "2": 0.055943898888087484,
  "3": 0.09730098592910148,
  "4": 0.04361758828869519,
  "5": 0.03322241971029005,
  "6": 0.14631836784646796,
  "7": 0.1289407406167752,
  "8": 0.0533644615800471,
  "9": 0.010064093472868534,
  "10": 0.06567154332454658,
  "11": 0.04887358417013095,
  "12": 0.04663908003797748,
  "13": 0.028026282077380376,
  "14": 0.11794724533029764,
  "15": 0.03191917728852055,
  "16": 0.009249519268957038,
  "17": 0.02021142839423293,
  "18": 0.02105917431114749,
  "19": 0.009558573397428221,
  "20": 0.02917598732406125,
  "21": 0.07994203736758787,
  "22": 0.009646605915897187,
  "23": 0.02815686839074827,
  "24": 0.006071417380067072,
  "25": 0.004755369725357956,
  "26": 0.005606972567218031,
  "27": 0.0015540992198542114,
  "28": 0.008210115001223059,
  "29": 0.0044386077152701485,
  "30": 0.0022662504348460923,
  "31": 0.0019759727250672674,
  "32": 0.010526228886670624,
  "33": 0.017401369436474252,
  "34": 0.01485071479793641,
  "35": 0.0011865572821133518,
  "36": 0.001080944891029916,
  "37": 0.028236133143947538,
  "38": 0.0026880375921995944,
  "39": 0.0005593650078996739,
  "40": 0.0014773928614579383,
  "41": 0.0015550755219680662,
  "42": 0.0027997306217845716,
  "43": 0.0012193931987443953,
  "44": 0.0018094835130016524,
  "45": 0.002510103270435761,
  "46": 0.00018026399872538053,
  "47": 0.00011426247968859112,
  "48": 0.0010169232708467564,
  "49": 0.026175112485779667,
  "50": 0.0006077601738336295,
  "51": 0.000151081094257506,
  "52": 0.005671926975145201,
  "53": 0.00036453049009521274,
  "54": 0.0012377289828261278,
  "55": 0.0007296655915954365,
  "56": 0.20424971556130705,
  "57": 0.0002949202301702661,
  "58": 0.0005031236206546256,
  "59": 0.002981282443752271,
  "60": 5.516193517766968e-06,
  "61": 0.00048345286353586,
  "62": 0.0002824073910872111,
  "63": 0.00020887139716313738,
  "64": 0.00043051671739680357,
  "65": 0.0002482551138514561,
  "66": 4.579256775409032e-05,
  "67": 0.0002888736181888124,
  "68": 9.554400459800517e-05,
  "69": 0.00034444543453616245,
  "70": 1.3375016937989986e-05,
  "71": 2.52266037140964e-06,
  "72": 0.004311124497986715,
  "73": 0.0023879744156345014,
  "74": 1.7248694511368288e-05,
  "75": 0.0010755489666594454,
  "76": 5.341339705165773e-05,
  "77": 2.0067691125683463e-05,
  "78": 0.0002465188926044115,
  "79": 5.828575618758393e-07,
  "80": 0.0,
  "81": 0.00029250896434842975,
  "82": 7.077140117139322e-06,
  "83": 0.0011741714858910267,
  "84": 8.033837754682953e-06,
  "85": 3.148649779955649e-05,
  "86": 3.1362009796475204e-05,
  "87": 0.0002544280365510228,
  "88": 5.617809765870778e-05,
  "89": 0.000191578720937802,
  "90": 0.0003935936813475774,
  "91": 1.6741517928442363e-06,
  "92": 6.318524378741198e-07,
  "93": 3.401469533484131e-05,
  "94": 0.0005927210229820331,
  "95": 0.00024539102597574794,
  "96": 0.0005385493434758779,
  "97": 5.871019275896866e-05,
  "98": 0.0,
  "99": 9.579978609667664e-06,
  "100": 0.006898592297171111,
  "101": 2.2237124135383297e-06,
  "102": 0.0,
  "103": 6.318524378741198e-07,
  "104": 6.69249337259522e-05,
  "105": 4.351585756223455e-05,
  "106": 1.4269810300712933e-05,
  "107": 2.3896655510719784e-05,
  "108": 5.160296441239616e-05,
  "109": 0.03225881421085441,
  "110": 2.162766449440221e-06,
  "111": 0.0002450701789278358,
  "112": 3.143837876556325e-07,
  "113": 0.0002655182968495879,
  "114": 8.565205687166588e-05,
  "115": 0.019957560588053713,
  "116": 1.5939841607439996e-05,
  "117": 0.0,
  "118": 1.7964787866036142e-07,
  "119": 0.00015565980366000703,
  "120": 0.00015911038153237754,
  "121": 2.0814374906855672e-06,
  "122": 0.014035935074559403,
  "123": 0.0,
  "124": 2.7502096600465476e-05,
  "125": 6.8864120211890376e-06,
  "126": 1.2879593881375912e-06,
  "127": 4.8173654933050475e-05,
  "128": 0.0,
  "129": 1.8981662650906114e-07,
  "130": 0.0,
  "131": 0.0,
  "132": 2.7268564223010676e-05,
  "133": 1.7964787866036142e-07,
  "134": 0.0,
  "135": 0.0,
  "136": 5.030254399283143e-05,
  "137": 0.0,
  "138": 0.00020728386146521814,
  "139": 0.0,
  "140": 0.0,
  "141": 0.00020418068254670027,
  "142": 0.0,
  "143": 9.044338501543569e-05,
  "144": 3.618153119581098e-05,
  "145": 1.0589769689452884e-06,
  "146": 0.00010747120569344943,
  "147": 0.0,
  "148": 0.00039657849214187946,
  "149": 0.021847204989091172,
  "150": 0.0,
  "151": 0.0,
  "152": 0.0,
  "153": 6.619335406438506e-05,
  "154": 7.765579335171187e-07,
  "155": 0.0,
  "156": 0.00017155130989216682,
  "157": 7.867565200890199e-05,
  "158": 0.0,
  "159": 5.533276413543888e-05,
  "160": 0.00023713967883854276,
  "161": 0.0,
  "162": 0.0,
  "163": 0.0,
  "164": 0.0,
  "165": 2.6386744184994665e-05,
  "166": 0.0008264444597059449,
  "167": 7.765579335171187e-07,
  "168": 0.0,
  "169": 0.0,
  "170": 0.04304312871296237,
  "171": 1.7646074058586727e-05,
  "172": 0.0001331149209412273,
  "173": 1.660370549465483e-06,
  "174": 0.0,
  "175": 0.0,
  "176": 0.0,
  "177": 0.0,
  "178": 0.0,
  "179": 0.0031889385323407063,
  "180": 0.0,
  "181": 4.353132739600927e-05,
  "182": 8.186718818629349e-06,
  "183": 7.153870264126922e-05,
  "184": 0.0,
  "185": 0.042383721495561626,
  "186": 0.0,
  "187": 3.0373885438620592e-05,
  "188": 2.6294488055408946e-05,
  "189": 0.0,
  "190": 0.0001766469325548401,
  "191": 5.5129229894422916e-05,
  "192": 1.304788995277873e-05,
  "193": 0.023957930276139405,
  "194": 4.471494326203745e-05,
  "195": 3.796490361882841e-05,
  "196": 0.0013534670998813028,
  "197": 2.51507030124506e-06,
  "198": 0.0,
  "199": 0.004883116785506757,
  "200": 0.0,
  "201": 0.0,
  "202": 0.0,
  "203": 0.0,
  "204": 0.0,
  "205": 0.0,
  "206": 1.1785225330315138e-05,
  "207": 0.0,
  "208": 0.0011413150760939735,
  "209": 0.00014614803248147186,
  "210": 1.793145129397533e-05,
  "211": 6.915644008224702e-06,
  "212": 7.452060151837215e-07,
  "213": 0.00011143325103145436,
  "214": 0.0,
  "215": 0.0,
  "216": 0.0,
  "217": 0.00016224311286907526,
  "218": 0.0003239428109914904,
  "219": 0.0,
  "220": 0.0,
  "221": 0.0,
  "222": 0.0,
  "223": 0.0,
  "224": 7.198829438870438e-05,
  "225": 6.991284489209953e-06,
  "226": 0.0,
  "227": 2.8493514524311052e-05,
  "228": 0.00010503036536911383,
  "229": 0.0,
  "230": 0.01055910914535489,
  "231": 0.00017046724092071853,
  "232": 0.0,
  "233": 0.0,
  "234": 0.0,
  "235": 0.0,
  "236": 0.0,
  "237": 0.0,
  "238": 2.1900458315456984e-05,
  "239": 0.0,
  "240": 0.0,
  "241": 0.0,
  "242": 0.003943084709114906,
  "243": 4.4839384663611435e-06,
  "244": 0.0,
  "245": 0.0,
  "246": 0.0,
  "247": 0.0,
  "248": 1.006028120498024e-05,
  "249": 0.0,
  "250": 0.0004477698401839974,
  "251": 0.0,
  "252": 0.0,
  "253": 0.0,
  "254": 0.01307749960011244,
  "255": 0.0,
  "256": 0.0,
  "257": 0.0,
  "258": 0.0,
  "259": 0.0,
  "260": 7.414775656077534e-05,
  "261": 0.0,
  "262": 0.0,
  "263": 0.0,
  "264": 0.0,
  "265": 0.0,
  "266": 1.1736994739143613e-05,
  "267": 1.006028120498024e-05,
  "268": 1.3413708273306987e-05,
  "269": 0.0,
  "270": 1.1188252127962873e-05,
  "271": 0.0008606808836970946,
  "272": 0.0,
  "273": 0.0,
  "274": 3.2467271161527144e-06,
  "275": 6.818527557294246e-05,
  "276": 7.198829438870438e-05,
  "277": 0.0,
  "278": 0.0,
  "279": 0.0,
  "280": 0.0,
  "281": 0.0,
  "282": 1.3628343835211991e-05,
  "283": 0.0,
  "284": 0.0,
  "285": 0.007012015999871228,
  "286": 0.0,
  "287": 0.006036168722988145,
  "288": 6.890775990989174e-05,
  "289": 0.0,
  "290": 0.0,
  "291": 0.0,
  "292": 0.013963670312512574,
  "293": 0.0,
  "294": 1.7126431098954455e-05,
  "295": 0.0,
  "296": 0.0,
  "297": 0.0,
  "298": 0.007012015999871228,
  "299": 0.0,
  "300": 0.008772875760304704,
  "301": 0.0,
  "302": 0.0,
  "303": 0.0,
  "304": 0.0,
  "305": 0.0,
  "306": 0.0,
  "307": 0.0,
  "308": 0.0,
  "309": 0.0,
  "310": 0.0,
  "311": 0.0,
  "312": 0.0,
  "313": 0.004454644611464276,
  "314": 2.866789678200648e-05,
  "315": 0.0,
  "316": 0.0,
  "317": 0.0,
  "318": 0.0,
  "319": 0.0,
  "320": 0.0,