{
  "1": 0.09983516232768512,
  "2": 0.061958317745267555,
  "3": 0.09651146837474191,
  "4": 0.04151834490108874,
  "5": 0.02927003526483695,
  "6": 0.1269223428740805,
  "7": 0.15556770925049976,
  "8": 0.051405666145760524,
  "9": 0.01236187504430987,
  "10": 0.04687309368775595,
  "11": 0.04980986801424908,
  "12": 0.03041966002099309,
  "13": 0.035853938588198055,
  "14": 0.1138033383477783,
  "15": 0.024200606759442737,
  "16": 0.0075429723254848875,
  "17": 0.01828312878057515,
  "18": 0.021715307029340537,
  "19": 0.006659886576230772,
  "20": 0.03180722745388892,
  "21": 0.0946169811182399,
  "22": 0.01294344932367397,
  "23": 0.026405615183421178,
  "24": 0.003980070928856737,
  "25": 0.0037360686319786412,
  "26": 0.004717479034163078,
  "27": 0.001268925730408156,
  "28": 0.010331384121327114,
  "29": 0.004010562654389784,
  "30": 0.00263459562198601,
  "31": 0.0022306520728351386,
  "32": 0.0075587512429840815,
  "33": 0.022037404181913384,
  "34": 0.02755741919512262,
  "35": 0.0023077004302237787,
  "36": 0.0006087202501214722,
  "37": 0.04184147861145098,
  "38": 0.0028794019645824623,
  "39": 0.0003183333801761421,
  "40": 0.0009106076123962126,
  "41": 0.0027058390674015863,
  "42": 0.0028464530774614544,
  "43": 0.0006906210626828504,
  "44": 0.0016396482106883672,
  "45": 0.001236915531534769,
  "46": 0.00014328459952165813,
  "47": 6.149413646728858e-05,
  "48": 0.0005293296490412512,
  "49": 0.02873224203808178,
  "50": 0.0003359463418771604,
  "51": 0.0002803044579237295,
  "52": 0.006663954249296438,
  "53": 0.0001256001357304751,
  "54": 0.0006499083899792075,
  "55": 0.0006238107063423865,
  "56": 0.20650335581201862,
  "57": 0.00011292356708271176,
  "58": 0.0018568525120260355,
  "59": 0.0018465788851599804,
  "60": 4.146195771576343e-06,
  "61": 0.0006422181517378999,
  "62": 0.00023822669993101779,
  "63": 0.0001200922540435095,
  "64": 0.00022181256935110874,
  "65": 7.918664080480062e-05,
  "66": 5.855012935604231e-05,
  "67": 0.000148861560080386,
  "68": 0.000160695273603002,
  "69": 0.000203864851463065,
  "70": 1.772309618794019e-05,
  "71": 1.4241233641897106e-05,
  "72": 0.007836584430857614,
  "73": 0.0030468094142907212,
  "74": 6.781205201247583e-06,
  "75": 0.0004950161615232295,
  "76": 2.854373634670257e-05,
  "77": 6.96871811110557e-05,
  "78": 8.866823173676262e-05,
  "79": 1.2000068840657648e-06,
  "80": 0.0,
  "81": 0.0004402928183717408,
  "82": 3.526452633028648e-06,
  "83": 0.0006017749414082021,
  "84": 1.8152780887894642e-05,
  "85": 3.724007213993257e-05,
  "86": 7.050717010321588e-05,
  "87": 7.847932696698787e-05,
  "88": 7.063605550571283e-05,
  "89": 0.0006087139542422965,
  "90": 0.00011936366656924521,
  "91": 2.2434104014271984e-06,
  "92": 1.5232400129512133e-06,
  "93": 5.832631723283499e-05,
  "94": 0.0004798586444526916,
  "95": 8.222739450001398e-05,
  "96": 0.0006269924183646969,
  "97": 2.184416195799322e-05,
  "98": 0.0,
  "99": 2.8376915315027427e-06,
  "100": 0.0019740738447938007,
  "101": 6.797526582056116e-06,
  "102": 0.0,
  "103": 1.5232400129512133e-06,
  "104": 2.6023402142017248e-05,
  "105": 1.6758882189204362e-05,
  "106": 1.4471434661221649e-05,
  "107": 5.6517117003516265e-05,
  "108": 2.566065459355853e-05,
  "109": 0.052824413803970155,
  "110": 6.490504003213059e-07,
  "111": 0.00023843107074660597,
  "112": 0.0,
  "113": 0.000259813551079133,
  "114": 2.3041127396953394e-05,
  "115": 0.024743051017876307,
  "116": 1.9419629436572056e-05,
  "117": 0.0,
  "118": 1.8630150379593038e-07,
  "119": 0.00014011544806240533,
  "120": 0.00020353871449534,
  "121": 2.428343739133162e-06,
  "122": 0.00868776397231434,
  "123": 0.0,
  "124": 3.216684468293571e-05,
  "125": 8.250790944723785e-06,
  "126": 6.490504003213059e-07,
  "127": 5.645465055397076e-05,
  "128": 0.0,
  "129": 1.1698001401139814e-07,
  "130": 0.0,
  "131": 0.0,
  "132": 8.427298699921869e-06,
  "133": 1.8630150379593038e-07,
  "134": 0.0,
  "135": 0.0,
  "136": 1.3728038806466854e-05,
  "137": 0.0,
  "138": 0.0002451728911582999,
  "139": 0.0,
  "140": 0.0,
  "141": 0.0004303743830268079,
  "142": 0.0,
  "143": 9.979083265060332e-05,
  "144": 3.79523577942456e-05,
  "145": 1.0589769689452884e-06,
  "146": 0.00013018040566322822,
  "147": 0.0,
  "148": 0.00012028771951539111,
  "149": 0.0218524877254988,
  "150": 0.0,
  "151": 0.0,
  "152": 0.0,
  "153": 1.94687579371606e-05,
  "154": 1.000739372472581e-06,
  "155": 0.0,
  "156": 0.0001799089936933594,
  "157": 0.00022682775605806376,
  "158": 0.0,
  "159": 0.000105698365241448,
  "160": 0.0007935440391872602,
  "161": 0.0,
  "162": 0.0,
  "163": 0.0,
  "164": 0.0,
  "165": 3.201869320368635e-05,
  "166": 0.0008168769640160578,
  "167": 1.000739372472581e-06,
  "168": 0.0,
  "169": 0.0,
  "170": 0.028244574825688873,
  "171": 3.3853517292300794e-05,
  "172": 0.0001373150269606048,
  "173": 3.146825124806846e-06,
  "174": 0.0,
  "175": 0.0,
  "176": 0.0,
  "177": 0.0,
  "178": 0.0,
  "179": 0.0009815393180954068,
  "180": 0.0,
  "181": 0.00014496938343302229,
  "182": 3.5401744564568816e-06,
  "183": 7.879924075266566e-05,
  "184": 0.0,
  "185": 0.040295925811327404,
  "186": 0.0,
  "187": 2.492521159429595e-05,
  "188": 7.107426600548652e-05,
  "189": 0.0,
  "190": 0.0006266101901074917,
  "191": 5.245846476500556e-05,
  "192": 4.4685882926027656e-05,
  "193": 0.03422631679729385,
  "194": 8.108224045677585e-05,
  "195": 5.378230169494838e-05,
  "196": 0.0013701761071813257,
  "197": 0.0,
  "198": 0.0,
  "199": 0.00144826362611453,
  "200": 0.0,
  "201": 0.0,
  "202": 0.0,
  "203": 0.0,
  "204": 0.0,
  "205": 0.0,
  "206": 3.572579772377984e-05,
  "207": 0.0,
  "208": 0.0039407482376448205,
  "209": 0.00014496938343302226,
  "210": 2.4380537944126758e-05,
  "211": 4.894989236284227e-06,
  "212": 3.2789064668083744e-06,
  "213": 3.516223206384175e-05,
  "214": 0.0,
  "215": 0.0,
  "216": 0.0,
  "217": 3.78349134460768e-05,
  "218": 0.00015907701121959414,
  "219": 0.0,
  "220": 0.0,
  "221": 0.0,
  "222": 0.0,
  "223": 1.4084393686972336e-05,
  "224": 0.0002961670510435502,
  "225": 8.383567670816867e-07,
  "226": 0.0,
  "227": 0.000130489958602509,
  "228": 0.00012574781039164588,
  "229": 0.0,
  "230": 0.014680621929562347,
  "231": 0.0004829504102813744,
  "232": 0.0,
  "233": 0.0,
  "234": 0.0,
  "235": 0.0,
  "236": 0.0,
  "237": 0.0,
  "238": 9.641102821439397e-06,
  "239": 0.0,
  "240": 0.0,
  "241": 0.0,
  "242": 0.0013324540270699778,
  "243": 9.980437703353414e-07,
  "244": 0.0,
  "245": 0.0,
  "246": 0.0,
  "247": 0.0,
  "248": 5.03014060249012e-06,
  "249": 0.0,
  "250": 0.0004763732964245055,
  "251": 0.0,
  "252": 0.0,
  "253": 0.0,
  "254": 0.013171181268809128,
  "255": 0.0,
  "256": 0.0,
  "257": 5.03014060249012e-06,
  "258": 0.0,
  "259": 0.0,
  "260": 6.886502015313853e-05,
  "261": 0.0,
  "262": 0.0,
  "263": 0.0,
  "264": 0.0,
  "265": 0.0,
  "266": 1.6767135341633734e-05,
  "267": 4.024112481992096e-05,
  "268": 5.365483309322795e-06,
  "269": 0.0,
  "270": 1.3413708273306987e-05,
  "271": 0.003054500626884778,
  "272": 0.0,
  "273": 0.0,
  "274": 7.522346628269316e-06,
  "275": 7.712252721850229e-05,
  "276": 0.00029616705104355015,
  "277": 0.0,
  "278": 0.0,
  "279": 0.0,
  "280": 0.0,
  "281": 0.0,
  "282": 6.05990203586484e-05,
  "283": 0.0,
  "284": 0.0,
  "285": 0.0020019959597910677,
  "286": 0.0,
  "287": 0.010965706513428465,
  "288": 0.00010167365430691514,
  "289": 0.0,
  "290": 0.0,
  "291": 0.0,
  "292": 0.004024112481992096,
  "293": 0.0,
  "294": 1.4371830292828914e-06,
  "295": 0.0,
  "296": 0.0,
  "297": 0.0,
  "298": 0.002012056240996048,
  "299": 0.0,
  "300": 0.009038698591314929,
  "301": 0.0,
  "302": 0.0,
  "303": 0.0,
  "304": 0.0,
  "305": 0.0,
  "306": 0.0,
  "307": 0.0,
  "308": 0.0,
  "309": 0.0,
  "310": 0.0,
  "311": 0.0,
  "312": 0.0,
  "313": 0.002027482005510351,
  "314": 2.6800226473855454e-05,
  "315": 0.0,
  "316": 0.0,
  "317": 0.0,
  "318": 0.0,
  "319": 0.0,
  "320": 0.0,