{
  "1": 0.10135911090867195,
  "2": 0.04544067811315374,
  "3": 0.08611378936195396,
  "4": 0.043514129252084366,
  "5": 0.044899166838374374,
  "6": 0.1332450249078905,
  "7": 0.13169886293920685,
  "8": 0.05384276464429056,
  "9": 0.007864147306720252,
  "10": 0.07922074786600665,
  "11": 0.044964386848586314,
  "12": 0.02992311548336676,
  "13": 0.034958525552107864,
  "14": 0.1470992836845316,
  "15": 0.02479919818338631,
  "16": 0.011299668811384148,
  "17": 0.014373332512606205,
  "18": 0.02389333058857471,
  "19": 0.010487320907190232,
  "20": 0.03195749489143291,
  "21": 0.09930247982473368,
  "22": 0.0153488580933023,
  "23": 0.029433490266547468,
  "24": 0.004793539547127869,
  "25": 0.005432090612440427,
  "26": 0.004862399267250876,
  "27": 0.0013381607162550814,
  "28": 0.007965506459560904,
  "29": 0.004212463067402135,
  "30": 0.0020471166298122755,
  "31": 0.0014924531745470165,
  "32": 0.006441733657768921,
  "33": 0.016195668357226,
  "34": 0.024274533812299996,
  "35": 0.002283723502504284,
  "36": 0.00041650640978067947,
  "37": 0.041667947762446714,
  "38": 0.002069291698646301,
  "39": 0.0009669811926568626,
  "40": 0.0005182477874439487,
  "41": 0.0030037064382370973,
  "42": 0.00104607008437401,
  "43": 0.0010986263663483936,
  "44": 0.002370798389000096,
  "45": 0.0009481825087965419,
  "46": 0.00020623665921254425,
  "47": 4.8153586955165825e-05,
  "48": 0.000552135064626452,
  "49": 0.03483535831375251,
  "50": 0.0003837909516043996,
  "51": 0.00036103165950063,
  "52": 0.015216859542553763,
  "53": 0.00014345771323143799,
  "54": 0.0022457352104765576,
  "55": 0.0005838096160417294,
  "56": 0.18667417755660778,
  "57": 9.932562004878281e-05,
  "58": 0.0005757170556104102,
  "59": 0.0017091149568190247,
  "60": 4.172466859208394e-06,
  "61": 0.0002548654271935329,
  "62": 0.0007118658034370425,
  "63": 6.66086306470319e-05,
  "64": 0.00017093227237334864,
  "65": 0.00038667960704837393,
  "66": 4.7222594978035714e-05,
  "67": 8.536621269489453e-05,
  "68": 0.00020362433327299854,
  "69": 0.00015025906544816113,
  "70": 1.7051732629266078e-05,
  "71": 1.5379681027429606e-05,
  "72": 0.014554768953660261,
  "73": 0.0020576944346039835,
  "74": 5.705070426445152e-06,
  "75": 0.0006243463105941142,
  "76": 0.0001749190287023648,
  "77": 1.5609833360592898e-05,
  "78": 8.215594182634601e-05,
  "79": 3.5929575732072284e-07,
  "80": 0.0,
  "81": 0.0004998790917689711,
  "82": 1.1610184471853946e-05,
  "83": 0.0006392067734005902,
  "84": 1.85516261076311e-05,
  "85": 0.00020754850703804049,
  "86": 8.96912421714067e-05,
  "87": 6.436544505548716e-05,
  "88": 5.828275384411941e-05,
  "89": 0.00022766150585451029,
  "90": 0.00010574539034598027,
  "91": 2.3394767130903262e-06,
  "92": 4.4712360911023293e-07,
  "93": 7.679540222157548e-05,
  "94": 0.00015937215641455006,
  "95": 6.86953856241582e-05,
  "96": 0.0003082583635490616,
  "97": 1.6555436026343076e-05,
  "98": 0.0,
  "99": 2.6674988043508213e-06,
  "100": 0.0019650371667445012,
  "101": 2.405585855358342e-06,
  "102": 0.0,
  "103": 4.4712360911023293e-07,
  "104": 1.6723065446285126e-05,
  "105": 7.532177769063273e-06,
  "106": 1.720621965785043e-05,
  "107": 8.817615149253675e-05,
  "108": 8.39087203184236e-06,
  "109": 0.047985111740979317,
  "110": 6.490504003213059e-07,
  "111": 0.0003989060435387253,
  "112": 0.0,
  "113": 0.00030740918682641954,
  "114": 1.7556666578188242e-05,
  "115": 0.016405707002838887,
  "116": 8.026150584122658e-06,
  "117": 0.0,
  "118": 0.0,
  "119": 0.0008247075170401181,
  "120": 0.00101381677160191,
  "121": 0.0,
  "122": 0.019235879684573257,
  "123": 0.0,
  "124": 6.126165152050207e-06,
  "125": 1.0229422188461396e-05,
  "126": 6.490504003213059e-07,
  "127": 0.0003030109863418064,
  "128": 0.0,
  "129": 2.3396002802279628e-07,
  "130": 0.0,
  "131": 0.0,
  "132": 6.342045732316135e-06,
  "133": 0.0,
  "134": 0.0,
  "135": 0.0,
  "136": 7.701855037892099e-05,
  "137": 0.0,
  "138": 0.0013438153943541482,
  "139": 0.0,
  "140": 0.0,
  "141": 0.0005848976849207939,
  "142": 0.0,
  "143": 3.9387106442904784e-05,
  "144": 3.312153807651486e-05,
  "145": 1.0589769689452884e-06,
  "146": 0.0001521034808314168,
  "147": 0.0,
  "148": 0.0006749407389452465,
  "149": 0.031597906081813655,
  "150": 0.0,
  "151": 0.0,
  "152": 0.0,
  "153": 1.7925572423121733e-05,
  "154": 8.71020017747207e-08,
  "155": 0.0,
  "156": 5.407744230689477e-05,
  "157": 0.0003198360339374064,
  "158": 0.0,
  "159": 8.076888781068223e-05,
  "160": 0.0002511165335698098,
  "161": 0.0,
  "162": 0.0,
  "163": 0.0,
  "164": 0.0,
  "165": 0.00016821638622468944,
  "166": 0.0009520412104888251,
  "167": 8.71020017747207e-08,
  "168": 0.0,
  "169": 0.0,
  "170": 0.03065501820240213,
  "171": 1.7157570064588923e-05,
  "172": 3.629566032188428e-05,
  "173": 1.5921481679421307e-05,
  "174": 0.0,
  "175": 0.0,
  "176": 0.0,
  "177": 0.0,
  "178": 0.0,
  "179": 0.0010813125639636367,
  "180": 0.0,
  "181": 2.4641156302068483e-05,
  "182": 3.274311998885067e-06,
  "183": 2.4844840983141675e-05,
  "184": 0.0,
  "185": 0.0376443259099278,
  "186": 0.0,
  "187": 2.102152741414778e-05,
  "188": 5.0891516582924316e-05,
  "189": 0.0,
  "190": 0.00015828909927207606,
  "191": 0.00030880466960437545,
  "192": 2.0287507913362025e-05,
  "193": 0.03899513566392305,
  "194": 5.582657633747765e-05,
  "195": 4.812501250002624e-05,
  "196": 0.0013573286732362698,
  "197": 0.0,
  "198": 0.0,
  "199": 0.0013784556475914817,
  "200": 0.0,
  "201": 0.0,
  "202": 0.0,
  "203": 0.0,
  "204": 0.0,
  "205": 0.0,
  "206": 2.5255884919933068e-05,
  "207": 0.0,
  "208": 0.006782012670214066,
  "209": 0.0002298745664729936,
  "210": 3.688376411280439e-05,
  "211": 2.230124888327756e-05,
  "212": 5.141921504767679e-06,
  "213": 1.8971225440388666e-05,
  "214": 0.0,
  "215": 0.0,
  "216": 0.0,
  "217": 7.57986477985932e-06,
  "218": 0.0002647604641139045,
  "219": 0.0,
  "220": 0.0,
  "221": 0.0,
  "222": 0.0,
  "223": 1.8108506168964432e-05,
  "224": 0.000416050181269666,
  "225": 1.0099653425620513e-05,
  "226": 0.0,
  "227": 0.00023502061727609207,
  "228": 0.00048398867504599455,
  "229": 0.0,
  "230": 0.015331732854509564,
  "231": 0.0007223694327736012,
  "232": 0.0,
  "233": 0.0,
  "234": 0.0,
  "235": 0.0,
  "236": 0.0,
  "237": 0.0,
  "238": 2.51507030124506e-06,
  "239": 0.0,
  "240": 0.0,
  "241": 0.0,
  "242": 0.0016253326439443587,
  "243": 1.0879320995861887e-05,
  "244": 0.0,
  "245": 0.0,
  "246": 0.0,
  "247": 0.0,
  "248": 0.0,
  "249": 0.0,
  "250": 0.0004537913014767599,
  "251": 0.0,
  "252": 0.0,
  "253": 0.0,
  "254": 0.010721012382119227,
  "255": 0.0,
  "256": 0.0,
  "257": 0.0,
  "258": 0.0,
  "259": 0.0,
  "260": 5.17385890541841e-05,
  "261": 0.0,
  "262": 0.0,
  "263": 0.0,
  "264": 0.0,
  "265": 0.0,
  "266": 2.6827416546613973e-05,
  "267": 3.018084361494072e-05,
  "268": 1.073096661864559e-05,
  "269": 0.0,
  "270": 2.012056240996048e-05,
  "271": 0.005216549380259045,
  "272": 0.0,
  "273": 0.0,
  "274": 2.0408738561115147e-05,
  "275": 2.149141391481493e-05,
  "276": 0.00016973361899437156,
  "277": 0.0,
  "278": 0.0,
  "279": 0.0,
  "280": 0.0,
  "281": 0.0,
  "282": 2.300854725977365e-05,
  "283": 0.0,
  "284": 0.0,
  "285": 0.002012056240996048,
  "286": 0.0,
  "287": 0.006036168722988145,
  "288": 0.00011113792725563396,
  "289": 0.0,
  "290": 0.0,
  "291": 0.0,
  "292": 0.004024112481992096,
  "293": 0.0,
  "294": 1.8443848875797108e-05,
  "295": 0.0,
  "296": 0.0,
  "297": 0.0,
  "298": 0.002012056240996048,
  "299": 0.0,
  "300": 0.0043098675232908,
  "301": 0.0,
  "302": 0.0,
  "303": 0.0,
  "304": 0.0,
  "305": 0.0,
  "306": 0.0,
  "307": 0.0,
  "308": 0.0,
  "309": 0.0,
  "310": 0.0,
  "311": 0.0,
  "312": 0.0,
  "313": 0.001989923622345092,
  "314": 0.00018481023079058834,
  "315": 0.0,
  "316": 0.0,
  "317": 0.0,
  "318": 0.0,
  "319": 0.0,
  "320": 0.0,
  "321": 1.5761107221135708e-05,
  "322": 9.600382635609715e-05,
  "323": 0.0,
  "324": 0.0,
  "325": 0.0,