{
  "1": 0.08274975385063214,
  "2": 0.050527200791541174,
  "3": 0.1038380715435893,
  "4": 0.045420583175218694,
  "5": 0.02775995455569524,
  "6": 0.12775653734439557,
  "7": 0.14229696888124654,
  "8": 0.05137389676144277,
  "9": 0.013740905126097899,
  "10": 0.06500514479927012,
  "11": 0.05172323702124171,
  "12": 0.03803861510040004,
  "13": 0.034087539088229396,
  "14": 0.1187348400498081,
  "15": 0.031214857209809602,
  "16": 0.008525674462744253,
  "17": 0.020763670552752023,
  "18": 0.019216763210857163,
  "19": 0.006557285637137865,
  "20": 0.022441259128433623,
  "21": 0.07449521510368498,
  "22": 0.007566029083698207,
  "23": 0.03263187569671165,
  "24": 0.004301758172245255,
  "25": 0.006265875471139088,
  "26": 0.003580328582427576,
  "27": 0.001375160451201315,
  "28": 0.007832693702927931,
  "29": 0.0040648199381993115,
  "30": 0.004299952469368371,
  "31": 0.003840517419545309,
  "32": 0.018825354173457667,
  "33": 0.013827077903068589,
  "34": 0.024559982588497658,
  "35": 0.0010952684368264367,
  "36": 0.0008983087999219554,
  "37": 0.0317387662734794,
  "38": 0.0023789605770324213,
  "39": 0.0010892530199709725,
  "40": 0.0009501066457669383,
  "41": 0.0015269321242611961,
  "42": 0.0028088444854774317,
  "43": 0.0012143644044097415,
  "44": 0.001910230728964067,
  "45": 0.0015041617802197948,
  "46": 0.0001402170824188007,
  "47": 6.145289540200635e-05,
  "48": 0.0011072770536859357,
  "49": 0.015099806683279529,
  "50": 0.0007130312767552595,
  "51": 0.0001369193263725331,
  "52": 0.010063936350605063,
  "53": 0.00013937748155871173,
  "54": 0.0007642509288694851,
  "55": 0.0007615458365141576,
  "56": 0.25067078782716967,
  "57": 0.00016091350092680405,
  "58": 0.0018007661293957685,
  "59": 0.004110106596463152,
  "60": 5.570243257043207e-06,
  "61": 0.00024721949405487494,
  "62": 0.000398801227871265,
  "63": 7.505248216745933e-05,
  "64": 0.00037164073200089616,
  "65": 7.434368678257049e-05,
  "66": 4.0991682771722245e-05,
  "67": 0.00026914985446981326,
  "68": 6.39593195971661e-05,
  "69": 0.000297838773430598,
  "70": 6.101909291560219e-06,
  "71": 5.784648976748179e-06,
  "72": 0.003833472860037584,
  "73": 0.0027120451980447704,
  "74": 1.8297555665897217e-05,
  "75": 0.0009667325665508183,
  "76": 9.980247482772491e-05,
  "77": 2.0206344406480978e-05,
  "78": 0.0002176592302116977,
  "79": 3.5737132420458907e-06,
  "80": 0.0,
  "81": 0.0005021761858903892,
  "82": 9.743017090099633e-06,
  "83": 0.0016206158753559745,
  "84": 1.375937934702074e-05,
  "85": 3.780451316976644e-05,
  "86": 3.218359317572176e-05,
  "87": 6.944227354608756e-05,
  "88": 6.15828321033217e-05,
  "89": 0.00018670251888332537,
  "90": 9.911521961456341e-05,
  "91": 1.3970657217644978e-06,
  "92": 3.67325151367302e-06,
  "93": 1.8496409998060324e-05,
  "94": 0.0004692184760734911,
  "95": 7.149828168289641e-05,
  "96": 0.0005786425194427796,
  "97": 6.134673427988029e-05,
  "98": 0.0,
  "99": 8.527018555318655e-06,
  "100": 0.001987576968725121,
  "101": 1.4651596590318396e-06,
  "102": 0.0,
  "103": 3.67325151367302e-06,
  "104": 2.0058668005520457e-05,
  "105": 4.383485600643178e-05,
  "106": 1.273528180127819e-05,
  "107": 1.1730034932774187e-05,
  "108": 4.586919237874521e-05,
  "109": 0.04567879371207125,
  "110": 3.2452520016065294e-07,
  "111": 0.0003668690383184657,
  "112": 3.143837876556325e-07,
  "113": 0.0009399035581336048,
  "114": 8.352744902230075e-05,
  "115": 0.029039342098229934,
  "116": 7.394898024796431e-06,
  "117": 0.0,
  "118": 5.522508862522223e-07,
  "119": 0.0004481360704510539,
  "120": 0.000614678464546958,
  "121": 6.93812496895189e-07,
  "122": 0.019277535528347337,
  "123": 0.0,
  "124": 8.941883024681588e-06,
  "125": 6.7677806676648684e-06,
  "126": 3.2452520016065294e-07,
  "127": 4.162161108051471e-05,
  "128": 0.0,
  "129": 6.937305330196994e-07,
  "130": 0.0,
  "131": 0.0,
  "132": 2.4370123893626836e-05,
  "133": 5.522508862522223e-07,
  "134": 0.0,
  "135": 0.0,
  "136": 1.7198033880249413e-05,
  "137": 0.0,
  "138": 0.0007735745357292163,
  "139": 0.0,
  "140": 0.0,
  "141": 0.00019937145130460583,
  "142": 0.0,
  "143": 2.6013499056472555e-05,
  "144": 0.00010231507246053875,
  "145": 1.9610684610097934e-06,
  "146": 0.000169320091920506,
  "147": 0.0,
  "148": 0.0003792744691408158,
  "149": 0.021838725609218408,
  "150": 0.0,
  "151": 0.0,
  "152": 0.0,
  "153": 6.090862803785219e-05,
  "154": 5.510247377702645e-07,
  "155": 0.0,
  "156": 4.0499014572579884e-05,
  "157": 7.906449952874165e-05,
  "158": 0.0,
  "159": 0.00013834205367984197,
  "160": 0.00021465892043447905,
  "161": 0.0,
  "162": 0.0,
  "163": 0.0,
  "164": 0.0,
  "165": 3.085118416773932e-05,
  "166": 0.0007727557815992168,
  "167": 5.510247377702645e-07,
  "168": 0.0,
  "169": 0.0,
  "170": 0.060138732235938706,
  "171": 7.014318855761392e-05,
  "172": 0.00012171712139666682,
  "173": 6.986198502281855e-06,
  "174": 0.0,
  "175": 0.0,
  "176": 0.0,
  "177": 9.145710186345673e-07,
  "178": 0.0,
  "179": 0.0032532852377860676,
  "180": 0.0,
  "181": 4.7846561568548406e-05,
  "182": 9.108328042389981e-06,
  "183": 2.2456752558522365e-05,
  "184": 0.0,
  "185": 0.05133468337374221,
  "186": 0.0,
  "187": 7.934034571483754e-05,
  "188": 7.149830556543255e-05,
  "189": 0.0,
  "190": 0.0006474913273746425,
  "191": 0.00017503752487263384,
  "192": 1.0047795075499626e-05,
  "193": 0.03324002395043404,
  "194": 0.00020783825822927128,
  "195": 1.3783729410864447e-05,
  "196": 0.0014899823917944681,
  "197": 2.51507030124506e-06,
  "198": 0.0,
  "199": 0.0013962464041184812,
  "200": 0.0,
  "201": 0.0,
  "202": 0.0,
  "203": 0.0,
  "204": 0.0,
  "205": 0.0,
  "206": 4.2317697052945504e-05,
  "207": 0.0,
  "208": 0.003932288985461959,
  "209": 4.7846561568548406e-05,
  "210": 1.561756420087353e-05,
  "211": 1.3226555483936291e-05,
  "212": 2.5709607523838393e-06,
  "213": 0.00011917767164066108,
  "214": 0.0,
  "215": 0.0,
  "216": 0.0,
  "217": 9.289611547924518e-05,
  "218": 9.28798321203698e-05,
  "219": 0.0,
  "220": 0.0,
  "221": 0.0,
  "222": 0.0,
  "223": 5.03014060249012e-06,
  "224": 7.020116803734825e-05,
  "225": 1.0963126954145133e-06,
  "226": 0.0,
  "227": 2.7679473732724812e-05,
  "228": 0.0004325919101283957,
  "229": 0.0,
  "230": 0.019469128623499827,
  "231": 0.000137019376260435,
  "232": 0.0,
  "233": 0.0,
  "234": 0.0,
  "235": 0.0,
  "236": 0.0,
  "237": 0.0,
  "238": 2.458319997011838e-05,
  "239": 0.0,
  "240": 0.0,
  "241": 0.0,
  "242": 0.003904537678291132,
  "243": 4.716210471093731e-06,
  "244": 0.0,
  "245": 0.0,
  "246": 0.0,
  "247": 0.0,
  "248": 5.03014060249012e-06,
  "249": 0.0,
  "250": 0.0016323615813871616,
  "251": 0.0,
  "252": 0.0,
  "253": 0.0,
  "254": 0.012383792353941294,
  "255": 0.0,
  "256": 0.0,
  "257": 0.0,
  "258": 0.0,
  "259": 0.0,
  "260": 0.00011783812065097529,
  "261": 0.0,
  "262": 0.0,
  "263": 0.0,
  "264": 0.0,
  "265": 0.0,
  "266": 1.6767135341633734e-05,
  "267": 1.006028120498024e-05,
  "268": 1.3749050980139662e-05,
  "269": 0.0,
  "270": 3.302363519786317e-05,
  "271": 0.0030562530249309814,
  "272": 0.0,
  "273": 0.0,
  "274": 6.706854136653494e-07,
  "275": 2.078003902435899e-05,
  "276": 0.00027938122772031915,
  "277": 0.0,
  "278": 0.0,
  "279": 0.0,
  "280": 0.0,
  "281": 0.0,
  "282": 5.178869096721714e-05,
  "283": 0.0,
  "284": 0.0,
  "285": 0.007012015999871228,
  "286": 0.0,
  "287": 0.015925425147483727,
  "288": 0.0001102488463816364,
  "289": 0.0,
  "290": 0.0,
  "291": 0.0,
  "292": 0.009003951678457316,
  "293": 0.0,
  "294": 1.3174177768426506e-05,
  "295": 0.0,
  "296": 0.0,
  "297": 0.0,
  "298": 0.002012056240996048,
  "299": 0.0,
  "300": 0.0054434548104455,
  "301": 0.0,
  "302": 0.0,
  "303": 0.0,
  "304": 0.0,
  "305": 0.0,
  "306": 0.0,
  "307": 0.0,
  "308": 0.0,
  "309": 0.0,
  "310": 0.0,
  "311": 0.0,
  "312": 0.0,
  "313": 0.006848153181482493,
  "314": 0.0001084921971348894,
  "315": 0.0,
  "316": 0.0,
  "317": 0.0,
  "318": 0.0,