{
  "1": 0.08189119886035308,
  "2": 0.06115639793042012,
  "3": 0.0971393742207272,
  "4": 0.03646706074922675,
  "5": 0.034956920880516835,
  "6": 0.131375938411405,
  "7": 0.14400103674846323,
  "8": 0.049580065751744,
  "9": 0.0102839524721571,
  "10": 0.0585500105265736,
  "11": 0.0546341639055136,
  "12": 0.03609635059784518,
  "13": 0.03220200133874537,
  "14": 0.12069091511446424,
  "15": 0.028537735976144254,
  "16": 0.008778912191084605,
  "17": 0.021620685807267642,
  "18": 0.02311197153002321,
  "19": 0.008714922532370049,
  "20": 0.030898094732217354,
  "21": 0.08612761975027981,
  "22": 0.013346546578126972,
  "23": 0.027006898775397362,
  "24": 0.006023197113776324,
  "25": 0.005531381374325605,
  "26": 0.005608324418847071,
  "27": 0.0014526398476045592,
  "28": 0.010757149847614859,
  "29": 0.0044020887012435365,
  "30": 0.004247123554736044,
  "31": 0.0029970076499492315,
  "32": 0.014381697018087997,
  "33": 0.024616865323176248,
  "34": 0.016639263498817808,
  "35": 0.0016356253581208964,
  "36": 0.0009043242548700089,
  "37": 0.03231548440617418,
  "38": 0.0028819228258550925,
  "39": 0.0007007097875086389,
  "40": 0.0009716209736212918,
  "41": 0.0020729129681962928,
  "42": 0.002142216172906497,
  "43": 0.0012701380334892416,
  "44": 0.0017946071744401623,
  "45": 0.002022535348601216,
  "46": 9.84658261745523e-05,
  "47": 0.00011371788817338836,
  "48": 0.0008703607571910809,
  "49": 0.027102806558675845,
  "50": 0.0006007679385876821,
  "51": 0.00021960699954600853,
  "52": 0.008502698537658419,
  "53": 0.0002492675559298936,
  "54": 0.0013566595111293284,
  "55": 0.0013578703316479864,
  "56": 0.2065584589862559,
  "57": 0.0001434830294155248,
  "58": 0.0011770240598221841,
  "59": 0.0033972716515843345,
  "60": 5.564047126959912e-06,
  "61": 0.0004581328357351301,
  "62": 0.0002593029192971237,
  "63": 0.00013968826140378315,
  "64": 0.0002943422105579829,
  "65": 0.0001636960404603569,
  "66": 8.317799972081467e-05,
  "67": 0.00020072866482036516,
  "68": 0.00011114441184880868,
  "69": 0.00025190765634406606,
  "70": 1.3043196293481226e-05,
  "71": 9.735672627934371e-06,
  "72": 0.0060685233181841155,
  "73": 0.002138950923705418,
  "74": 1.2350549038561165e-05,
  "75": 0.00039382273334943684,
  "76": 3.37866177230242e-05,
  "77": 4.6335196687082056e-05,
  "78": 0.00015812349205395767,
  "79": 2.491731431538757e-06,
  "80": 0.0,
  "81": 0.00023144921149715684,
  "82": 6.350961663429265e-06,
  "83": 0.0013446329650911352,
  "84": 1.132969903086572e-05,
  "85": 7.654075058826152e-05,
  "86": 7.170134391576334e-05,
  "87": 0.0001709606427912938,
  "88": 0.000146786199395593,
  "89": 0.00042582536052686467,
  "90": 0.00025841579041205857,
  "91": 1.3860247657229658e-06,
  "92": 2.5883425436954434e-06,
  "93": 3.98233714978243e-05,
  "94": 0.00020786897590761985,
  "95": 0.00016200012197603984,
  "96": 0.000385953195893713,
  "97": 4.194985024962848e-05,
  "98": 0.0,
  "99": 5.855174201537188e-06,
  "100": 0.004442429414990667,
  "101": 4.626390894770946e-06,
  "102": 0.0,
  "103": 2.5883425436954434e-06,
  "104": 2.3074697652790498e-05,
  "105": 2.936869945828721e-05,
  "106": 3.478100730740259e-05,
  "107": 3.666623258203532e-05,
  "108": 3.540279289901836e-05,
  "109": 0.04028513711716972,
  "110": 7.004188593141266e-07,
  "111": 0.00048143223456876074,
  "112": 3.143837876556325e-07,
  "113": 0.0006047106485012212,
  "114": 5.378099853986461e-05,
  "115": 0.02760151100746886,
  "116": 1.2969462376691164e-05,
  "117": 0.0,
  "118": 4.5910013435425706e-07,
  "119": 0.0003056172649663735,
  "120": 0.0003916372029039085,
  "121": 1.7345312422379728e-06,
  "122": 0.018941289463259053,
  "123": 0.0,
  "124": 2.0306508144486414e-05,
  "125": 1.8325019130458283e-05,
  "126": 4.817170939884692e-07,
  "127": 0.00011364436348724685,
  "128": 0.0,
  "129": 3.0862180039073877e-07,
  "130": 0.0,
  "131": 0.0,
  "132": 1.7809234199675863e-05,
  "133": 4.5910013435425706e-07,
  "134": 0.0,
  "135": 0.0,
  "136": 1.483545184132943e-05,
  "137": 0.0,
  "138": 0.0005088857335755409,
  "139": 0.0,
  "140": 0.0,
  "141": 0.0002806946134100834,
  "142": 0.0,
  "143": 6.157334128493959e-05,
  "144": 6.642019362411893e-05,
  "145": 2.490556945482438e-06,
  "146": 0.00013423744849141376,
  "147": 0.0,
  "148": 0.0001146857811247865,
  "149": 0.021707541284345478,
  "150": 0.0,
  "151": 0.0,
  "152": 0.0,
  "153": 3.813275215648627e-05,
  "154": 2.2992475548892807e-06,
  "155": 0.0,
  "156": 0.00011009755786322254,
  "157": 0.000191027236364799,
  "158": 0.0,
  "159": 0.00010409690158127536,
  "160": 0.0005068686007437486,
  "161": 0.0,
  "162": 0.0,
  "163": 0.0,
  "164": 0.0,
  "165": 6.547512557633773e-05,
  "166": 0.0017688619439790883,
  "167": 2.2992475548892807e-06,
  "168": 0.0,
  "169": 0.0,
  "170": 0.04426534509064024,
  "171": 5.3207281479818736e-05,
  "172": 0.00014467318363601287,
  "173": 5.065615470721895e-06,
  "174": 0.0,
  "175": 0.0,
  "176": 0.0,
  "177": 4.5728550931728367e-07,
  "178": 0.0,
  "179": 0.0021052930177284934,
  "180": 0.0,
  "181": 9.669184759709539e-05,
  "182": 5.283085086826256e-06,
  "183": 4.902744153836699e-05,
  "184": 0.0,
  "185": 0.033394994437678925,
  "186": 0.0,
  "187": 2.2318681861882077e-05,
  "188": 3.958338772426772e-05,
  "189": 0.0,
  "190": 0.00017713937097156427,
  "191": 0.00012447935895565894,
  "192": 3.389040378991156e-05,
  "193": 0.03275645711583141,
  "194": 0.0001404941773903953,
  "195": 6.147115737867553e-05,
  "196": 0.003002635289008844,
  "197": 2.51507030124506e-06,
  "198": 0.0,
  "199": 0.0031581487459379867,
  "200": 0.0,
  "201": 0.0,
  "202": 0.0,
  "203": 0.0,
  "204": 0.0,
  "205": 0.0,
  "206": 2.4792401060810284e-05,
  "207": 0.0,
  "208": 0.002535018836465962,
  "209": 4.538349505436406e-05,
  "210": 4.042047822750803e-05,
  "211": 4.547796517277648e-06,
  "212": 2.198357744791979e-06,
  "213": 3.649208787892887e-05,
  "214": 0.0,
  "215": 0.0,
  "216": 0.0,
  "217": 0.00011011085907192667,
  "218": 0.00023676717870874242,
  "219": 0.0,
  "220": 0.0,
  "221": 0.0,
  "222": 0.0,
  "223": 3.521098421743084e-06,
  "224": 0.00017288468024829044,
  "225": 4.920848748643844e-06,
  "226": 0.0,
  "227": 8.515581642256674e-05,
  "228": 0.0002770991311476772,
  "229": 0.0,
  "230": 0.012599735271893977,
  "231": 0.000355879457150711,
  "232": 0.0,
  "233": 0.0,
  "234": 0.0,
  "235": 0.0,
  "236": 0.0,
  "237": 0.0,
  "238": 1.3642644159702373e-05,
  "239": 0.0,
  "240": 0.0,
  "241": 0.0,
  "242": 0.0026585033651037432,
  "243": 5.75177600429036e-06,
  "244": 0.0,
  "245": 0.0,
  "246": 0.0,
  "247": 0.0,
  "248": 5.03014060249012e-06,
  "249": 0.0,
  "250": 0.00044703913006348053,
  "251": 0.0,
  "252": 0.0,
  "253": 0.0,
  "254": 0.012803758967221286,
  "255": 0.0,
  "256": 0.0,
  "257": 2.51507030124506e-06,
  "258": 0.0,
  "259": 0.0,
  "260": 0.0001911758285952458,
  "261": 0.0,
  "262": 0.0,
  "263": 0.0,
  "264": 0.0,
  "265": 0.0,
  "266": 2.2970975418038216e-05,
  "267": 2.5150703012450603e-05,
  "268": 1.2072337445976288e-05,
  "269": 0.0,
  "270": 2.6593057723088866e-05,
  "271": 0.001965280289228532,
  "272": 0.0,
  "273": 0.0,
  "274": 9.346958950587667e-06,
  "275": 4.8189084771285303e-05,
  "276": 0.0001728846802482905,
  "277": 0.0,
  "278": 0.0,
  "279": 0.0,
  "280": 0.0,
  "281": 0.0,
  "282": 1.6733129639188352e-05,
  "283": 0.0,
  "284": 0.0,
  "285": 0.004507005979831148,
  "286": 0.0,
  "287": 0.010995887357043406,
  "288": 9.114722795273124e-05,
  "289": 0.0,
  "290": 0.0,
  "291": 0.0,
  "292": 0.008993891397252336,
  "293": 0.0,
  "294": 1.0659107467181446e-05,
  "295": 0.0,
  "296": 0.0,
  "297": 0.0,
  "298": 0.002007026100393558,
  "299": 0.0,
  "300": 0.0060071116262151725,
  "301": 0.0,
  "302": 0.0,
  "303": 0.0,
  "304": 0.0,
  "305": 0.0,
  "306": 0.0,
  "307": 0.0,
  "308": 0.0,
  "309": 0.0,
  "310": 0.0,
  "311": 0.0,
  "312": 0.0,
  "313": 0.004411241683979932,
  "314": 6.69469560203911e-05,
  "315": 0.0,
  "316": 0.0,
  "317": 0.0,