{
  "1": 0.08873664131728956,
  "2": 0.054150286627674925,
  "3": 0.09735601393400033,
  "4": 0.047039475576232906,
  "5": 0.04312767026421535,
  "6": 0.12681074335879458,
  "7": 0.15034724452019047,
  "8": 0.0470512946410136,
  "9": 0.0071865209835940665,
  "10": 0.0408982232276249,
  "11": 0.04579423124660273,
  "12": 0.03117087219635102,
  "13": 0.021100982273843324,
  "14": 0.13368345140359622,
  "15": 0.03644397473467733,
  "16": 0.007379258590333565,
  "17": 0.02475543777658722,
  "18": 0.020171801629304268,
  "19": 0.00596836109695899,
  "20": 0.02822045520807608,
  "21": 0.06693880032247854,
  "22": 0.013892303620812278,
  "23": 0.02062624811580859,
  "24": 0.006846638359235355,
  "25": 0.0039052536911381203,
  "26": 0.006777620148881753,
  "27": 0.0009719063129735702,
  "28": 0.006675278094269345,
  "29": 0.003106903191653612,
  "30": 0.004719251121171561,
  "31": 0.002309986036773403,
  "32": 0.013247906586260207,
  "33": 0.013508458349962088,
  "34": 0.021094523473955858,
  "35": 0.0012000958699539797,
  "36": 0.0006768842587392738,
  "37": 0.021187186371264283,
  "38": 0.0030715810248104327,
  "39": 0.0009759871509852952,
  "40": 0.0005613590002827051,
  "41": 0.0011597573747829165,
  "42": 0.0008805699551229069,
  "43": 0.0012983532447466341,
  "44": 0.0009625362859705292,
  "45": 0.0013367162506131474,
  "46": 0.00018770893206483032,
  "47": 7.184378196599957e-05,
  "48": 0.0008351947377702519,
  "49": 0.045092472112099394,
  "50": 0.0006919932843099348,
  "51": 0.00010456098091632049,
  "52": 0.007610078998721241,
  "53": 0.00012450753264227105,
  "54": 0.0010745713935954488,
  "55": 0.0006034446295695503,
  "56": 0.2216103174942154,
  "57": 0.00032049303668569353,
  "58": 0.0005264791934185001,
  "59": 0.003910995589620249,
  "60": 2.5173883383890648e-06,
  "61": 0.000675332950721129,
  "62": 0.0002108105490017765,
  "63": 8.271925803255018e-05,
  "64": 0.0001546824884789666,
  "65": 6.1035115866844874e-05,
  "66": 3.1529460913536236e-05,
  "67": 7.60424500291021e-05,
  "68": 5.2584187649280246e-05,
  "69": 0.00013196030371943337,
  "70": 2.1899646675411714e-05,
  "71": 6.641341519934046e-06,
  "72": 0.003296466962141124,
  "73": 0.0019459009615820097,
  "74": 6.7681300037641314e-06,
  "75": 0.0003120843337172389,
  "76": 3.783203082102096e-05,
  "77": 2.1009342679246573e-05,
  "78": 5.387406938023276e-05,
  "79": 5.39578289455554e-06,
  "80": 0.0,
  "81": 0.00037919071607126105,
  "82": 5.282677288631081e-06,
  "83": 0.0015665798569964888,
  "84": 7.479754121632255e-06,
  "85": 2.5392740531211954e-05,
  "86": 9.133024681075253e-05,
  "87": 0.0004403872080174182,
  "88": 7.46860508448193e-05,
  "89": 0.0004606380993404292,
  "90": 0.0006810702463972238,
  "91": 3.869338924992401e-07,
  "92": 6.024158736573225e-06,
  "93": 8.944289686515796e-05,
  "94": 0.000183899764930165,
  "95": 7.196107779141704e-05,
  "96": 0.00041418315646563764,
  "97": 1.722041977774102e-05,
  "98": 0.0,
  "99": 5.589045113877911e-07,
  "100": 0.001989488869846272,
  "101": 2.2890879018442435e-06,
  "102": 0.0,
  "103": 6.024158736573225e-06,
  "104": 0.00011414677052621968,
  "105": 1.4352249620167195e-05,
  "106": 8.647746216501729e-06,
  "107": 9.84826597102321e-05,
  "108": 1.617882510669784e-05,
  "109": 0.04727883525303946,
  "110": 6.490504003213059e-07,
  "111": 0.0006659304934187255,
  "112": 0.0,
  "113": 0.0016495050026441767,
  "114": 2.193033931670352e-05,
  "115": 0.025053884846688978,
  "116": 3.095023701240371e-05,
  "117": 0.0,
  "118": 1.1045017725044446e-06,
  "119": 0.0001151439960173194,
  "120": 0.00018842929587467857,
  "121": 6.93812496895189e-07,
  "122": 0.018495572367181703,
  "123": 0.0,
  "124": 8.712481385203396e-06,
  "125": 1.7577217087946896e-06,
  "126": 6.490504003213059e-07,
  "127": 5.455198371150756e-05,
  "128": 0.0,
  "129": 3.869338924992401e-07,
  "130": 0.0,
  "131": 0.0,
  "132": 2.0008491085810373e-06,
  "133": 1.1045017725044446e-06,
  "134": 0.0,
  "135": 0.0,
  "136": 1.492808356049023e-05,
  "137": 0.0,
  "138": 0.0002144395426276154,
  "139": 0.0,
  "140": 0.0,
  "141": 7.645911343250464e-05,
  "142": 0.0,
  "143": 3.0697267288924495e-05,
  "144": 3.50906617628293e-05,
  "145": 1.80418298412901e-06,
  "146": 6.243508629369926e-05,
  "147": 0.0,
  "148": 0.00010796022359157858,
  "149": 0.011977722896548498,
  "150": 0.0,
  "151": 0.0,
  "152": 0.0,
  "153": 9.816843686109634e-05,
  "154": 3.8534366607930234e-07,
  "155": 0.0,
  "156": 6.197169121595587e-05,
  "157": 0.00023521046855532862,
  "158": 0.0,
  "159": 5.651724083348988e-05,
  "160": 0.0013681291211987314,
  "161": 0.0,
  "162": 0.0,
  "163": 0.0,
  "164": 0.0,
  "165": 3.2985528072086727e-05,
  "166": 0.0007805517231231587,
  "167": 3.8534366607930234e-07,
  "168": 0.0,
  "169": 0.0,
  "170": 0.050371827993336074,
  "171": 2.7298148488145027e-05,
  "172": 0.00023581905844331457,
  "173": 6.816092653747671e-06,
  "174": 0.0,
  "175": 0.0,
  "176": 0.0,
  "177": 1.8291420372691347e-06,
  "178": 0.0,
  "179": 0.0009252024035796075,
  "180": 0.0,
  "181": 4.6053153685853514e-05,
  "182": 1.5642777973682837e-05,
  "183": 2.1568493602923913e-05,
  "184": 0.0,
  "185": 0.023444515158655307,
  "186": 0.0,
  "187": 1.9752108133335507e-05,
  "188": 4.7395708728209234e-05,
  "189": 0.0,
  "190": 0.00021587374256328698,
  "191": 4.8638231171448463e-05,
  "192": 2.721276021269328e-05,
  "193": 0.04154031487319951,
  "194": 4.442162451892926e-05,
  "195": 3.018868393261106e-05,
  "196": 0.001423384839585103,
  "197": 0.0,
  "198": 0.0,
  "199": 0.008414919307933451,
  "200": 0.0,
  "201": 0.0,
  "202": 0.0,
  "203": 0.0,
  "204": 0.0,
  "205": 0.0,
  "206": 9.442067306543784e-06,
  "207": 0.0,
  "208": 0.0011559516276001586,
  "209": 4.6053153685853514e-05,
  "210": 1.6828106742876035e-05,
  "211": 1.237437155718806e-05,
  "212": 7.452060151837215e-07,
  "213": 0.00019664059480069488,
  "214": 0.0,
  "215": 0.0,
  "216": 0.0,
  "217": 8.84499818428149e-05,
  "218": 0.0002072881400041898,
  "219": 0.0,
  "220": 0.0,
  "221": 0.0,
  "222": 0.0,
  "223": 0.0,
  "224": 9.982859412465791e-05,
  "225": 3.3534270683267466e-06,
  "226": 0.0,
  "227": 4.968624813736723e-05,
  "228": 0.0003923218345548772,
  "229": 0.0,
  "230": 0.014012641902354949,
  "231": 0.00035014230517997093,
  "232": 0.0,
  "233": 0.0,
  "234": 0.0,
  "235": 0.0,
  "236": 0.0,
  "237": 0.0,
  "238": 2.51507030124506e-06,
  "239": 0.0,
  "240": 0.0,
  "241": 0.0,
  "242": 0.0013145480739566481,
  "243": 1.0234485208529682e-06,
  "244": 0.0,
  "245": 0.0,
  "246": 0.0,
  "247": 0.0,
  "248": 0.0,
  "249": 0.0,
  "250": 0.00046821021357879597,
  "251": 0.0,
  "252": 0.0,
  "253": 0.0,
  "254": 0.016577641902386826,
  "255": 0.0,
  "256": 0.0,
  "257": 1.006028120498024e-05,
  "258": 0.0,
  "259": 0.0,
  "260": 9.461454942779036e-05,
  "261": 0.0,
  "262": 0.0,
  "263": 0.0,
  "264": 0.0,
  "265": 0.0,
  "266": 1.6767135341633734e-05,
  "267": 0.0,
  "268": 0.0,
  "269": 0.0,
  "270": 2.012056240996048e-05,
  "271": 0.0008628114675325425,
  "272": 0.0,
  "273": 0.0,
  "274": 1.2529622955293571e-05,
  "275": 2.1568493602923913e-05,
  "276": 9.982859412465791e-05,
  "277": 0.0,
  "278": 0.0,
  "279": 0.0,
  "280": 0.0,
  "281": 0.0,
  "282": 7.014624279727023e-06,
  "283": 0.0,
  "284": 0.0,
  "285": 0.002012056240996048,
  "286": 0.0,
  "287": 0.015895244303868784,
  "288": 0.00013405911790206955,
  "289": 0.0,
  "290": 0.0,
  "291": 0.0,
  "292": 0.013983790874922535,
  "293": 0.0,
  "294": 0.0,
  "295": 0.0,
  "296": 0.0,
  "297": 0.0,
  "298": 0.002012056240996048,
  "299": 0.0,
  "300": 0.002966411668594622,
  "301": 0.0,
  "302": 0.0,
  "303": 0.0,
  "304": 0.0,
  "305": 0.0,
  "306": 0.0,
  "307": 0.0,
  "308": 0.0,
  "309": 0.0,
  "310": 0.0,
  "311": 0.0,
  "312": 0.0,
  "313": 0.0019708090880556288,
  "314": 3.2053456441915425e-05,
  "315": 0.0,
  "316": 0.0,
  "317": 0.0,
  "318": 0.0,
  "319": 0.0,
  "320": 0.0,
  "321": 0.0,
  "322": 8.738072818039982e-05,
  "323": 0.0,
  "324": 0.0,