{
  "1": 0.09674607397772671,
  "2": 0.059531621275551144,
  "3": 0.09710588709581759,
  "4": 0.03533948109793735,
  "5": 0.03360059468506597,
  "6": 0.13332965610300263,
  "7": 0.1403205189695221,
  "8": 0.05748171419207652,
  "9": 0.01156628476409375,
  "10": 0.06213183526124366,
  "11": 0.04891841999568846,
  "12": 0.0435184274335308,
  "13": 0.026908244176532262,
  "14": 0.12871666790992534,
  "15": 0.0292064499023076,
  "16": 0.007666897410149466,
  "17": 0.02034616643964346,
  "18": 0.024620609436673782,
  "19": 0.008446586454796044,
  "20": 0.03246951111840543,
  "21": 0.08098481323695793,
  "22": 0.014645731403427986,
  "23": 0.0267258044962589,
  "24": 0.005885217172044333,
  "25": 0.004684458761045759,
  "26": 0.004998580253120996,
  "27": 0.0010652359364493277,
  "28": 0.009558201458447851,
  "29": 0.004084153267416084,
  "30": 0.002905336223297101,
  "31": 0.0017027853204521347,
  "32": 0.011441389349407726,
  "33": 0.020987571060121488,
  "34": 0.021208797861319278,
  "35": 0.0014798662677947294,
  "36": 0.0007184254664498059,
  "37": 0.032432742962878215,
  "38": 0.0030185051133173324,
  "39": 0.0007371270243514593,
  "40": 0.0008678266386720823,
  "41": 0.001948383097005812,
  "42": 0.0024786845037463963,
  "43": 0.0010696191459797118,
  "44": 0.0019481799259559686,
  "45": 0.002300851318539189,
  "46": 0.00013535957214201106,
  "47": 7.262796156009745e-05,
  "48": 0.0010594204653142107,
  "49": 0.022059046217568146,
  "50": 0.0005116985697548356,
  "51": 0.0003151674666472396,
  "52": 0.0070910744494606555,
  "53": 0.00028265887408606436,
  "54": 0.0013811119498193531,
  "55": 0.001601304730906785,
  "56": 0.20133477102443,
  "57": 0.00015121440015103014,
  "58": 0.0014074866982796877,
  "59": 0.0032626101924297904,
  "60": 3.5862414245255056e-06,
  "61": 0.00026509649409705286,
  "62": 0.0004644596772700876,
  "63": 0.0001262929143587678,
  "64": 0.0003442013192363465,
  "65": 8.711915443321314e-05,
  "66": 5.236320148391001e-05,
  "67": 0.00011907539160192142,
  "68": 8.004421050417626e-05,
  "69": 0.00015683675269447883,
  "70": 1.1524619489666789e-05,
  "71": 1.3426860516851867e-05,
  "72": 0.006608788162826051,
  "73": 0.0025234641598288286,
  "74": 1.4232818276630157e-05,
  "75": 0.0009281044380615816,
  "76": 9.41521207345083e-05,
  "77": 2.067617436974059e-05,
  "78": 8.901023573084751e-05,
  "79": 2.517527024372039e-06,
  "80": 0.0,
  "81": 0.000426044209096511,
  "82": 6.645638376854174e-06,
  "83": 0.0012415962839802876,
  "84": 1.6862163016325362e-05,
  "85": 3.4064694911530565e-05,
  "86": 6.119154585768231e-05,
  "87": 0.0002001022057179095,
  "88": 0.0001713929470500189,
  "89": 0.00047480955995109306,
  "90": 0.0002977526467093783,
  "91": 2.345472079627644e-06,
  "92": 2.8452291005253027e-06,
  "93": 5.406150771078117e-05,
  "94": 0.0001888374469629041,
  "95": 0.00019528232383965054,
  "96": 0.00035732593081832923,
  "97": 1.9538658981874357e-05,
  "98": 0.0,
  "99": 9.48940653545382e-06,
  "100": 0.0019753299118462986,
  "101": 2.9800509866996555e-06,
  "102": 0.0,
  "103": 2.8452291005253027e-06,
  "104": 2.820577283673141e-05,
  "105": 1.3424594739086962e-05,
  "106": 1.6373482747597977e-05,
  "107": 4.83960221011473e-05,
  "108": 2.0365561588567464e-05,
  "109": 0.03340080949235878,
  "110": 1.366592079299706e-06,
  "111": 0.0005571151900172971,
  "112": 2.095891917704217e-07,
  "113": 0.0007352829382452886,
  "114": 2.5817901038727812e-05,
  "115": 0.03052484396643768,
  "116": 5.5908650222576595e-06,
  "117": 0.0,
  "118": 6.121335124723428e-07,
  "119": 0.00038084676528019057,
  "120": 0.00017852816626194161,
  "121": 1.8501666583871708e-06,
  "122": 0.018751920187718086,
  "123": 0.0,
  "124": 2.2405275413753462e-05,
  "125": 9.145879147849441e-06,
  "126": 1.0749897255321628e-06,
  "127": 0.0001413662832764771,
  "128": 0.0,
  "129": 6.670181156934392e-07,
  "130": 0.0,
  "131": 0.0,
  "132": 1.021707793316544e-05,
  "133": 6.121335124723428e-07,
  "134": 0.0,
  "135": 0.0,
  "136": 3.7235181136879406e-05,
  "137": 0.0,
  "138": 0.0002198108734905188,
  "139": 0.0,
  "140": 0.0,
  "141": 0.00030652199252379983,
  "142": 0.0,
  "143": 7.496601143852458e-05,
  "144": 3.391828128557938e-05,
  "145": 6.013943280430034e-07,
  "146": 0.00012277206333745436,
  "147": 0.0,
  "148": 0.00012229450970294265,
  "149": 0.018555358310169134,
  "150": 0.0,
  "151": 0.0,
  "152": 0.0,
  "153": 4.636175963539872e-05,
  "154": 1.1257767678826274e-06,
  "155": 0.0,
  "156": 0.0001344857080824683,
  "157": 0.0002052656205494971,
  "158": 0.0,
  "159": 6.942609858445632e-05,
  "160": 0.0006145669900030295,
  "161": 0.0,
  "162": 0.0,
  "163": 0.0,
  "164": 0.0,
  "165": 7.300325182291149e-05,
  "166": 0.0008074684684238898,
  "167": 1.1257767678826274e-06,
  "168": 0.0,
  "169": 0.0,
  "170": 0.034064782845476774,
  "171": 2.2606115300381445e-05,
  "172": 0.00018187847491066446,
  "173": 6.284503309542388e-06,
  "174": 0.0,
  "175": 0.0,
  "176": 0.0,
  "177": 1.21942802484609e-06,
  "178": 0.0,
  "179": 0.002504406341895431,
  "180": 0.0,
  "181": 0.00010889547713313364,
  "182": 2.0464924306775964e-06,
  "183": 5.727501934775919e-05,
  "184": 0.0,
  "185": 0.03633375962908262,
  "186": 0.0,
  "187": 6.310090080463291e-05,
  "188": 5.81034952970639e-05,
  "189": 0.0,
  "190": 0.0004765031894113413,
  "191": 0.00013614594873484406,
  "192": 3.659062237510133e-05,
  "193": 0.037721781241282545,
  "194": 0.00017236940956990055,
  "195": 6.15178618843297e-05,
  "196": 0.0014483753773049364,
  "197": 1.6767135341633735e-06,
  "198": 0.0,
  "199": 0.003741085954853956,
  "200": 0.0,
  "201": 0.0,
  "202": 0.0,
  "203": 0.0,
  "204": 0.0,
  "205": 0.0,
  "206": 3.4145870905625556e-05,
  "207": 0.0,
  "208": 0.0011308208333616857,
  "209": 0.00010889547713313367,
  "210": 1.9726361244536912e-05,
  "211": 9.607506148344963e-06,
  "212": 2.4343396496001574e-06,
  "213": 9.18754745260253e-05,
  "214": 0.0,
  "215": 0.0,
  "216": 0.0,
  "217": 0.00010868542279339754,
  "218": 0.00015033225649090925,
  "219": 0.0,
  "220": 0.0,
  "221": 0.0,
  "222": 0.0,
  "223": 6.036168722988144e-06,
  "224": 0.00011917093377443459,
  "225": 1.466275803155015e-06,
  "226": 0.0,
  "227": 0.00010386822980383594,
  "228": 0.0002250588151730957,
  "229": 0.0,
  "230": 0.008862722776645548,
  "231": 0.00042015230629323575,
  "232": 0.0,
  "233": 0.0,
  "234": 0.0,
  "235": 0.0,
  "236": 0.0,
  "237": 0.0,
  "238": 7.098087294624948e-06,
  "239": 0.0,
  "240": 0.0,
  "241": 0.0,
  "242": 0.0031556617086487084,
  "243": 3.2288228157879107e-06,
  "244": 0.0,
  "245": 0.0,
  "246": 0.0,
  "247": 0.0,
  "248": 0.0,
  "249": 0.0,
  "250": 0.0012130517267782948,
  "251": 0.0,
  "252": 0.0,
  "253": 0.0,
  "254": 0.014356845910884482,
  "255": 0.0,
  "256": 0.0,
  "257": 6.706854136653494e-06,
  "258": 0.0,
  "259": 0.0,
  "260": 8.298933559092435e-05,
  "261": 0.0,
  "262": 0.0,
  "263": 0.0,
  "264": 0.0,
  "265": 0.0,
  "266": 6.5280046930094e-05,
  "267": 2.6827416546613977e-05,
  "268": 1.2519461055086521e-05,
  "269": 0.0,
  "270": 2.662925949257649e-05,
  "271": 0.0008722929354521567,
  "272": 0.0,
  "273": 0.0,
  "274": 1.6614706838527976e-06,
  "275": 5.5039401302208036e-05,
  "276": 0.00011917093377443459,
  "277": 0.0,
  "278": 0.0,
  "279": 0.0,
  "280": 0.0,
  "281": 0.0,
  "282": 1.4363995755787727e-05,
  "283": 0.0,
  "284": 0.0,
  "285": 0.005345362746912835,
  "286": 0.0,
  "287": 0.01593548542868871,
  "288": 0.00011432775342356849,
  "289": 0.0,
  "290": 0.0,
  "291": 0.0,
  "292": 0.007344005279635576,
  "293": 0.0,
  "294": 9.18200268708514e-06,
  "295": 0.0,
  "296": 0.0,
  "297": 0.0,
  "298": 0.005338655892776181,
  "299": 0.0,
  "300": 0.003965460550463354,
  "301": 0.0,
  "302": 0.0,
  "303": 0.0,
  "304": 0.0,
  "305": 0.0,
  "306": 0.0,
  "307": 0.0,
  "308": 0.0,
  "309": 0.0,
  "310": 0.0,
  "311": 0.0,
  "312": 0.0,
  "313": 0.001984222796328936,
  "314": 3.294278630197268e-05,
  "315": 0.0,
  "316": 0.0,
  "317": 0.0,
  "318": 0.0,