{
  "1": 0.08613413409963304,
  "2": 0.07058808034958626,
  "3": 0.08983096547808049,
  "4": 0.028854071340953687,
  "5": 0.035664540124913005,
  "6": 0.13754408258217574,
  "7": 0.17092850107687838,
  "8": 0.06345206505799263,
  "9": 0.008838225326479925,
  "10": 0.06122934329594494,
  "11": 0.04156750315663259,
  "12": 0.037487807156751776,
  "13": 0.040348429825354665,
  "14": 0.11799583586807796,
  "15": 0.02685069270413986,
  "16": 0.009645596544335942,
  "17": 0.015622846772995488,
  "18": 0.020578707797352894,
  "19": 0.005643650243025608,
  "20": 0.03583705682235844,
  "21": 0.058914242606655634,
  "22": 0.008392364150771228,
  "23": 0.02855379952765754,
  "24": 0.0038984101576249428,
  "25": 0.0032107988533144473,
  "26": 0.004128500623409271,
  "27": 0.0012665080481286915,
  "28": 0.010690613206073018,
  "29": 0.004434981086285361,
  "30": 0.002738460874833575,
  "31": 0.0019562945239072326,
  "32": 0.007573733658062647,
  "33": 0.01581123613458977,
  "34": 0.019717810078407876,
  "35": 0.0018032182878500603,
  "36": 0.0007618952947083409,
  "37": 0.03236302297769667,
  "38": 0.0030038043305961317,
  "39": 0.000622867134007907,
  "40": 0.0013348309411017052,
  "41": 0.0018779201618999337,
  "42": 0.0013669300141602666,
  "43": 0.0012406363042847639,
  "44": 0.0010621347307462035,
  "45": 0.0010124101215975183,
  "46": 0.0002172289381462161,
  "47": 4.944862900887397e-05,
  "48": 0.0014960407881524948,
  "49": 0.0158392517433745,
  "50": 0.0007643302138066479,
  "51": 0.0002774033762038522,
  "52": 0.006904486060324505,
  "53": 9.16434074993746e-05,
  "54": 0.000622967161322014,
  "55": 0.000909107248861918,
  "56": 0.1933836710803815,
  "57": 0.0002288651918803705,
  "58": 0.0005860045156197985,
  "59": 0.001649099428077523,
  "60": 2.7352838299255033e-06,
  "61": 0.00026253572079024075,
  "62": 0.0007570219930861902,
  "63": 7.59807639309862e-05,
  "64": 0.000655922170749238,
  "65": 6.0413880257678407e-05,
  "66": 3.413932796448484e-05,
  "67": 0.0004579954470905714,
  "68": 4.2675534192692055e-05,
  "69": 0.00047504973054669986,
  "70": 1.47118090739496e-05,
  "71": 5.765609844196101e-06,
  "72": 0.004894106761845584,
  "73": 0.0026993514374859047,
  "74": 3.1981878933819665e-05,
  "75": 0.00043035365450947246,
  "76": 0.00019584586029059757,
  "77": 1.4913477815834783e-05,
  "78": 0.0003651354629464777,
  "79": 7.595369000911008e-07,
  "80": 0.0,
  "81": 0.00030576687364428106,
  "82": 5.966889130807328e-06,
  "83": 0.0006217368522961929,
  "84": 1.1565376644696636e-05,
  "85": 2.9013886175610383e-05,
  "86": 3.539477519917123e-05,
  "87": 0.0004367318428206201,
  "88": 6.48529123100844e-05,
  "89": 0.00016980680268729003,
  "90": 0.0006572555383082738,
  "91": 1.1276076047737136e-06,
  "92": 8.298885169091444e-07,
  "93": 1.5209123445287132e-05,
  "94": 0.00018846760004139783,
  "95": 7.258839179973774e-05,
  "96": 0.0003028706232801003,
  "97": 0.00011602344340650845,
  "98": 0.0,
  "99": 2.7437130559037017e-06,
  "100": 0.001974042895487405,
  "101": 2.7540588819063556e-06,
  "102": 0.0,
  "103": 8.298885169091444e-07,
  "104": 3.628813938738056e-05,
  "105": 6.326022470822818e-05,
  "106": 1.276062576661404e-05,
  "107": 2.7492535206172194e-05,
  "108": 6.5359025589015e-05,
  "109": 0.0236116848242953,
  "110": 1.2981008006426118e-06,
  "111": 0.0005972771647166543,
  "112": 6.28767575311265e-07,
  "113": 0.00026076585813707116,
  "114": 0.00014374213842124718,
  "115": 0.014712302304263528,
  "116": 3.7042545754749275e-06,
  "117": 0.0,
  "118": 3.7260300759186077e-07,
  "119": 0.000813537581950764,
  "120": 0.00018909983713081316,
  "121": 0.0,
  "122": 0.019056382203236764,
  "123": 0.0,
  "124": 9.667761909199466e-06,
  "125": 1.1756965514154334e-05,
  "126": 1.2981008006426118e-06,
  "127": 4.955230746110876e-05,
  "128": 0.0,
  "129": 3.869338924992401e-07,
  "130": 0.0,
  "131": 0.0,
  "132": 1.3825265231692541e-05,
  "133": 3.7260300759186077e-07,
  "134": 0.0,
  "135": 0.0,
  "136": 1.3036436454598327e-05,
  "137": 0.0,
  "138": 0.00021268168051399627,
  "139": 0.0,
  "140": 0.0,
  "141": 0.00017475603036218163,
  "142": 0.0,
  "143": 2.6913248310862816e-05,
  "144": 2.926490426894344e-05,
  "145": 0.0,
  "146": 9.745864940765538e-05,
  "147": 0.0,
  "148": 0.00015833205449425166,
  "149": 0.01200493356190292,
  "150": 0.0,
  "151": 0.0,
  "152": 0.0,
  "153": 2.528909841527043e-05,
  "154": 1.5068145720809586e-06,
  "155": 0.0,
  "156": 5.881620737839199e-05,
  "157": 0.00011706046878636421,
  "158": 0.0,
  "159": 8.496177509714672e-05,
  "160": 0.0013804691065801176,
  "161": 0.0,
  "162": 0.0,
  "163": 0.0,
  "164": 0.0,
  "165": 3.2807694818463344e-05,
  "166": 0.0007640540969554274,
  "167": 1.5068145720809586e-06,
  "168": 0.0,
  "169": 0.0,
  "170": 0.021121560389856017,
  "171": 3.5013170382065504e-05,
  "172": 0.0003791809090277186,
  "173": 0.0,
  "174": 0.0,
  "175": 0.0,
  "176": 0.0,
  "177": 0.0,
  "178": 0.0,
  "179": 0.000960875464048543,
  "180": 0.0,
  "181": 3.31998016239639e-05,
  "182": 1.9012473465643818e-06,
  "183": 2.628448073555155e-05,
  "184": 0.0,
  "185": 0.02862122937827302,
  "186": 0.0,
  "187": 0.00014731316254355204,
  "188": 3.621222554092702e-05,
  "189": 0.0,
  "190": 0.00015282435687700156,
  "191": 0.0002942325047074647,
  "192": 7.305887564535313e-05,
  "193": 0.045433220714143824,
  "194": 6.19116189614616e-05,
  "195": 4.2918795079518605e-05,
  "196": 0.0014515209891740246,
  "197": 0.0,
  "198": 0.0,
  "199": 0.0014279225179792824,
  "200": 0.0,
  "201": 0.0,
  "202": 0.0,
  "203": 0.0,
  "204": 0.0,
  "205": 0.0,
  "206": 2.8720001688271453e-05,
  "207": 0.0,
  "208": 0.0011048224902409358,
  "209": 3.31998016239639e-05,
  "210": 1.628842489720499e-05,
  "211": 1.8580761232837736e-05,
  "212": 5.8871275199514e-06,
  "213": 1.760785398509066e-05,
  "214": 0.0,
  "215": 0.0,
  "216": 0.0,
  "217": 6.806784542137095e-05,
  "218": 9.435196596829768e-05,
  "219": 0.0,
  "220": 0.0,
  "221": 0.0,
  "222": 0.0,
  "223": 0.0,
  "224": 7.723893184552158e-05,
  "225": 5.294884844726442e-07,
  "226": 0.0,
  "227": 3.2981354434501695e-05,
  "228": 0.00015121837992083936,
  "229": 0.0,
  "230": 0.005619355803253008,
  "231": 0.00016851371853234885,
  "232": 0.0,
  "233": 0.0,
  "234": 0.0,
  "235": 0.0,
  "236": 0.0,
  "237": 0.0,
  "238": 4.527126542241108e-06,
  "239": 0.0,
  "240": 0.0,
  "241": 0.0,
  "242": 0.0012244663000815525,
  "243": 1.4371830292828914e-06,
  "244": 0.0,
  "245": 0.0,
  "246": 0.0,
  "247": 0.0,
  "248": 0.0,
  "249": 0.0,
  "250": 0.00046605115154845194,
  "251": 0.0,
  "252": 0.0,
  "253": 0.0,
  "254": 0.01298196913860005,
  "255": 0.0,
  "256": 0.0,
  "257": 0.0,
  "258": 0.0,
  "259": 0.0,
  "260": 6.740388407336762e-05,
  "261": 0.0,
  "262": 0.0,
  "263": 0.0,
  "264": 0.0,
  "265": 0.0,
  "266": 0.00014218530769705406,
  "267": 0.0,
  "268": 0.0,
  "269": 0.0,
  "270": 8.96279598261876e-06,
  "271": 0.0008938200424818053,
  "272": 0.0,
  "273": 0.0,
  "274": 1.4587407747221349e-05,
  "275": 2.628448073555155e-05,
  "276": 7.723893184552158e-05,
  "277": 0.0,
  "278": 0.0,
  "279": 0.0,
  "280": 0.0,
  "281": 0.0,
  "282": 5.245825791742321e-06,
  "283": 0.0,
  "284": 0.0,
  "285": 0.002012056240996048,
  "286": 0.0,
  "287": 0.015955605991098666,
  "288": 0.00014753857964730453,
  "289": 0.0,
  "290": 0.0,
  "291": 0.0,
  "292": 0.0039838713571721755,
  "293": 0.0,
  "294": 2.131821493436289e-05,
  "295": 0.0,
  "296": 0.0,
  "297": 0.0,
  "298": 0.002012056240996048,
  "299": 0.0,
  "300": 0.0029025676587998883,
  "301": 0.0,
  "302": 0.0,
  "303": 0.0,
  "304": 0.0,
  "305": 0.0,
  "306": 0.0,
  "307": 0.0,
  "308": 0.0,
  "309": 0.0,
  "310": 0.0,
  "311": 0.0,
  "312": 0.0,
  "313": 0.002012056240996048,
  "314": 3.743510307445773e-05,
  "315": 0.0,
  "316": 0.0,
  "317": 0.0,
  "318": 0.0,
  "319": 0.0,
  "320": 0.0,
  "321": 3.6887697751594216e-05,
  "322": 2.213261865095653e-05,
  "323": 0.0,
  "324": 0.0,
  "325": 0.0,
  "326": 0.0,
  "327": 0.0,