{
  "1": 0.07718046941619579,
  "2": 0.06586861042852907,
  "3": 0.08273113205995339,
  "4": 0.04308197911201092,
  "5": 0.024467380216640296,
  "6": 0.12505927659482388,
  "7": 0.14331548847965345,
  "8": 0.058188279428782075,
  "9": 0.006849121137377234,
  "10": 0.06065878455380257,
  "11": 0.045310883789778385,
  "12": 0.024050769063580002,
  "13": 0.02964099155114299,
  "14": 0.1362799844819659,
  "15": 0.02594038191767976,
  "16": 0.011740237154359635,
  "17": 0.025421169630157073,
  "18": 0.026332300786538507,
  "19": 0.008029951573131695,
  "20": 0.035099263840747644,
  "21": 0.08448341515034095,
  "22": 0.010305185756709396,
  "23": 0.02941550671574378,
  "24": 0.005714810311665792,
  "25": 0.00519848250946181,
  "26": 0.005888865816839965,
  "27": 0.0013838773368024923,
  "28": 0.014495777914288606,
  "29": 0.004766290231446208,
  "30": 0.0026067735692432478,
  "31": 0.0027960599735741363,
  "32": 0.010945404584491709,
  "33": 0.018695508770695698,
  "34": 0.023618712437888763,
  "35": 0.002598951110115538,
  "36": 0.0007002524689511907,
  "37": 0.03345614887805198,
  "38": 0.00239526389825093,
  "39": 0.0006896509311864903,
  "40": 0.000646003570424259,
  "41": 0.0021861257218664214,
  "42": 0.0014730804817072046,
  "43": 0.0013917834683458558,
  "44": 0.001541110168264173,
  "45": 0.0014282026322264129,
  "46": 6.759994044312309e-05,
  "47": 7.504998472830517e-05,
  "48": 0.000764159949550232,
  "49": 0.03456137315612422,
  "50": 0.000576385651226714,
  "51": 0.00024904482928059186,
  "52": 0.009811517867847088,
  "53": 0.00034397619862992985,
  "54": 0.0018130951260182178,
  "55": 0.0007296726839997855,
  "56": 0.21243887919348842,
  "57": 0.00029445253092041696,
  "58": 0.0005174333065303856,
  "59": 0.003059252629864091,
  "60": 3.942179107505367e-06,
  "61": 0.00048558797756187053,
  "62": 0.00044558101789556704,
  "63": 8.181025559859499e-05,
  "64": 0.00017877819769801637,
  "65": 0.0002549261400077114,
  "66": 5.0776566949152945e-05,
  "67": 0.00012931782181741414,
  "68": 0.0001656160609898831,
  "69": 0.00016404613112665516,
  "70": 2.1697439749994505e-05,
  "71": 9.498255164802314e-06,
  "72": 0.004395574090870186,
  "73": 0.0026470935969969433,
  "74": 5.252242473964416e-06,
  "75": 0.0010896272442056962,
  "76": 0.00011617842136505827,
  "77": 1.9065705432299304e-05,
  "78": 8.411105197756163e-05,
  "79": 1.4443484717365812e-06,
  "80": 0.0,
  "81": 0.00033419296069874937,
  "82": 7.580739455545056e-06,
  "83": 0.00106595065767884,
  "84": 1.5993405558602818e-05,
  "85": 3.394409557785633e-05,
  "86": 3.378877470708358e-05,
  "87": 8.331876117474748e-05,
  "88": 0.00022846726415150687,
  "89": 0.000440656837709211,
  "90": 0.00012641147162470375,
  "91": 1.2230113384825107e-06,
  "92": 1.2668502258123267e-06,
  "93": 1.884168958730921e-05,
  "94": 0.0001630522085000655,
  "95": 0.000254294325385649,
  "96": 0.0007538522040227658,
  "97": 6.373058188726786e-05,
  "98": 0.0,
  "99": 2.0996166743590567e-06,
  "100": 0.006908684330611,
  "101": 2.9847436919584218e-06,
  "102": 0.0,
  "103": 1.2668502258123267e-06,
  "104": 6.15153519788028e-05,
  "105": 1.1001206041191538e-05,
  "106": 1.6421154267840212e-05,
  "107": 1.9028138843031898e-05,
  "108": 1.952930809437813e-05,
  "109": 0.03958870151756228,
  "110": 2.049888118949559e-06,
  "111": 0.00029082944633304744,
  "112": 0.0,
  "113": 0.00026366082854097393,
  "114": 2.0682519943820894e-05,
  "115": 0.03901275874484782,
  "116": 5.866775254830837e-06,
  "117": 0.0,
  "118": 3.7260300759186077e-07,
  "119": 0.0004729950003928983,
  "120": 0.0006365381082438276,
  "121": 2.428343739133162e-06,
  "122": 0.018753177156415585,
  "123": 0.0,
  "124": 2.8280817278750508e-05,
  "125": 8.782430388064871e-06,
  "126": 1.6124845882982441e-06,
  "127": 4.428073940907509e-05,
  "128": 0.0,
  "129": 5.002635867700793e-07,
  "130": 0.0,
  "131": 0.0,
  "132": 3.088715242795455e-05,
  "133": 3.7260300759186077e-07,
  "134": 0.0,
  "135": 0.0,
  "136": 1.1327358720619066e-05,
  "137": 0.0,
  "138": 0.000811465213829116,
  "139": 0.0,
  "140": 0.0,
  "141": 0.00021975204049298161,
  "142": 0.0,
  "143": 9.3615270481025e-05,
  "144": 2.3930838633312923e-05,
  "145": 1.5884654534179327e-06,
  "146": 9.646911852349432e-05,
  "147": 0.0,
  "148": 0.0001303373151303316,
  "149": 0.02675747363918888,
  "150": 0.0,
  "151": 0.0,
  "152": 0.0,
  "153": 5.825849671679272e-05,
  "154": 1.1850469990536922e-06,
  "155": 0.0,
  "156": 4.1499985809956355e-05,
  "157": 9.13925549898223e-05,
  "158": 0.0,
  "159": 7.010369997969089e-05,
  "160": 0.0002202355831034616,
  "161": 0.0,
  "162": 0.0,
  "163": 0.0,
  "164": 0.0,
  "165": 3.261501190612764e-05,
  "166": 0.0007642985898356675,
  "167": 1.1850469990536922e-06,
  "168": 0.0,
  "169": 0.0,
  "170": 0.042988419945647664,
  "171": 3.3741323254821884e-05,
  "172": 6.135351295499821e-05,
  "173": 2.3257956853765944e-06,
  "174": 0.0,
  "175": 0.0,
  "176": 0.0,
  "177": 9.145710186345673e-07,
  "178": 0.0,
  "179": 0.0032884778366195893,
  "180": 0.0,
  "181": 3.4233669048479394e-05,
  "182": 8.343121506453516e-06,
  "183": 7.485696785984105e-05,
  "184": 0.0,
  "185": 0.03563779938776579,
  "186": 0.0,
  "187": 8.029837800015435e-05,
  "188": 3.9059387497669165e-05,
  "189": 0.0,
  "190": 0.00016096827453233246,
  "191": 0.00019374129724009814,
  "192": 4.568858644428374e-05,
  "193": 0.038927899064207426,
  "194": 7.431342252088162e-05,
  "195": 5.646818487480515e-05,
  "196": 0.0013609999501271097,
  "197": 0.0,
  "198": 0.0,
  "199": 0.0014158811230231734,
  "200": 0.0,
  "201": 0.0,
  "202": 0.0,
  "203": 0.0,
  "204": 0.0,
  "205": 0.0,
  "206": 2.0172930010513854e-05,
  "207": 0.0,
  "208": 0.003942747782134711,
  "209": 3.4233669048479394e-05,
  "210": 2.38923833033562e-05,
  "211": 1.6783912905648928e-05,
  "212": 3.6515094744002353e-06,
  "213": 2.791554275174354e-05,
  "214": 0.0,
  "215": 0.0,
  "216": 0.0,
  "217": 0.00011415010629222731,
  "218": 0.00032090132935901365,
  "219": 0.0,
  "220": 0.0,
  "221": 0.0,
  "222": 0.0,
  "223": 0.0,
  "224": 0.00022726046317555248,
  "225": 8.383567670816867e-07,
  "226": 0.0,
  "227": 3.99354512324428e-05,
  "228": 0.0004623356525077587,
  "229": 0.0,
  "230": 0.01459830401102515,
  "231": 0.0001477384670422025,
  "232": 0.0,
  "233": 0.0,
  "234": 0.0,
  "235": 0.0,
  "236": 0.0,
  "237": 0.0,
  "238": 5.133322973823251e-06,
  "239": 0.0,
  "240": 0.0,
  "241": 0.0,
  "242": 0.004075901423457715,
  "243": 1.0579263965554619e-06,
  "244": 0.0,
  "245": 0.0,
  "246": 0.0,
  "247": 0.0,
  "248": 0.0,
  "249": 0.0,
  "250": 0.0015877097384948287,
  "251": 0.0,
  "252": 0.0,
  "253": 0.0,
  "254": 0.011682829972237371,
  "255": 0.0,
  "256": 0.0,
  "257": 5.03014060249012e-06,
  "258": 0.0,
  "259": 0.0,
  "260": 8.838675630089782e-05,
  "261": 0.0,
  "262": 0.0,
  "263": 0.0,
  "264": 0.0,
  "265": 0.0,
  "266": 3.353427068326747e-05,
  "267": 4.527126542241108e-05,
  "268": 5.365483309322795e-06,
  "269": 0.0,
  "270": 1.6767135341633734e-05,
  "271": 0.0030592079365315376,
  "272": 0.0,
  "273": 0.0,
  "274": 1.1652440060062305e-05,
  "275": 7.15035407915143e-05,
  "276": 0.0002702713524482144,
  "277": 0.0,
  "278": 0.0,
  "279": 0.0,
  "280": 0.0,
  "281": 0.0,
  "282": 5.786524829207769e-05,
  "283": 0.0,
  "284": 0.0,
  "285": 0.007001955718666248,
  "286": 0.0,
  "287": 0.010995887357043406,
  "288": 2.2132618650956527e-05,
  "289": 0.0,
  "290": 0.0,
  "291": 0.0,
  "292": 0.009003951678457316,
  "293": 0.0,
  "294": 1.9641501400199518e-05,
  "295": 0.0,
  "296": 0.0,
  "297": 0.0,
  "298": 0.007001955718666248,
  "299": 0.0,
  "300": 0.002997692531479497,
  "301": 0.0,
  "302": 0.0,
  "303": 0.0,
  "304": 0.0,
  "305": 0.0,
  "306": 0.0,
  "307": 0.0,
  "308": 0.0,
  "309": 0.0,
  "310": 0.0,
  "311": 0.0,
  "312": 0.0,
  "313": 0.002012391583702881,
  "314": 0.00011066959851279117,
  "315": 0.0,
  "316": 0.0,
  "317": 0.0,
  "318": 0.0,
  "319": 0.0,
  "320": 0.0,
  "321": 1.7940834815548095e-05,