{
  "1": 0.08535813792626348,
  "2": 0.05555711049859915,
  "3": 0.08452029223951407,
  "4": 0.0370558815641052,
  "5": 0.03237139817244977,
  "6": 0.14855883594003957,
  "7": 0.13971043397114244,
  "8": 0.040400550943330005,
  "9": 0.00799811903086064,
  "10": 0.06376184011896237,
  "11": 0.04862662480987729,
  "12": 0.03748685046174857,
  "13": 0.022937377169183638,
  "14": 0.1369092798865572,
  "15": 0.02538284434212179,
  "16": 0.011571629721657596,
  "17": 0.028449248356090126,
  "18": 0.020701055831582774,
  "19": 0.007026671235666121,
  "20": 0.03190889003810103,
  "21": 0.0881485201471943,
  "22": 0.011565473760366053,
  "23": 0.04032047596770668,
  "24": 0.003511071857378662,
  "25": 0.004158015212764644,
  "26": 0.0058310381255492,
  "27": 0.0016300580282376468,
  "28": 0.013371754328912364,
  "29": 0.004307957300164205,
  "30": 0.00561700452782025,
  "31": 0.002480851832145155,
  "32": 0.013812894177106546,
  "33": 0.026052571550264293,
  "34": 0.02282676405718241,
  "35": 0.0022034805797689593,
  "36": 0.0008146914342238341,
  "37": 0.03069075837807352,
  "38": 0.0026385749508289215,
  "39": 0.00040732701250102205,
  "40": 0.000573633270667769,
  "41": 0.002689897672138189,
  "42": 0.004694068384855603,
  "43": 0.0013851839364710248,
  "44": 0.000745412358516103,
  "45": 0.0010829274963665384,
  "46": 3.872313827172049e-05,
  "47": 0.0001751793702165447,
  "48": 0.0005266152377151298,
  "49": 0.023929433600611793,
  "50": 0.00031666866129228345,
  "51": 0.0001654070802097296,
  "52": 0.007212164636063762,
  "53": 0.00014737308989125336,
  "54": 0.0026114652879354345,
  "55": 0.0006128806870710882,
  "56": 0.2055527165935252,
  "57": 0.00013195748778983165,
  "58": 0.0030841246362295818,
  "59": 0.004105362607452664,
  "60": 3.9545713676719565e-06,
  "61": 0.0010612335892436905,
  "62": 0.00025460136178040416,
  "63": 0.00010333900830559487,
  "64": 0.00016043675980218308,
  "65": 8.987131223267997e-05,
  "66": 7.952532070194082e-05,
  "67": 0.00010258393339701782,
  "68": 0.00020486868324219264,
  "69": 0.0001560709880297478,
  "70": 1.0163748148336869e-05,
  "71": 1.0219444146482327e-05,
  "72": 0.002973083701656202,
  "73": 0.0020462992970086413,
  "74": 6.546614254891067e-06,
  "75": 0.0003483130608534656,
  "76": 6.711244929795861e-05,
  "77": 1.79146428319674e-05,
  "78": 8.204670689870643e-05,
  "79": 6.142012544375503e-06,
  "80": 0.0,
  "81": 0.0002073182228591522,
  "82": 2.3671249894071155e-06,
  "83": 0.0016768201686796235,
  "84": 8.746920743604873e-06,
  "85": 3.8577192463337903e-05,
  "86": 5.7631980729367926e-05,
  "87": 7.087894560259656e-05,
  "88": 5.3071821023270577e-05,
  "89": 0.00019483403012620599,
  "90": 0.00011473639682546922,
  "91": 7.227477517124313e-07,
  "92": 6.83057810300418e-06,
  "93": 3.084288779048085e-05,
  "94": 0.00016579617076381266,
  "95": 7.235467210676776e-05,
  "96": 0.0011103953768299309,
  "97": 1.7293757500069562e-05,
  "98": 0.0,
  "99": 4.18452533526054e-06,
  "100": 0.0019707642727963487,
  "101": 1.9021540093450034e-06,
  "102": 0.0,
  "103": 6.83057810300418e-06,
  "104": 4.0016622205538934e-05,
  "105": 1.0059468618530477e-05,
  "106": 1.62765153452068e-05,
  "107": 1.9600190826176935e-05,
  "108": 1.1611975378204748e-05,
  "109": 0.059494899950452595,
  "110": 0.0,
  "111": 0.0007100835882480014,
  "112": 0.0,
  "113": 0.00026055584590265574,
  "114": 2.454741552257614e-05,
  "115": 0.035277028440099445,
  "116": 1.0016333817914592e-05,
  "117": 0.0,
  "118": 1.4637975298251675e-06,
  "119": 0.00013658397896754127,
  "120": 0.00016406800431504037,
  "121": 6.93812496895189e-07,
  "122": 0.019427469638119133,
  "123": 0.0,
  "124": 7.771702471075316e-06,
  "125": 7.605787214589561e-06,
  "126": 0.0,
  "127": 5.109286906076426e-05,
  "128": 0.0,
  "129": 0.0,
  "130": 0.0,
  "131": 0.0,
  "132": 6.324666832045541e-06,
  "133": 1.4637975298251675e-06,
  "134": 0.0,
  "135": 0.0,
  "136": 9.926411091230938e-06,
  "137": 0.0,
  "138": 0.00021600830522718056,
  "139": 0.0,
  "140": 0.0,
  "141": 0.00030815128121227173,
  "142": 0.0,
  "143": 2.495539352385575e-05,
  "144": 2.7144789863877734e-05,
  "145": 0.0,
  "146": 7.835105963073263e-05,
  "147": 0.0,
  "148": 0.0006664197353937383,
  "149": 0.021709703591539547,
  "150": 0.0,
  "151": 0.0,
  "152": 0.0,
  "153": 2.173609647871285e-05,
  "154": 1.0870584469817207e-06,
  "155": 0.0,
  "156": 0.0002859419705578971,
  "157": 0.00021605444404601188,
  "158": 0.0,
  "159": 7.849508217181905e-05,
  "160": 0.001379926948559848,
  "161": 0.0,
  "162": 0.0,
  "163": 0.0,
  "164": 0.0,
  "165": 3.485336349860579e-05,
  "166": 0.0007804392473715937,
  "167": 1.0870584469817207e-06,
  "168": 0.0,
  "169": 0.0,
  "170": 0.045336657250243474,
  "171": 3.917826330014277e-05,
  "172": 0.0003767011905606472,
  "173": 7.002268912835169e-06,
  "174": 0.0,
  "175": 0.0,
  "176": 0.0,
  "177": 0.0,
  "178": 0.0,
  "179": 0.0010940464776827879,
  "180": 0.0,
  "181": 3.111035860446801e-05,
  "182": 1.373077127860615e-05,
  "183": 2.208102746528996e-05,
  "184": 0.0,
  "185": 0.02317392419428331,
  "186": 0.0,
  "187": 3.2139741115263436e-05,
  "188": 1.1391498696237036e-05,
  "189": 0.0,
  "190": 0.00016591204916529387,
  "191": 4.865048808357111e-05,
  "192": 8.991565108037622e-06,
  "193": 0.028024992945972778,
  "194": 5.820065868814138e-05,
  "195": 6.369328868797488e-05,
  "196": 0.0013510082431258585,
  "197": 0.0,
  "198": 0.0,
  "199": 0.0013869643943172593,
  "200": 0.0,
  "201": 0.0,
  "202": 0.0,
  "203": 0.0,
  "204": 0.0,
  "205": 0.0,
  "206": 1.019076506159815e-05,
  "207": 0.0,
  "208": 0.006753073811809046,
  "209": 0.0002363437687753932,
  "210": 2.0552138780044256e-05,
  "211": 9.699107928044883e-06,
  "212": 7.452060151837215e-07,
  "213": 2.3549817952689837e-05,
  "214": 0.0,
  "215": 0.0,
  "216": 0.0,
  "217": 0.00017006212602955825,
  "218": 0.00014033494714719522,
  "219": 0.0,
  "220": 0.0,
  "221": 0.0,
  "222": 0.0,
  "223": 1.4084393686972336e-05,
  "224": 6.665163619506169e-05,
  "225": 0.0,
  "226": 0.0,
  "227": 3.6477411030734544e-05,
  "228": 9.156990515135655e-05,
  "229": 0.0,
  "230": 0.015441767592641261,
  "231": 0.0002969171184870173,
  "232": 0.0,
  "233": 0.0,
  "234": 0.0,
  "235": 0.0,
  "236": 0.0,
  "237": 0.0,
  "238": 4.8831057233404086e-05,
  "239": 0.0,
  "240": 0.0,
  "241": 0.0,
  "242": 0.001411515692013539,
  "243": 1.016072948122044e-05,
  "244": 0.0,
  "245": 0.0,
  "246": 0.0,
  "247": 0.0,
  "248": 0.0,
  "249": 0.0,
  "250": 0.00042714908688031174,
  "251": 0.0,
  "252": 0.0,
  "253": 0.0,
  "254": 0.010053904816528647,
  "255": 0.0,
  "256": 0.0,
  "257": 2.012056240996048e-05,
  "258": 0.0,
  "259": 0.0,
  "260": 9.092577965263094e-05,
  "261": 0.0,
  "262": 0.0,
  "263": 0.0,
  "264": 0.0,
  "265": 0.0,
  "266": 0.0001589524430386878,
  "267": 2.012056240996048e-05,
  "268": 1.073096661864559e-05,
  "269": 0.0,
  "270": 2.012056240996048e-05,
  "271": 0.005245488238664063,
  "272": 0.0,
  "273": 0.0,
  "274": 2.0120562409960483e-06,
  "275": 2.208102746528996e-05,
  "276": 0.00039898997701568004,
  "277": 0.0,
  "278": 0.0,
  "279": 0.0,
  "280": 0.0,
  "281": 0.0,
  "282": 9.838920626320692e-05,
  "283": 0.0,
  "284": 0.0,
  "285": 0.002012056240996048,
  "286": 0.0,
  "287": 0.006036168722988145,
  "288": 0.00016061694521377884,
  "289": 0.0,
  "290": 0.0,
  "291": 0.0,
  "292": 0.004024112481992096,
  "293": 0.0,
  "294": 0.0,
  "295": 0.0,
  "296": 0.0,
  "297": 0.0,
  "298": 0.002012056240996048,
  "299": 0.0,
  "300": 0.004231939393055212,
  "301": 0.0,
  "302": 0.0,
  "303": 0.0,
  "304": 0.0,
  "305": 0.0,
  "306": 0.0,
  "307": 0.0,
  "308": 0.0,
  "309": 0.0,
  "310": 0.0,
  "311": 0.0,
  "312": 0.0,
  "313": 0.0020362009158880006,
  "314": 2.6124365121393934e-05,
  "315": 0.0,
  "316": 0.0,
  "317": 0.0,
  "318": 0.0,
  "319": 0.0,
  "320": 0.0,
  "321": 3.252824256276944e-05,
  "322": 7.444608091685378e-05,
  "323": 0.0,
  "324": 0.0,
  "325": 0.0,
  "326": 0.0,