{
  "1": 0.09142091311632985,
  "2": 0.06138958820236751,
  "3": 0.09561533561977895,
  "4": 0.04923733534804436,
  "5": 0.03659178571703463,
  "6": 0.14119080344239318,
  "7": 0.14924599369133645,
  "8": 0.05221371333943836,
  "9": 0.010653168307985315,
  "10": 0.053790553277673035,
  "11": 0.047422605398959594,
  "12": 0.035142473402307264,
  "13": 0.0368660487040454,
  "14": 0.13252805750046612,
  "15": 0.027406689159600525,
  "16": 0.008544808974153975,
  "17": 0.02186045140768113,
  "18": 0.02383817399195496,
  "19": 0.00741508008503635,
  "20": 0.021692699156716216,
  "21": 0.07312889053067002,
  "22": 0.008540288784208271,
  "23": 0.025856091131134153,
  "24": 0.006688251116322593,
  "25": 0.005538418806478932,
  "26": 0.004764463440916521,
  "27": 0.0013429283046205772,
  "28": 0.008441841087201047,
  "29": 0.004024516926767994,
  "30": 0.004628876372064628,
  "31": 0.0033093449114756203,
  "32": 0.01495520957235775,
  "33": 0.027210633066710857,
  "34": 0.02329594179090863,
  "35": 0.0019457519169389598,
  "36": 0.0006330177297002693,
  "37": 0.03527564222120232,
  "38": 0.00304031258565241,
  "39": 0.0007021947173405909,
  "40": 0.0006239026876103545,
  "41": 0.001502985648629257,
  "42": 0.002378458980248223,
  "43": 0.0012861263227375375,
  "44": 0.0014096870548151938,
  "45": 0.0023357531811928254,
  "46": 0.00010925086814793945,
  "47": 0.00010942817923276292,
  "48": 0.0006871814032704963,
  "49": 0.021775521590320753,
  "50": 0.0005244717751489256,
  "51": 0.00018773544435784082,
  "52": 0.006424456385575992,
  "53": 0.00013469910287243074,
  "54": 0.0014801711062847878,
  "55": 0.0015125153441762757,
  "56": 0.195578948674662,
  "57": 9.965130933839995e-05,
  "58": 0.0014437591863132474,
  "59": 0.003337830120627671,
  "60": 6.612032979567216e-06,
  "61": 0.0005101386939782979,
  "62": 0.0003847754367893366,
  "63": 0.0001538644488553038,
  "64": 0.00019943066023452992,
  "65": 7.874434474917507e-05,
  "66": 3.905872399000029e-05,
  "67": 0.0001252228156818881,
  "68": 0.00012388211772433906,
  "69": 0.00016550446708303018,
  "70": 1.4412602201426712e-05,
  "71": 9.835903247532775e-06,
  "72": 0.007108359748648782,
  "73": 0.002245137732738058,
  "74": 6.413858820368138e-06,
  "75": 0.000893056123209473,
  "76": 8.582834502572014e-05,
  "77": 5.0414575096330524e-05,
  "78": 7.490839245622628e-05,
  "79": 1.494438326603326e-06,
  "80": 0.0,
  "81": 0.00020277880669688516,
  "82": 5.220276521205807e-06,
  "83": 0.0012973323045970273,
  "84": 1.3153845286469003e-05,
  "85": 8.42426946982968e-05,
  "86": 5.46200708672318e-05,
  "87": 0.000196839387517923,
  "88": 0.00016585190569416047,
  "89": 0.00045847260762877734,
  "90": 0.00029056486181422593,
  "91": 1.1722930650804757e-06,
  "92": 1.1318712943386999e-06,
  "93": 4.258036586435959e-05,
  "94": 0.00016792763700493476,
  "95": 7.314067395372529e-05,
  "96": 0.0005077679164479967,
  "97": 2.0077513612637397e-05,
  "98": 0.0,
  "99": 4.954626732530458e-06,
  "100": 0.0052560036390757025,
  "101": 1.371293937589079e-06,
  "102": 0.0,
  "103": 1.1318712943386999e-06,
  "104": 2.1845065338154258e-05,
  "105": 1.5801765163223607e-05,
  "106": 1.299340856217997e-05,
  "107": 4.6863937346248615e-05,
  "108": 2.2640876382201825e-05,
  "109": 0.0368763504632429,
  "110": 2.0841337582781063e-06,
  "111": 0.00044323367084649794,
  "112": 4.191783835408434e-07,
  "113": 0.0007460565735721761,
  "114": 2.6836071274679276e-05,
  "115": 0.030960410705174395,
  "116": 1.2931405989864937e-05,
  "117": 0.0,
  "118": 2.439662549708612e-07,
  "119": 0.00012947077072580516,
  "120": 0.00017891047862416464,
  "121": 1.8501666583871708e-06,
  "122": 0.01920650631273267,
  "123": 0.0,
  "124": 2.365845627322147e-05,
  "125": 8.747663011033351e-06,
  "126": 1.5009290507430199e-06,
  "127": 5.5308269090447156e-05,
  "128": 0.0,
  "129": 4.6248702201313293e-07,
  "130": 0.0,
  "131": 0.0,
  "132": 2.2807993253861538e-05,
  "133": 2.439662549708612e-07,
  "134": 0.0,
  "135": 0.0,
  "136": 1.3303474162621267e-05,
  "137": 0.0,
  "138": 0.00020951027872854924,
  "139": 0.0,
  "140": 0.0,
  "141": 0.00022442320552084922,
  "142": 0.0,
  "143": 3.2753927681565785e-05,
  "144": 8.383715176383692e-05,
  "145": 1.6603712969882919e-06,
  "146": 0.00017944554306419797,
  "147": 0.0,
  "148": 0.0003079334379823591,
  "149": 0.02495680234289984,
  "150": 0.0,
  "151": 0.0,
  "152": 0.0,
  "153": 1.953949385551499e-05,
  "154": 1.1087469841121788e-06,
  "155": 0.0,
  "156": 0.0001396532763851411,
  "157": 0.00011402514163778484,
  "158": 0.0,
  "159": 0.00012527657665991257,
  "160": 0.0006218446328564179,
  "161": 0.0,
  "162": 0.0,
  "163": 0.0,
  "164": 0.0,
  "165": 3.1887694033465045e-05,
  "166": 0.0008250555952441756,
  "167": 1.1087469841121788e-06,
  "168": 0.0,
  "169": 0.0,
  "170": 0.04062702443198375,
  "171": 5.943800499754062e-05,
  "172": 0.00011401951352555133,
  "173": 2.778208340221386e-06,
  "174": 0.0,
  "175": 0.0,
  "176": 0.0,
  "177": 0.0,
  "178": 0.0,
  "179": 0.0025194147725396917,
  "180": 0.0,
  "181": 0.00010667777269371675,
  "182": 3.3569085466083563e-06,
  "183": 2.6095210691310515e-05,
  "184": 0.0,
  "185": 0.03680385811979051,
  "186": 0.0,
  "187": 2.6236371687064533e-05,
  "188": 2.1043335973882255e-05,
  "189": 0.0,
  "190": 0.0004607757957605038,
  "191": 4.260368246153682e-05,
  "192": 3.67793431532154e-05,
  "193": 0.027829080512209222,
  "194": 6.315141209595913e-05,
  "195": 6.962602254105969e-05,
  "196": 0.0013984510212731263,
  "197": 1.6767135341633735e-06,
  "198": 0.0,
  "199": 0.0037263527373277865,
  "200": 0.0,
  "201": 0.0,
  "202": 0.0,
  "203": 0.0,
  "204": 0.0,
  "205": 0.0,
  "206": 1.5666988178761182e-05,
  "207": 0.0,
  "208": 0.0030143299752073095,
  "209": 0.00010667777269371675,
  "210": 5.5443221946871856e-05,
  "211": 6.829818810575927e-06,
  "212": 1.9623758399838006e-06,
  "213": 8.904554003913429e-05,
  "214": 0.0,
  "215": 0.0,
  "216": 0.0,
  "217": 9.385527149934766e-05,
  "218": 9.371972140943673e-05,
  "219": 0.0,
  "220": 0.0,
  "221": 0.0,
  "222": 0.0,
  "223": 8.048224963984193e-06,
  "224": 0.00021182851196038934,
  "225": 4.484360164649087e-06,
  "226": 0.0,
  "227": 4.055281691377176e-05,
  "228": 0.00012371614287472055,
  "229": 0.0,
  "230": 0.012125076209460716,
  "231": 0.00022937229407522263,
  "232": 0.0,
  "233": 0.0,
  "234": 0.0,
  "235": 0.0,
  "236": 0.0,
  "237": 0.0,
  "238": 1.6234026423079227e-05,
  "239": 0.0,
  "240": 0.0,
  "241": 0.0,
  "242": 0.0030552044679402414,
  "243": 1.3775150361316603e-06,
  "244": 0.0,
  "245": 0.0,
  "246": 0.0,
  "247": 0.0,
  "248": 3.353427068326747e-06,
  "249": 0.0,
  "250": 0.0012147334077006035,
  "251": 0.0,
  "252": 0.0,
  "253": 0.0,
  "254": 0.014777629024687575,
  "255": 0.0,
  "256": 0.0,
  "257": 6.706854136653494e-06,
  "258": 0.0,
  "259": 0.0,
  "260": 0.0002240815131657056,
  "261": 0.0,
  "262": 0.0,
  "263": 0.0,
  "264": 0.0,
  "265": 0.0,
  "266": 2.503892211017305e-05,
  "267": 1.3413708273306988e-05,
  "268": 2.5038922110173045e-05,
  "269": 0.0,
  "270": 4.4712360911023294e-06,
  "271": 0.002313147827341117,
  "272": 0.0,
  "273": 0.0,
  "274": 7.8389473399088e-06,
  "275": 2.4977401668534935e-05,
  "276": 0.0001831545857786147,
  "277": 0.0,
  "278": 0.0,
  "279": 0.0,
  "280": 0.0,
  "281": 0.0,
  "282": 3.9492484914874314e-05,
  "283": 0.0,
  "284": 0.0,
  "285": 0.005338655892776181,
  "286": 0.0,
  "287": 0.01593548542868871,
  "288": 8.517892620612589e-05,
  "289": 0.0,
  "290": 0.0,
  "291": 0.0,
  "292": 0.007330591571362269,
  "293": 0.0,
  "294": 3.353427068326747e-06,
  "295": 0.0,
  "296": 0.0,
  "297": 0.0,
  "298": 0.005338655892776181,
  "299": 0.0,
  "300": 0.0034949481240669983,
  "301": 0.0,
  "302": 0.0,
  "303": 0.0,
  "304": 0.0,
  "305": 0.0,
  "306": 0.0,
  "307": 0.0,
  "308": 0.0,
  "309": 0.0,
  "310": 0.0,
  "311": 0.0,
  "312": 0.0,
  "313": 0.005238132924228008,
  "314": 3.02914311130431e-05,
  "315": 0.0,
  "316": 0.0,
  "317": 0.0,