{
  "1": 0.08401674170657165,
  "2": 0.047853929163861136,
  "3": 0.09791768865127644,
  "4": 0.039814606539013836,
  "5": 0.0386502690027106,
  "6": 0.14003325683807613,
  "7": 0.1378767392137536,
  "8": 0.04467728192500047,
  "9": 0.012121428137719926,
  "10": 0.06045936072406744,
  "11": 0.05441954572911082,
  "12": 0.0356496324637114,
  "13": 0.03510044508309963,
  "14": 0.1295783700659725,
  "15": 0.022738486002713484,
  "16": 0.007510669607965996,
  "17": 0.02406430089244223,
  "18": 0.021576023204735204,
  "19": 0.009452220493989328,
  "20": 0.032186126178174894,
  "21": 0.08349423695902244,
  "22": 0.013157111302085293,
  "23": 0.026985372692468344,
  "24": 0.007581234774632625,
  "25": 0.006579451128964239,
  "26": 0.006094201208831435,
  "27": 0.0017756894323333052,
  "28": 0.007625310189105536,
  "29": 0.003656098033934415,
  "30": 0.0041649049829620465,
  "31": 0.0039451433886676605,
  "32": 0.021455300321683808,
  "33": 0.024184759651148757,
  "34": 0.017957109324754257,
  "35": 0.0021668121289361666,
  "36": 0.000983832631045738,
  "37": 0.033327689635580714,
  "38": 0.0032014481363631733,
  "39": 0.0005833444959345801,
  "40": 0.000933464292760156,
  "41": 0.002189813450199628,
  "42": 0.000977666116277405,
  "43": 0.001337687802782772,
  "44": 0.0018028326510189097,
  "45": 0.002824089418302282,
  "46": 0.00010311311012487782,
  "47": 0.00018075597165044348,
  "48": 0.0007251529144050249,
  "49": 0.0253565458388435,
  "50": 0.0006309096431824199,
  "51": 0.00015789274587132293,
  "52": 0.0073096708206511546,
  "53": 0.00037881426490684456,
  "54": 0.0012966642017312583,
  "55": 0.0006938095999388099,
  "56": 0.20715773638998158,
  "57": 0.00016759260403019028,
  "58": 0.0005565939668471533,
  "59": 0.005055307859138174,
  "60": 8.94679190601287e-06,
  "61": 0.0002476615769300407,
  "62": 0.00018419173224518454,
  "63": 0.00015833167213348813,
  "64": 0.00032144531768149066,
  "65": 0.0002471486585848316,
  "66": 0.0001250829220156603,
  "67": 0.00030383199743112506,
  "68": 0.00016825462272111635,
  "69": 0.000351272920970267,
  "70": 2.013094802870269e-05,
  "71": 5.70849801366844e-06,
  "72": 0.003149078429124427,
  "73": 0.0017004747710341274,
  "74": 5.352490261917445e-06,
  "75": 0.0004228123488011034,
  "76": 3.1870290844546355e-05,
  "77": 7.040134000570201e-05,
  "78": 0.00024309061175645667,
  "79": 3.151668681523572e-06,
  "80": 0.0,
  "81": 0.00011641429666456873,
  "82": 6.675032346502855e-06,
  "83": 0.0021310085300306806,
  "84": 1.416529700913755e-05,
  "85": 0.00011919745647193103,
  "86": 0.00011297999169447157,
  "87": 6.364835576614026e-05,
  "88": 5.638037557646927e-05,
  "89": 0.0004150323073923954,
  "90": 0.00010385480933193075,
  "91": 1.742505139213041e-06,
  "92": 4.10278999051006e-06,
  "93": 6.581537300119636e-05,
  "94": 0.0002547507857890992,
  "95": 6.36001347786356e-05,
  "96": 0.0007370574891124956,
  "97": 1.6135114709354422e-05,
  "98": 0.0,
  "99": 1.4440595031072115e-06,
  "100": 0.0019901760628587735,
  "101": 3.171603615984128e-06,
  "102": 0.0,
  "103": 4.10278999051006e-06,
  "104": 1.6843339175231064e-05,
  "105": 4.364673034777752e-05,
  "106": 5.290532158196407e-05,
  "107": 5.891692240937899e-05,
  "108": 5.298491813528187e-05,
  "109": 0.03942336892670305,
  "110": 2.8016754372565065e-06,
  "111": 0.0002857990096935625,
  "112": 0.0,
  "113": 0.0003084871409335372,
  "114": 8.452528566755348e-05,
  "115": 0.029219034194376256,
  "116": 2.0528588182851522e-05,
  "117": 0.0,
  "118": 7.385523900481527e-07,
  "119": 0.00012054223092888056,
  "120": 0.00015946018837719418,
  "121": 2.7752499875807566e-06,
  "122": 0.01408273130515878,
  "123": 0.0,
  "124": 3.052443697563264e-05,
  "125": 2.7679392283773963e-05,
  "126": 1.9268683759538767e-06,
  "127": 5.1996205270494526e-05,
  "128": 0.0,
  "129": 3.104469602610182e-07,
  "130": 0.0,
  "131": 0.0,
  "132": 3.987481015200028e-06,
  "133": 7.385523900481527e-07,
  "134": 0.0,
  "135": 0.0,
  "136": 1.3391287115538939e-05,
  "137": 0.0,
  "138": 0.00020522895479153087,
  "139": 0.0,
  "140": 0.0,
  "141": 0.0004699217389537835,
  "142": 0.0,
  "143": 3.037864248953837e-05,
  "144": 0.00010659273541173064,
  "145": 5.13799936784566e-06,
  "146": 0.00011086735003821674,
  "147": 0.0,
  "148": 0.0001182909676826492,
  "149": 0.02657948940876241,
  "150": 0.0,
  "151": 0.0,
  "152": 0.0,
  "153": 2.173999954556311e-05,
  "154": 3.4175066303649403e-06,
  "155": 0.0,
  "156": 5.18191458276922e-05,
  "157": 0.00017397994774281833,
  "158": 0.0,
  "159": 4.118797372072829e-05,
  "160": 0.0008104471546394905,
  "161": 0.0,
  "162": 0.0,
  "163": 0.0,
  "164": 0.0,
  "165": 2.8835092119495633e-05,
  "166": 0.0008885889225591665,
  "167": 3.4175066303649403e-06,
  "168": 0.0,
  "169": 0.0,
  "170": 0.035763964340997934,
  "171": 2.061992477665018e-05,
  "172": 0.00013369092159328647,
  "173": 2.1999061286482835e-06,
  "174": 0.0,
  "175": 0.0,
  "176": 0.0,
  "177": 9.145710186345673e-07,
  "178": 0.0,
  "179": 0.003221949813009582,
  "180": 0.0,
  "181": 0.00014531364982533088,
  "182": 9.024447602162595e-06,
  "183": 2.2030971731577763e-05,
  "184": 0.0,
  "185": 0.03311758381703329,
  "186": 0.0,
  "187": 2.7547414565993095e-05,
  "188": 1.896590771312114e-05,
  "189": 0.0,
  "190": 0.00017054476922787664,
  "191": 3.930805344190136e-05,
  "192": 5.057584250468701e-05,
  "193": 0.029310117106624026,
  "194": 6.782901537740617e-05,
  "195": 5.3735162175833275e-05,
  "196": 0.0015171892577242206,
  "197": 5.03014060249012e-06,
  "198": 0.0,
  "199": 0.0048972996171554525,
  "200": 0.0,
  "201": 0.0,
  "202": 0.0,
  "203": 0.0,
  "204": 0.0,
  "205": 0.0,
  "206": 1.1190832672490904e-05,
  "207": 0.0,
  "208": 0.003953672888766237,
  "209": 4.269694473986828e-05,
  "210": 6.689366662407365e-05,
  "211": 6.688562716280803e-06,
  "212": 3.6887697751594212e-06,
  "213": 3.7392649490428145e-05,
  "214": 0.0,
  "215": 0.0,
  "216": 0.0,
  "217": 0.00017742303364331718,
  "218": 0.0002015808053379594,
  "219": 0.0,
  "220": 0.0,
  "221": 0.0,
  "222": 0.0,
  "223": 1.4084393686972336e-05,
  "224": 0.00010188129571174571,
  "225": 2.8504130080777348e-06,
  "226": 0.0,
  "227": 0.00013916196092295279,
  "228": 0.00010132581710833024,
  "229": 0.0,
  "230": 0.010509218124699642,
  "231": 0.0004077477466827062,
  "232": 0.0,
  "233": 0.0,
  "234": 0.0,
  "235": 0.0,
  "236": 0.0,
  "237": 0.0,
  "238": 2.525388538378373e-05,
  "239": 0.0,
  "240": 0.0,
  "241": 0.0,
  "242": 0.004079504645244912,
  "243": 1.2877984133359242e-06,
  "244": 0.0,
  "245": 0.0,
  "246": 0.0,
  "247": 0.0,
  "248": 5.03014060249012e-06,
  "249": 0.0,
  "250": 0.0015719556766712805,
  "251": 0.0,
  "252": 0.0,
  "253": 0.0,
  "254": 0.010738109769833129,
  "255": 0.0,
  "256": 0.0,
  "257": 0.0,
  "258": 0.0,
  "259": 0.0,
  "260": 0.00031667239275226327,
  "261": 0.0,
  "262": 0.0,
  "263": 0.0,
  "264": 0.0,
  "265": 0.0,
  "266": 9.188390167215286e-05,
  "267": 1.006028120498024e-05,
  "268": 1.8779191582629783e-05,
  "269": 0.0,
  "270": 1.0517566714297524e-05,
  "271": 0.003038222548695031,
  "272": 0.0,
  "273": 0.0,
  "274": 8.550520021860064e-06,
  "275": 2.0354258197414392e-05,
  "276": 0.00010188129571174574,
  "277": 0.0,
  "278": 0.0,
  "279": 0.0,
  "280": 0.0,
  "281": 0.0,
  "282": 5.948699310668028e-05,
  "283": 0.0,
  "284": 0.0,
  "285": 0.002012056240996048,
  "286": 0.0,
  "287": 0.010965706513428465,
  "288": 6.367613188270803e-05,
  "289": 0.0,
  "290": 0.0,
  "291": 0.0,
  "292": 0.008983831116047355,
  "293": 0.0,
  "294": 1.0659107467181446e-05,
  "295": 0.0,
  "296": 0.0,
  "297": 0.0,
  "298": 0.002012056240996048,
  "299": 0.0,
  "300": 0.003693028050539319,
  "301": 0.0,
  "302": 0.0,
  "303": 0.0,
  "304": 0.0,
  "305": 0.0,
  "306": 0.0,
  "307": 0.0,
  "308": 0.0,
  "309": 0.0,
  "310": 0.0,
  "311": 0.0,
  "312": 0.0,
  "313": 0.0019833844395618543,
  "314": 2.7259640232891633e-05,
  "315": 0.0,
  "316": 0.0,
  "317": 0.0,
  "318": 0.0,
  "319": 0.0,