{
  "1": 0.09382004410887232,
  "2": 0.06021364597623613,
  "3": 0.0951045834320756,
  "4": 0.0385039371657501,
  "5": 0.03316019104376999,
  "6": 0.135189459129585,
  "7": 0.14380696839412532,
  "8": 0.05187997256406848,
  "9": 0.010470683538684808,
  "10": 0.05572039593899805,
  "11": 0.05484836134018327,
  "12": 0.03573338179663849,
  "13": 0.030524558039120554,
  "14": 0.12470549928418068,
  "15": 0.030640491419404316,
  "16": 0.008107214554046675,
  "17": 0.02119705652765733,
  "18": 0.02292264370212148,
  "19": 0.008122240486266363,
  "20": 0.02494448073857169,
  "21": 0.08105479266844408,
  "22": 0.013753582062544085,
  "23": 0.025327406594393975,
  "24": 0.005916138080215734,
  "25": 0.004089006379226573,
  "26": 0.005140477744060781,
  "27": 0.0014312457583693548,
  "28": 0.010291625266642589,
  "29": 0.004140852614256916,
  "30": 0.0028909727441659375,
  "31": 0.002181351779542648,
  "32": 0.01453019987383027,
  "33": 0.024430349694536783,
  "34": 0.018922769839613288,
  "35": 0.0017662866785865983,
  "36": 0.0008668336707423666,
  "37": 0.03496746333947855,
  "38": 0.0028021439102536203,
  "39": 0.0006296766837600343,
  "40": 0.0009111418367332956,
  "41": 0.002133130569488375,
  "42": 0.002169533920284044,
  "43": 0.0010691727154327855,
  "44": 0.0018075108724141524,
  "45": 0.002120673209726859,
  "46": 0.0001426813041109832,
  "47": 9.375175338674682e-05,
  "48": 0.001029851178779387,
  "49": 0.024955291638652292,
  "50": 0.0006026666546403947,
  "51": 0.00026755804839659206,
  "52": 0.00886793749159919,
  "53": 0.0002616149054125088,
  "54": 0.0008808025502172144,
  "55": 0.0007392026778996799,
  "56": 0.2107520457756772,
  "57": 0.00023083555597731262,
  "58": 0.0005341392372738723,
  "59": 0.0034398031858875076,
  "60": 5.516512667808533e-06,
  "61": 0.00037381493170247947,
  "62": 0.0003451060470950395,
  "63": 0.00012171362802471903,
  "64": 0.0003686326870071752,
  "65": 0.0001561247206602163,
  "66": 7.767214596982741e-05,
  "67": 0.00020230587258938208,
  "68": 0.00010326961320412097,
  "69": 0.0002514397135745067,
  "70": 1.4664088951004921e-05,
  "71": 1.0943649996843616e-05,
  "72": 0.006023881166503863,
  "73": 0.002256136185061764,
  "74": 1.1952153159859153e-05,
  "75": 0.0007973602880139919,
  "76": 7.294913464529258e-05,
  "77": 4.5877613571293384e-05,
  "78": 0.00015296173161898327,
  "79": 1.44803355642705e-06,
  "80": 0.0,
  "81": 0.00033713017315815,
  "82": 6.055071039753374e-06,
  "83": 0.0013649186859611142,
  "84": 1.2243552165569848e-05,
  "85": 7.31398949104376e-05,
  "86": 7.245244874813523e-05,
  "87": 0.00016580767026206058,
  "88": 0.0001431566576144601,
  "89": 0.00041738134996956606,
  "90": 0.0002534160898056224,
  "91": 2.3056463636455667e-06,
  "92": 1.3011080299677831e-06,
  "93": 4.0512820530814356e-05,
  "94": 0.0003163742945832601,
  "95": 0.00016187467005739632,
  "96": 0.0005893567693617277,
  "97": 4.157738606843781e-05,
  "98": 0.0,
  "99": 6.431126637614439e-06,
  "100": 0.001973894952839378,
  "101": 4.38194626197082e-06,
  "102": 0.0,
  "103": 1.3011080299677831e-06,
  "104": 4.71569966409754e-05,
  "105": 2.8301672854470605e-05,
  "106": 3.3266287662403774e-05,
  "107": 3.888042035511212e-05,
  "108": 3.4721033069009094e-05,
  "109": 0.04043361492223376,
  "110": 1.5631003187085797e-06,
  "111": 0.0005105284315338162,
  "112": 0.0,
  "113": 0.0006025768136135455,
  "114": 5.440072362193171e-05,
  "115": 0.027604933300262348,
  "116": 1.2031543182580872e-05,
  "117": 0.0,
  "118": 1.8297469122814592e-07,
  "119": 0.0003135195654254107,
  "120": 0.0003973253464623398,
  "121": 1.7345312422379728e-06,
  "122": 0.016390170833634577,
  "123": 0.0,
  "124": 2.0603174085492955e-05,
  "125": 1.86980415751212e-05,
  "126": 1.1256967880572648e-06,
  "127": 0.00011610619364497293,
  "128": 0.0,
  "129": 5.002635867700793e-07,
  "130": 0.0,
  "131": 0.0,
  "132": 1.7679946707400337e-05,
  "133": 1.8297469122814592e-07,
  "134": 0.0,
  "135": 0.0,
  "136": 1.3673152828681242e-05,
  "137": 0.0,
  "138": 0.0005041401645816871,
  "139": 0.0,
  "140": 0.0,
  "141": 0.000312209428424987,
  "142": 0.0,
  "143": 6.185345591371338e-05,
  "144": 3.4778277511383425e-05,
  "145": 2.490556945482438e-06,
  "146": 0.0001649009246949079,
  "147": 0.0,
  "148": 0.0002516913663521669,
  "149": 0.024218904306640022,
  "150": 0.0,
  "151": 0.0,
  "152": 0.0,
  "153": 3.933000978735446e-05,
  "154": 2.3193590869819655e-06,
  "155": 0.0,
  "156": 0.00011427747874260095,
  "157": 0.0001864256261904619,
  "158": 0.0,
  "159": 0.00011290004671052955,
  "160": 0.0005111088403871555,
  "161": 0.0,
  "162": 0.0,
  "163": 0.0,
  "164": 0.0,
  "165": 6.256452285164901e-05,
  "166": 0.0017307096391046082,
  "167": 2.3193590869819655e-06,
  "168": 0.0,
  "169": 0.0,
  "170": 0.041805474594244905,
  "171": 5.235508853175141e-05,
  "172": 0.00014784130668224696,
  "173": 4.36059735135701e-06,
  "174": 0.0,
  "175": 0.0,
  "176": 0.0,
  "177": 4.5728550931728367e-07,
  "178": 0.0,
  "179": 0.0020902238936087022,
  "180": 0.0,
  "181": 9.55954671611534e-05,
  "182": 2.2429890553208935e-06,
  "183": 4.8925641073792775e-05,
  "184": 0.0,
  "185": 0.03544362556695034,
  "186": 0.0,
  "187": 5.435622627474097e-05,
  "188": 4.8525411392924433e-05,
  "189": 0.0,
  "190": 0.0004089937688868721,
  "191": 0.00011906124196960586,
  "192": 3.4387273153833667e-05,
  "193": 0.037681567173696716,
  "194": 0.0001445696924139239,
  "195": 6.375532775956163e-05,
  "196": 0.00297119152529938,
  "197": 2.51507030124506e-06,
  "198": 0.0,
  "199": 0.00316629929568399,
  "200": 0.0,
  "201": 0.0,
  "202": 0.0,
  "203": 0.0,
  "204": 0.0,
  "205": 0.0,
  "206": 2.6066976639999298e-05,
  "207": 0.0,
  "208": 0.00254090501467499,
  "209": 9.559546716115344e-05,
  "210": 4.113947803278278e-05,
  "211": 6.846333853937999e-06,
  "212": 1.8257547372001179e-06,
  "213": 3.419531800452415e-05,
  "214": 0.0,
  "215": 0.0,
  "216": 0.0,
  "217": 0.0001341064715598722,
  "218": 0.0001410780131142727,
  "219": 0.0,
  "220": 0.0,
  "221": 0.0,
  "222": 0.0,
  "223": 7.042196843486168e-06,
  "224": 0.0001903457378448533,
  "225": 4.630648329269414e-06,
  "226": 0.0,
  "227": 8.424061028516928e-05,
  "228": 0.00028220550478845875,
  "229": 0.0,
  "230": 0.012574730570971514,
  "231": 0.0003835868384449831,
  "232": 0.0,
  "233": 0.0,
  "234": 0.0,
  "235": 0.0,
  "236": 0.0,
  "237": 0.0,
  "238": 1.3129956752140879e-05,
  "239": 0.0,
  "240": 0.0,
  "241": 0.0,
  "242": 0.002631557470372017,
  "243": 5.5421868125199385e-06,
  "244": 0.0,
  "245": 0.0,
  "246": 0.0,
  "247": 0.0,
  "248": 5.03014060249012e-06,
  "249": 0.0,
  "250": 0.00045937304500353704,
  "251": 0.0,
  "252": 0.0,
  "253": 0.0,
  "254": 0.01334082417914945,
  "255": 0.0,
  "256": 0.0,
  "257": 5.03014060249012e-06,
  "258": 0.0,
  "259": 0.0,
  "260": 0.00018985296694329224,
  "261": 0.0,
  "262": 0.0,
  "263": 0.0,
  "264": 0.0,
  "265": 0.0,
  "266": 2.2970975418038216e-05,
  "267": 2.5150703012450603e-05,
  "268": 1.4587407747221349e-05,
  "269": 0.0,
  "270": 2.5230727976581127e-05,
  "271": 0.0019644242516219943,
  "272": 0.0,
  "273": 0.0,
  "274": 9.252050637333137e-06,
  "275": 4.72489275396294e-05,
  "276": 0.0001903457378448533,
  "277": 0.0,
  "278": 0.0,
  "279": 0.0,
  "280": 0.0,
  "281": 0.0,
  "282": 3.569902833541403e-05,
  "283": 0.0,
  "284": 0.0,
  "285": 0.004507005979831148,
  "286": 0.0,
  "287": 0.010995887357043406,
  "288": 9.429705409190954e-05,
  "289": 0.0,
  "290": 0.0,
  "291": 0.0,
  "292": 0.008993891397252336,
  "293": 0.0,
  "294": 1.0659107467181446e-05,
  "295": 0.0,
  "296": 0.0,
  "297": 0.0,
  "298": 0.004512036120433638,
  "299": 0.0,
  "300": 0.006861212952149105,
  "301": 0.0,
  "302": 0.0,
  "303": 0.0,
  "304": 0.0,
  "305": 0.0,
  "306": 0.0,
  "307": 0.0,
  "308": 0.0,
  "309": 0.0,
  "310": 0.0,
  "311": 0.0,
  "312": 0.0,
  "313": 0.004434009058468822,
  "314": 6.726662356634411e-05,
  "315": 0.0,
  "316": 0.0,
  "317": 0.0,
  "318": 0.0,
  "319": 0.0,