{
  "1": 0.09938965815238193,
  "2": 0.05629125783299805,
  "3": 0.0926581139763112,
  "4": 0.03619617453369975,
  "5": 0.033236622839951574,
  "6": 0.10637857647688229,
  "7": 0.11671664914834093,
  "8": 0.05373704350302662,
  "9": 0.008732511098650399,
  "10": 0.05955007325101039,
  "11": 0.04614432781439038,
  "12": 0.03984951905483531,
  "13": 0.02732835747934872,
  "14": 0.14011181945765197,
  "15": 0.024166534816452367,
  "16": 0.008215484349928023,
  "17": 0.022655309559539163,
  "18": 0.0248934579034168,
  "19": 0.00708692094481078,
  "20": 0.04325104169209002,
  "21": 0.08507464112918564,
  "22": 0.014307113128315568,
  "23": 0.03261699445708581,
  "24": 0.005290516801771165,
  "25": 0.003561305698674235,
  "26": 0.00554992119911582,
  "27": 0.0011612799237114937,
  "28": 0.009460016864202723,
  "29": 0.00458878348957611,
  "30": 0.0030091208287242027,
  "31": 0.0016350396750771743,
  "32": 0.00973904372945298,
  "33": 0.029093827995436077,
  "34": 0.021161938390880892,
  "35": 0.0009154879955811053,
  "36": 0.0008298675994854437,
  "37": 0.036025849627773686,
  "38": 0.0027973588860212622,
  "39": 0.0006425940372188931,
  "40": 0.0007809220495600602,
  "41": 0.001656179819884606,
  "42": 0.0016157823963585363,
  "43": 0.0012345411845281636,
  "44": 0.0016975566335863657,
  "45": 0.001181269316655568,
  "46": 0.0001419185147897703,
  "47": 0.00011591120672443922,
  "48": 0.0010190682959558208,
  "49": 0.030230197995494697,
  "50": 0.000289588069508072,
  "51": 0.0002353528895020508,
  "52": 0.010260512931280398,
  "53": 0.00033699435790519915,
  "54": 0.0015046285602027497,
  "55": 0.0020584654085436505,
  "56": 0.23757101377873263,
  "57": 0.0001846319929655091,
  "58": 0.0004443601817043599,
  "59": 0.00283469776147392,
  "60": 2.7376396611533774e-06,
  "61": 0.00024832766852289726,
  "62": 0.00027571839997232836,
  "63": 0.00014411792516211614,
  "64": 0.0003859580017575166,
  "65": 0.00025415149926229246,
  "66": 5.9767989012513595e-05,
  "67": 7.997060575716876e-05,
  "68": 0.00014819819754858921,
  "69": 0.00016086352882404287,
  "70": 1.5595530458434288e-05,
  "71": 8.042106407803216e-06,
  "72": 0.003026957643180229,
  "73": 0.0026892455205995104,
  "74": 3.993210901245548e-06,
  "75": 0.0004616570833672599,
  "76": 5.29143471093128e-05,
  "77": 2.0941855609280144e-05,
  "78": 8.177129088880373e-05,
  "79": 3.753361120706252e-06,
  "80": 0.0,
  "81": 0.0002944182408972054,
  "82": 2.8461859991680794e-06,
  "83": 0.0010225396254734092,
  "84": 1.1850589776680808e-05,
  "85": 0.0001192864736045657,
  "86": 5.1554775540465684e-05,
  "87": 7.336503190793873e-05,
  "88": 0.00021410482260936757,
  "89": 0.00019422698127221472,
  "90": 0.00010785236337946292,
  "91": 4.240955871153898e-06,
  "92": 4.12545607288678e-06,
  "93": 2.9919774781919536e-05,
  "94": 0.00018767025859585507,
  "95": 6.816912454504586e-05,
  "96": 0.0005573205931096592,
  "97": 1.3163414364609212e-05,
  "98": 0.0,
  "99": 2.202572768562071e-06,
  "100": 0.0019825369120152346,
  "101": 9.714969528614146e-06,
  "102": 0.0,
  "103": 4.12545607288678e-06,
  "104": 2.638734830147799e-05,
  "105": 1.4402201986212246e-05,
  "106": 1.653753917242044e-05,
  "107": 1.8623568749220887e-05,
  "108": 1.7510900629070562e-05,
  "109": 0.03188143206873942,
  "110": 2.162766449440221e-06,
  "111": 0.0004989963896212832,
  "112": 0.0,
  "113": 0.00023877842091610255,
  "114": 1.8564999862751507e-05,
  "115": 0.030694270656240513,
  "116": 1.0541820763915611e-05,
  "117": 0.0,
  "118": 5.522508862522223e-07,
  "119": 0.0001391690923258815,
  "120": 0.0005887155829987233,
  "121": 6.93812496895189e-07,
  "122": 0.018473165443741578,
  "123": 0.0,
  "124": 6.739852471654558e-06,
  "125": 1.0536086192599923e-05,
  "126": 1.2879593881375912e-06,
  "127": 4.6640380017115283e-05,
  "128": 0.0,
  "129": 1.0005271735401586e-06,
  "130": 0.0,
  "131": 0.0,
  "132": 6.068672282557079e-06,
  "133": 5.522508862522223e-07,
  "134": 0.0,
  "135": 0.0,
  "136": 1.2164176984944311e-05,
  "137": 0.0,
  "138": 0.0007745893399082915,
  "139": 0.0,
  "140": 0.0,
  "141": 0.00042961300006779844,
  "142": 0.0,
  "143": 1.860800964860474e-05,
  "144": 3.618761304142734e-05,
  "145": 5.294884844726442e-07,
  "146": 0.00010630297470698812,
  "147": 0.0,
  "148": 0.0003746449925804017,
  "149": 0.026497197615035675,
  "150": 0.0,
  "151": 0.0,
  "152": 0.0,
  "153": 5.179588576458135e-05,
  "154": 7.925638206329041e-07,
  "155": 0.0,
  "156": 0.00016010291598153278,
  "157": 0.00026376967503302125,
  "158": 0.0,
  "159": 7.437470794264235e-05,
  "160": 0.00021202755079367694,
  "161": 0.0,
  "162": 0.0,
  "163": 0.0,
  "164": 0.0,
  "165": 1.85896840389692e-05,
  "166": 0.0008326203484176698,
  "167": 7.925638206329041e-07,
  "168": 0.0,
  "169": 0.0,
  "170": 0.050279584795906614,
  "171": 1.4528924790610034e-05,
  "172": 7.238851353000293e-05,
  "173": 3.6076550809409044e-06,
  "174": 0.0,
  "175": 0.0,
  "176": 0.0,
  "177": 9.145710186345673e-07,
  "178": 0.0,
  "179": 0.0010233716893145483,
  "180": 0.0,
  "181": 0.00013822567844946407,
  "182": 7.90210874440821e-06,
  "183": 1.3787744369389587e-05,
  "184": 0.0,
  "185": 0.04016725344502092,
  "186": 0.0,
  "187": 6.891605072744045e-05,
  "188": 3.968675768153175e-05,
  "189": 0.0,
  "190": 0.0006426360728132153,
  "191": 5.0337874845482315e-05,
  "192": 1.9566534866617856e-05,
  "193": 0.03786608785539279,
  "194": 6.546130792137266e-05,
  "195": 8.779879790214102e-05,
  "196": 0.001429820736925147,
  "197": 2.51507030124506e-06,
  "198": 0.0,
  "199": 0.0014129110274285926,
  "200": 0.0,
  "201": 0.0,
  "202": 0.0,
  "203": 0.0,
  "204": 0.0,
  "205": 0.0,
  "206": 1.6186048836216213e-05,
  "207": 0.0,
  "208": 0.003962131284742537,
  "209": 3.560897336400149e-05,
  "210": 1.9852050433107918e-05,
  "211": 1.0001489260330186e-05,
  "212": 1.8257547372001177e-06,
  "213": 2.8506330973596045e-05,
  "214": 0.0,
  "215": 0.0,
  "216": 0.0,
  "217": 6.549117871010225e-05,
  "218": 0.0001965987413742466,
  "219": 0.0,
  "220": 0.0,
  "221": 0.0,
  "222": 0.0,
  "223": 2.0120562409960483e-06,
  "224": 0.00030261157948496516,
  "225": 3.037770471814209e-06,
  "226": 0.0,
  "227": 0.00014010166449834942,
  "228": 0.00030149146768823203,
  "229": 0.0,
  "230": 0.005631055048835956,
  "231": 0.0005371509596719989,
  "232": 0.0,
  "233": 0.0,
  "234": 0.0,
  "235": 0.0,
  "236": 0.0,
  "237": 0.0,
  "238": 5.6169903394473015e-06,
  "239": 0.0,
  "240": 0.0,
  "241": 0.0,
  "242": 0.0014775168666468555,
  "243": 4.2044862106672476e-06,
  "244": 0.0,
  "245": 0.0,
  "246": 0.0,
  "247": 0.0,
  "248": 1.006028120498024e-05,
  "249": 0.0,
  "250": 0.0004288903200000747,
  "251": 0.0,
  "252": 0.0,
  "253": 0.0,
  "254": 0.016268366069167435,
  "255": 0.0,
  "256": 0.0,
  "257": 5.03014060249012e-06,
  "258": 0.0,
  "259": 0.0,
  "260": 0.00032854221804411323,
  "261": 0.0,
  "262": 0.0,
  "263": 0.0,
  "264": 0.0,
  "265": 0.0,
  "266": 9.188390167215286e-05,
  "267": 1.509042180747036e-05,
  "268": 1.5761107221135708e-05,
  "269": 0.0,
  "270": 1.4713161262283601e-05,
  "271": 0.003039824433923711,
  "272": 0.0,
  "273": 0.0,
  "274": 1.4228481762549668e-05,
  "275": 1.2111030835226214e-05,
  "276": 0.00025960069021230324,
  "277": 0.0,
  "278": 0.0,
  "279": 0.0,
  "280": 0.0,
  "281": 0.0,
  "282": 5.716977382867508e-05,
  "283": 0.0,
  "284": 0.0,
  "285": 0.002012056240996048,
  "286": 0.0,
  "287": 0.010965706513428465,
  "288": 6.450556496431378e-05,
  "289": 0.0,
  "290": 0.0,
  "291": 0.0,
  "292": 0.009003951678457316,
  "293": 0.0,
  "294": 2.51507030124506e-06,
  "295": 0.0,
  "296": 0.0,
  "297": 0.0,
  "298": 0.0020019959597910677,
  "299": 0.0,
  "300": 0.00943678553120406,
  "301": 0.0,
  "302": 0.0,
  "303": 0.0,
  "304": 0.0,
  "305": 0.0,
  "306": 0.0,
  "307": 0.0,
  "308": 0.0,
  "309": 0.0,
  "310": 0.0,
  "311": 0.0,
  "312": 0.0,
  "313": 0.0019892768899819144,
  "314": 0.00010985311814461363,
  "315": 0.0,
  "316": 0.0,
  "317": 0.0,