{
  "1": 0.08466449173152826,
  "2": 0.0572698207346645,
  "3": 0.0937657670249811,
  "4": 0.036962353019512006,
  "5": 0.04393147095570918,
  "6": 0.12589704008079575,
  "7": 0.14573668894339714,
  "8": 0.04681221585779669,
  "9": 0.014564734614622722,
  "10": 0.05024794962468117,
  "11": 0.049361434941644,
  "12": 0.0331204206928756,
  "13": 0.03168941169523213,
  "14": 0.13485250013198222,
  "15": 0.019864708769990694,
  "16": 0.00807117913915831,
  "17": 0.019748855484926362,
  "18": 0.02079577855102987,
  "19": 0.006255645698494712,
  "20": 0.0281665643006683,
  "21": 0.07583721513985735,
  "22": 0.016633196793830015,
  "23": 0.03488990779687268,
  "24": 0.005130733935993504,
  "25": 0.0035714504432695984,
  "26": 0.005879099980920817,
  "27": 0.0014557261967029196,
  "28": 0.007561230240204525,
  "29": 0.004575431183912268,
  "30": 0.0030092824201441047,
  "31": 0.0021153513975373972,
  "32": 0.02208456973425258,
  "33": 0.022843376475014984,
  "34": 0.013237934469579535,
  "35": 0.0011163310644966965,
  "36": 0.0007385924626671818,
  "37": 0.03104795261045097,
  "38": 0.002523239447456691,
  "39": 0.0006792951847039074,
  "40": 0.0012602621274755673,
  "41": 0.0020851874000037225,
  "42": 0.0011895883046052285,
  "43": 0.001271050721096922,
  "44": 0.0010774004346081184,
  "45": 0.0017256084975042026,
  "46": 0.00016373219986081552,
  "47": 8.24831463902949e-05,
  "48": 0.0013196086852611812,
  "49": 0.02579091252074923,
  "50": 0.0006512693137696027,
  "51": 0.00023737211314045142,
  "52": 0.0069314719904377325,
  "53": 0.00037000758594175887,
  "54": 0.001616424633285621,
  "55": 0.0007408685132562989,
  "56": 0.2256827977943879,
  "57": 0.00016826229940767405,
  "58": 0.0018284508088548062,
  "59": 0.005346151359049182,
  "60": 1.0819022634719202e-05,
  "61": 0.00023907659472321798,
  "62": 0.0003550360198309526,
  "63": 7.998472927582549e-05,
  "64": 0.0005649445034668809,
  "65": 0.00022718579736618038,
  "66": 0.00010982777913319204,
  "67": 0.00030716997098881186,
  "68": 8.80702710213287e-05,
  "69": 0.0003512933218422141,
  "70": 1.810352094926345e-05,
  "71": 1.2359648001241417e-05,
  "72": 0.002873109254333645,
  "73": 0.0014281777789915066,
  "74": 1.9042469530809027e-05,
  "75": 0.001101510071724134,
  "76": 3.7014794314518404e-05,
  "77": 1.7743109921797748e-05,
  "78": 0.0002347102542170591,
  "79": 3.2639614011192504e-06,
  "80": 0.0,
  "81": 0.00014923764229147585,
  "82": 2.34289013832509e-06,
  "83": 0.002079892620604474,
  "84": 8.643626155640499e-06,
  "85": 3.158832926102945e-05,
  "86": 0.00010593638695019655,
  "87": 7.790211102734247e-05,
  "88": 5.5114656346857026e-05,
  "89": 0.00045266372660272554,
  "90": 0.00010290284738666573,
  "91": 2.8349271691083786e-06,
  "92": 3.831805984988706e-06,
  "93": 3.330155130577741e-05,
  "94": 0.00014362926206828156,
  "95": 7.10829873754011e-05,
  "96": 0.00040446765113747997,
  "97": 6.39603555465759e-05,
  "98": 0.0,
  "99": 1.8128104119363744e-06,
  "100": 0.0019760890986079377,
  "101": 2.772431330986587e-06,
  "102": 0.0,
  "103": 3.831805984988706e-06,
  "104": 1.9896707157408383e-05,
  "105": 4.309108495007996e-05,
  "106": 5.027476708133097e-05,
  "107": 1.4759468425013959e-05,
  "108": 5.2873130481515424e-05,
  "109": 0.044113197462382604,
  "110": 2.374413319110212e-06,
  "111": 0.00034232975340248693,
  "112": 3.143837876556325e-07,
  "113": 0.000308380629073325,
  "114": 8.426900324136946e-05,
  "115": 0.026395118910695264,
  "116": 8.358932527229815e-06,
  "117": 0.0,
  "118": 9.24853893844083e-07,
  "119": 0.00010345094919035883,
  "120": 0.00018499665588746455,
  "121": 2.0814374906855672e-06,
  "122": 0.019339798897606918,
  "123": 0.0,
  "124": 3.0834307407010834e-05,
  "125": 2.6842255863697913e-05,
  "126": 1.9370097884588972e-06,
  "127": 4.9880058524549556e-05,
  "128": 0.0,
  "129": 3.067966405204593e-07,
  "130": 0.0,
  "131": 0.0,
  "132": 2.897701550671737e-05,
  "133": 9.24853893844083e-07,
  "134": 0.0,
  "135": 0.0,
  "136": 1.5142808064311409e-05,
  "137": 0.0,
  "138": 0.00021515942504776506,
  "139": 0.0,
  "140": 0.0,
  "141": 0.0003649089737522426,
  "142": 0.0,
  "143": 9.872201666716097e-05,
  "144": 2.629522443487436e-05,
  "145": 4.079022398900371e-06,
  "146": 8.543865003548923e-05,
  "147": 0.0,
  "148": 0.00038489643058983367,
  "149": 0.041299679802589216,
  "150": 0.0,
  "151": 0.0,
  "152": 0.0,
  "153": 1.5014199520191363e-05,
  "154": 3.7139223666393135e-06,
  "155": 0.0,
  "156": 0.0001657448216179641,
  "157": 0.00021699672515707591,
  "158": 0.0,
  "159": 6.247575974650358e-05,
  "160": 0.00024663961240387527,
  "161": 0.0,
  "162": 0.0,
  "163": 0.0,
  "164": 0.0,
  "165": 3.381872248642272e-05,
  "166": 0.002663870791793234,
  "167": 3.7139223666393135e-06,
  "168": 0.0,
  "169": 0.0,
  "170": 0.05761638020734529,
  "171": 2.465170255435252e-05,
  "172": 0.00015837689693767949,
  "173": 3.1981950247505774e-06,
  "174": 0.0,
  "175": 0.0,
  "176": 0.0,
  "177": 9.145710186345673e-07,
  "178": 0.0,
  "179": 0.0009937478379137862,
  "180": 0.0,
  "181": 0.00014488723100578276,
  "182": 9.049633054877172e-06,
  "183": 7.83647078495812e-05,
  "184": 0.0,
  "185": 0.039685597341002035,
  "186": 0.0,
  "187": 1.77836055895515e-05,
  "188": 1.9012063581184873e-05,
  "189": 0.0,
  "190": 0.0001768984961712975,
  "191": 4.043403342000536e-05,
  "192": 5.972567420981303e-05,
  "193": 0.03367635588524031,
  "194": 6.400299946195034e-05,
  "195": 6.717604004280106e-05,
  "196": 0.0045533342267736684,
  "197": 5.03014060249012e-06,
  "198": 0.0,
  "199": 0.004894787438000405,
  "200": 0.0,
  "201": 0.0,
  "202": 0.0,
  "203": 0.0,
  "204": 0.0,
  "205": 0.0,
  "206": 1.2655883680183229e-05,
  "207": 0.0,
  "208": 0.0011519325292246975,
  "209": 4.2270525920320186e-05,
  "210": 1.38219374435199e-05,
  "211": 5.437308960017028e-06,
  "212": 7.079457144245354e-07,
  "213": 0.00010872347631311191,
  "214": 0.0,
  "215": 0.0,
  "216": 0.0,
  "217": 7.347504456817644e-05,
  "218": 0.00037579545701636177,
  "219": 0.0,
  "220": 0.0,
  "221": 0.0,
  "222": 0.0,
  "223": 0.0,
  "224": 0.00023503634761948955,
  "225": 3.3731131786468834e-06,
  "226": 0.0,
  "227": 4.804764172898029e-05,
  "228": 0.00025391841356831436,
  "229": 0.0,
  "230": 0.014639312707812723,
  "231": 0.000480505813939486,
  "232": 0.0,
  "233": 0.0,
  "234": 0.0,
  "235": 0.0,
  "236": 0.0,
  "237": 0.0,
  "238": 2.5673063767324574e-05,
  "239": 0.0,
  "240": 0.0,
  "241": 0.0,
  "242": 0.0014169851686368765,
  "243": 6.078408510945562e-06,
  "244": 0.0,
  "245": 0.0,
  "246": 0.0,
  "247": 0.0,
  "248": 0.0,
  "249": 0.0,
  "250": 0.0004544705392454888,
  "251": 0.0,
  "252": 0.0,
  "253": 0.0,
  "254": 0.014829878003011422,
  "255": 0.0,
  "256": 0.0,
  "257": 5.03014060249012e-06,
  "258": 0.0,
  "259": 0.0,
  "260": 0.00030964326120904324,
  "261": 0.0,
  "262": 0.0,
  "263": 0.0,
  "264": 0.0,
  "265": 0.0,
  "266": 3.420495609693282e-05,
  "267": 6.036168722988144e-05,
  "268": 1.3413708273306987e-05,
  "269": 0.0,
  "270": 4.040117474818201e-05,
  "271": 0.0008534168576346976,
  "272": 0.0,
  "273": 0.0,
  "274": 1.0791938019887895e-05,
  "275": 7.501128078125445e-05,
  "276": 0.00023503634761948955,
  "277": 0.0,
  "278": 0.0,
  "279": 0.0,
  "280": 0.0,
  "281": 0.0,
  "282": 1.1038588819591118e-05,
  "283": 0.0,
  "284": 0.0,
  "285": 0.007012015999871228,
  "286": 0.0,
  "287": 0.015955605991098666,
  "288": 0.00013158091651186983,
  "289": 0.0,
  "290": 0.0,
  "291": 0.0,
  "292": 0.009003951678457316,
  "293": 0.0,
  "294": 6.467323631773011e-06,
  "295": 0.0,
  "296": 0.0,
  "297": 0.0,
  "298": 0.007012015999871228,
  "299": 0.0,
  "300": 0.005331579945481632,
  "301": 0.0,
  "302": 0.0,
  "303": 0.0,
  "304": 0.0,
  "305": 0.0,
  "306": 0.0,
  "307": 0.0,
  "308": 0.0,
  "309": 0.0,
  "310": 0.0,
  "311": 0.0,
  "312": 0.0,
  "313": 0.00438379148812063,
  "314": 3.0271463040413313e-05,
  "315": 0.0,
  "316": 0.0,
  "317": 0.0,
  "318": 0.0,
  "319": 0.0,