{
  "1": 0.07291815994124878,
  "2": 0.06031737244970076,
  "3": 0.06941041973856651,
  "4": 0.04255620255058956,
  "5": 0.04439841299733483,
  "6": 0.12827994474140175,
  "7": 0.15994609477429658,
  "8": 0.05731449415940531,
  "9": 0.007572771993399277,
  "10": 0.0614986417671475,
  "11": 0.05260245026724273,
  "12": 0.0334012145708687,
  "13": 0.032612110044844066,
  "14": 0.14458979337985683,
  "15": 0.0313014104494622,
  "16": 0.007455255918320028,
  "17": 0.02241369848372549,
  "18": 0.023311393682902876,
  "19": 0.006189921265294187,
  "20": 0.02787132276701484,
  "21": 0.07258637099012669,
  "22": 0.014096032524323373,
  "23": 0.02379698187586598,
  "24": 0.005155455264519238,
  "25": 0.007405357899952082,
  "26": 0.0042206105118492675,
  "27": 0.001562525478680184,
  "28": 0.012326481717720458,
  "29": 0.003035121966944836,
  "30": 0.007790115122552232,
  "31": 0.005194700658619823,
  "32": 0.014785758528939189,
  "33": 0.021256880455869258,
  "34": 0.033623869723677285,
  "35": 0.0015037399537627734,
  "36": 0.0009955097401978899,
  "37": 0.02786172773332392,
  "38": 0.00220995680977932,
  "39": 0.0004271855028832976,
  "40": 0.001262153466897508,
  "41": 0.00340050097582512,
  "42": 0.0018553915428143404,
  "43": 0.0010578104966370795,
  "44": 0.0030615331118933253,
  "45": 0.0009777293598815762,
  "46": 6.170727390138411e-05,
  "47": 0.00020001557828001285,
  "48": 0.0005679567185090415,
  "49": 0.023771574170606827,
  "50": 0.0005105048868324104,
  "51": 0.00012724744832777753,
  "52": 0.00844865381654508,
  "53": 0.00015004974038102724,
  "54": 0.0012611574286807293,
  "55": 0.000940941539313231,
  "56": 0.18498558947900404,
  "57": 0.00047431361004950687,
  "58": 0.0005860306425075042,
  "59": 0.004308294750219898,
  "60": 3.0659904624701684e-06,
  "61": 0.00071473964960603,
  "62": 0.00017783389021012528,
  "63": 8.120091707071648e-05,
  "64": 0.00024481629679985777,
  "65": 6.76606817510523e-05,
  "66": 0.00017621341200535574,
  "67": 0.00018713791410155216,
  "68": 0.00012080470856314729,
  "69": 0.00022880240846280737,
  "70": 9.695828092291278e-06,
  "71": 8.564039844736939e-06,
  "72": 0.003613531562194543,
  "73": 0.002115944517349118,
  "74": 3.191355562871461e-05,
  "75": 0.0006364699248706837,
  "76": 3.850637279230286e-05,
  "77": 1.707026968132097e-05,
  "78": 0.00011544877479362452,
  "79": 1.1933532589301958e-06,
  "80": 0.0,
  "81": 0.00014920969452383477,
  "82": 9.694547387935581e-06,
  "83": 0.0015225682975094385,
  "84": 5.100976119318024e-06,
  "85": 2.716275925344665e-05,
  "86": 0.0001270892276342622,
  "87": 8.888586535366098e-05,
  "88": 0.0003646403996931293,
  "89": 0.0007351467185737878,
  "90": 0.00012828066261943587,
  "91": 1.1096816442116715e-06,
  "92": 8.942472182204659e-07,
  "93": 3.5307677208553496e-05,
  "94": 0.00036316577890759704,
  "95": 0.00043315713994223514,
  "96": 0.0006053405633462877,
  "97": 2.3262121880545965e-05,
  "98": 0.0,
  "99": 3.655609890273256e-06,
  "100": 0.001987470237263657,
  "101": 1.9297921445235206e-06,
  "102": 0.0,
  "103": 8.942472182204659e-07,
  "104": 0.00011336834464457322,
  "105": 1.5597658948636304e-05,
  "106": 8.982061952721117e-05,
  "107": 2.278614494932833e-05,
  "108": 3.3530261426098975e-05,
  "109": 0.033296808033573926,
  "110": 0.0,
  "111": 0.0007031785009823565,
  "112": 6.28767575311265e-07,
  "113": 0.00029769292969387934,
  "114": 2.2967084022217256e-05,
  "115": 0.05520391485636533,
  "116": 2.7217586772520428e-05,
  "117": 0.0,
  "118": 0.0,
  "119": 0.0007858881919445575,
  "120": 0.00017362356412081633,
  "121": 4.1628749813711344e-06,
  "122": 0.01895238756795712,
  "123": 0.0,
  "124": 5.4652508384279096e-05,
  "125": 5.092109926026722e-05,
  "126": 0.0,
  "127": 5.177544904886551e-05,
  "128": 0.0,
  "129": 3.869338924992401e-07,
  "130": 0.0,
  "131": 0.0,
  "132": 1.140472029731735e-05,
  "133": 0.0,
  "134": 0.0,
  "135": 0.0,
  "136": 9.805520283459023e-06,
  "137": 0.0,
  "138": 0.0002069066082521989,
  "139": 0.0,
  "140": 0.0,
  "141": 0.0001499728691157586,
  "142": 0.0,
  "143": 0.00015806968612265752,
  "144": 0.00017450885279555821,
  "145": 7.099067828855453e-06,
  "146": 0.0001558160197239357,
  "147": 0.0,
  "148": 0.0001360852391941202,
  "149": 0.041616508978944686,
  "150": 0.0,
  "151": 0.0,
  "152": 0.0,
  "153": 1.77959721968475e-05,
  "154": 5.489125018628215e-06,
  "155": 0.0,
  "156": 0.0002949951157600109,
  "157": 0.00017373560874828534,
  "158": 0.0,
  "159": 0.00010435534447845887,
  "160": 0.0013920581987044828,
  "161": 0.0,
  "162": 0.0,
  "163": 0.0,
  "164": 0.0,
  "165": 3.7489497657404394e-05,
  "166": 0.0008471538004375614,
  "167": 5.489125018628215e-06,
  "168": 0.0,
  "169": 0.0,
  "170": 0.04064248213389871,
  "171": 2.9227989277135725e-05,
  "172": 5.2485010076178766e-05,
  "173": 2.2645228094846106e-06,
  "174": 0.0,
  "175": 0.0,
  "176": 0.0,
  "177": 0.0,
  "178": 0.0,
  "179": 0.005466185370296006,
  "180": 0.0,
  "181": 3.775188623979046e-05,
  "182": 1.5081304584416616e-05,
  "183": 0.00013081897105969345,
  "184": 0.0,
  "185": 0.02840528052085792,
  "186": 0.0,
  "187": 1.8903029008488484e-05,
  "188": 1.4843877817732725e-05,
  "189": 0.0,
  "190": 0.00013969429493123646,
  "191": 0.0003036210014384333,
  "192": 2.3932973894425324e-05,
  "193": 0.01814632762787527,
  "194": 0.0003546837509516047,
  "195": 9.313596942588627e-05,
  "196": 0.0015105383146426703,
  "197": 5.03014060249012e-06,
  "198": 0.0,
  "199": 0.008413343196306485,
  "200": 0.0,
  "201": 0.0,
  "202": 0.0,
  "203": 0.0,
  "204": 0.0,
  "205": 0.0,
  "206": 1.4318809083957422e-05,
  "207": 0.0,
  "208": 0.0067667267693694525,
  "209": 3.775188623979046e-05,
  "210": 2.5145323182929217e-05,
  "211": 7.889699320754202e-06,
  "212": 7.452060151837215e-07,
  "213": 2.367471060312e-05,
  "214": 0.0,
  "215": 0.0,
  "216": 0.0,
  "217": 0.00016810011860353508,
  "218": 0.0001391056327418156,
  "219": 0.0,
  "220": 0.0,
  "221": 0.0,
  "222": 0.0,
  "223": 4.024112481992097e-06,
  "224": 0.0003873761093905028,
  "225": 4.024112481992097e-06,
  "226": 0.0,
  "227": 0.0002468414476919438,
  "228": 0.00010048092955143256,
  "229": 0.0,
  "230": 0.005782379950441887,
  "231": 0.0003057448205489282,
  "232": 0.0,
  "233": 0.0,
  "234": 0.0,
  "235": 0.0,
  "236": 0.0,
  "237": 0.0,
  "238": 6.706854136653493e-06,
  "239": 0.0,
  "240": 0.0,
  "241": 0.0,
  "242": 0.006684941229731672,
  "243": 9.272733938933808e-06,
  "244": 0.0,
  "245": 0.0,
  "246": 0.0,
  "247": 0.0,
  "248": 0.0,
  "249": 0.0,
  "250": 0.0004136072408027527,
  "251": 0.0,
  "252": 0.0,
  "253": 0.0,
  "254": 0.014058241853426157,
  "255": 0.0,
  "256": 0.0,
  "257": 1.006028120498024e-05,
  "258": 0.0,
  "259": 0.0,
  "260": 9.341689690338795e-05,
  "261": 0.0,
  "262": 0.0,
  "263": 0.0,
  "264": 0.0,
  "265": 0.0,
  "266": 6.036168722988144e-05,
  "267": 3.018084361494072e-05,
  "268": 3.7558383165259567e-05,
  "269": 0.0,
  "270": 7.058201836312273e-05,
  "271": 0.005231835281103649,
  "272": 0.0,
  "273": 0.0,
  "274": 1.2072337445976288e-05,
  "275": 0.0001274655439913667,
  "276": 5.503776856988458e-05,
  "277": 0.0,
  "278": 0.0,
  "279": 0.0,
  "280": 0.0,
  "281": 0.0,
  "282": 1.2462006340309114e-05,
  "283": 0.0,
  "284": 0.0,
  "285": 0.002012056240996048,
  "286": 0.0,
  "287": 0.015955605991098666,
  "288": 0.00014211344854558994,
  "289": 0.0,
  "290": 0.0,
  "291": 0.0,
  "292": 0.004024112481992096,
  "293": 0.0,
  "294": 2.8743660585657827e-06,
  "295": 0.0,
  "296": 0.0,
  "297": 0.0,
  "298": 0.002012056240996048,
  "299": 0.0,
  "300": 0.011113225476049938,
  "301": 0.0,
  "302": 0.0,
  "303": 0.0,
  "304": 0.0,
  "305": 0.0,
  "306": 0.0,
  "307": 0.0,
  "308": 0.0,
  "309": 0.0,
  "310": 0.0,
  "311": 0.0,
  "312": 0.0,
  "313": 0.011759845949309216,
  "314": 3.421281911741067e-05,
  "315": 0.0,
  "316": 0.0,
  "317": 0.0,
  "318": 0.0,
  "319": 0.0,
  "320": 0.0,
  "321": 3.588166963109619e-05,
  "322": 3.880394179063807e-05,