{
  "1": 0.10424092472028972,
  "2": 0.058344319897637165,
  "3": 0.09216429281258416,
  "4": 0.025852424595053377,
  "5": 0.02833826861560454,
  "6": 0.1240922793677343,
  "7": 0.1775938117673798,
  "8": 0.047064793162561125,
  "9": 0.008303337837661793,
  "10": 0.06744264223213293,
  "11": 0.03960361937256147,
  "12": 0.04933271178071007,
  "13": 0.026380089749076168,
  "14": 0.13518205835959202,
  "15": 0.02509327949645467,
  "16": 0.0069559587824875495,
  "17": 0.01814167925904072,
  "18": 0.021347294655944926,
  "19": 0.006911041402517211,
  "20": 0.03663737691757301,
  "21": 0.08979490357159431,
  "22": 0.015240036205952354,
  "23": 0.032126662575788466,
  "24": 0.003925952973072625,
  "25": 0.0044907206452928965,
  "26": 0.005877569841218947,
  "27": 0.0015286984268829448,
  "28": 0.015665000424160202,
  "29": 0.003341716920070462,
  "30": 0.0031906782083547794,
  "31": 0.002377482378650801,
  "32": 0.023342293791639854,
  "33": 0.024015226439627887,
  "34": 0.02261493472492881,
  "35": 0.0016018769786383068,
  "36": 0.0009046248673035933,
  "37": 0.031737078937291115,
  "38": 0.0035845303442412655,
  "39": 0.0004996205025620725,
  "40": 0.0015145043251194798,
  "41": 0.0022181337613653147,
  "42": 0.000986532584949716,
  "43": 0.001564535592844536,
  "44": 0.0010850272452730286,
  "45": 0.001433987900235138,
  "46": 6.823492366596603e-05,
  "47": 0.00012349585650505256,
  "48": 0.0010101742836251208,
  "49": 0.03575827446279998,
  "50": 0.0008110504936836406,
  "51": 0.00012232669436936801,
  "52": 0.012354956869737957,
  "53": 0.00015125491695349897,
  "54": 0.0011511853862452316,
  "55": 0.0005843580433681145,
  "56": 0.18017481546517453,
  "57": 0.00010971914388631376,
  "58": 0.0030789427977766684,
  "59": 0.0038827784636800157,
  "60": 6.516716300047981e-06,
  "61": 0.0010495217932236193,
  "62": 0.00031708914447666094,
  "63": 8.84003965571961e-05,
  "64": 0.0004195156267614875,
  "65": 6.249419986991505e-05,
  "66": 4.961624066857136e-05,
  "67": 0.0005150805752134353,
  "68": 0.00024741629882198444,
  "69": 0.0005595345765134315,
  "70": 2.1027312768531703e-05,
  "71": 5.633986157523092e-06,
  "72": 0.00369211333928414,
  "73": 0.0013527111590284175,
  "74": 8.867953773710708e-06,
  "75": 0.00034393544954765823,
  "76": 4.3362343965525336e-05,
  "77": 1.4980534776587297e-05,
  "78": 0.00041181679038738235,
  "79": 1.133163542319203e-06,
  "80": 0.0,
  "81": 0.00016446602173186923,
  "82": 3.325247008929043e-06,
  "83": 0.00151681208908702,
  "84": 2.9083507284889967e-06,
  "85": 3.5562295624588885e-05,
  "86": 9.38712592815196e-05,
  "87": 0.00042765623575124405,
  "88": 4.800416336815096e-05,
  "89": 0.0001619669554115376,
  "90": 0.0006572481390820722,
  "91": 2.3394767130903262e-06,
  "92": 8.064193664309557e-07,
  "93": 3.451930315703762e-05,
  "94": 0.000995916285533372,
  "95": 8.009457774509296e-05,
  "96": 0.00031077290393133756,
  "97": 2.2730579064271547e-05,
  "98": 0.0,
  "99": 1.1422205048519185e-05,
  "100": 0.011825231495636758,
  "101": 3.1052670669829075e-06,
  "102": 0.0,
  "103": 8.064193664309557e-07,
  "104": 2.8582595622928632e-05,
  "105": 6.546690305699225e-05,
  "106": 1.5529559389865612e-05,
  "107": 1.2868221972037645e-05,
  "108": 7.960372428671185e-05,
  "109": 0.048704064943664103,
  "110": 3.4507258375778123e-06,
  "111": 0.0002851282275865588,
  "112": 0.0,
  "113": 0.0002618051470895359,
  "114": 0.00013943161316217812,
  "115": 0.025161258594882167,
  "116": 4.5050521623795734e-06,
  "117": 0.0,
  "118": 3.5929575732072284e-07,
  "119": 0.0001491561187695205,
  "120": 0.001072371217607361,
  "121": 3.4690624844759455e-06,
  "122": 0.028676549531370468,
  "123": 0.0,
  "124": 5.0637452390945414e-05,
  "125": 9.466879368074964e-06,
  "126": 2.5759187762751825e-06,
  "127": 6.657632074602446e-05,
  "128": 0.0,
  "129": 2.3396002802279628e-07,
  "130": 0.0,
  "131": 0.0,
  "132": 6.2607314284658056e-06,
  "133": 3.5929575732072284e-07,
  "134": 0.0,
  "135": 0.0,
  "136": 1.3766918564783588e-05,
  "137": 0.0,
  "138": 0.0013719151617429762,
  "139": 0.0,
  "140": 0.0,
  "141": 0.0005307703950400337,
  "142": 0.0,
  "143": 4.357922077668306e-05,
  "144": 3.400367397715972e-05,
  "145": 1.0589769689452884e-06,
  "146": 0.0002808794918236309,
  "147": 0.0,
  "148": 0.00011977634667106849,
  "149": 0.03178545846713507,
  "150": 0.0,
  "151": 0.0,
  "152": 0.0,
  "153": 1.3662078076915664e-05,
  "154": 1.0611263410006942e-06,
  "155": 0.0,
  "156": 6.96020212224466e-05,
  "157": 0.00034124746780003366,
  "158": 0.0,
  "159": 0.00022784581990645164,
  "160": 0.00133970461565792,
  "161": 0.0,
  "162": 0.0,
  "163": 0.0,
  "164": 0.0,
  "165": 4.293845371842797e-05,
  "166": 0.0008919883981643604,
  "167": 1.0611263410006942e-06,
  "168": 0.0,
  "169": 0.0,
  "170": 0.03086930219206821,
  "171": 0.00015286595270898505,
  "172": 0.00020016359115490254,
  "173": 2.079909451257881e-06,
  "174": 0.0,
  "175": 0.0,
  "176": 0.0,
  "177": 0.0,
  "178": 0.0,
  "179": 0.0009287804884574017,
  "180": 0.0,
  "181": 3.304111964380765e-05,
  "182": 1.6337208794412357e-06,
  "183": 3.378976988847331e-05,
  "184": 0.0,
  "185": 0.028392108726498923,
  "186": 0.0,
  "187": 2.1072670243645582e-05,
  "188": 8.19837445414029e-06,
  "189": 0.0,
  "190": 0.0001878848433837818,
  "191": 5.32084353341325e-05,
  "192": 1.1680312057368725e-05,
  "193": 0.02908665227080865,
  "194": 5.3325743863445763e-05,
  "195": 7.752241169796625e-05,
  "196": 0.0013951399803821879,
  "197": 5.03014060249012e-06,
  "198": 0.0,
  "199": 0.001418525863941247,
  "200": 0.0,
  "201": 0.0,
  "202": 0.0,
  "203": 0.0,
  "204": 0.0,
  "205": 0.0,
  "206": 9.957433841346243e-06,
  "207": 0.0,
  "208": 0.0010894501343898094,
  "209": 3.304111964380765e-05,
  "210": 2.1245811395387654e-05,
  "211": 3.84838977687325e-06,
  "212": 1.4158914288490708e-06,
  "213": 0.00018939888299824607,
  "214": 0.0,
  "215": 0.0,
  "216": 0.0,
  "217": 3.993987936012449e-06,
  "218": 0.0002708089045726006,
  "219": 0.0,
  "220": 0.0,
  "221": 0.0,
  "222": 0.0,
  "223": 1.4084393686972336e-05,
  "224": 0.00010153504539195975,
  "225": 0.0,
  "226": 0.0,
  "227": 3.914073619750032e-05,
  "228": 0.0007649763617330438,
  "229": 0.0,
  "230": 0.023814730261980634,
  "231": 0.0007467082894933001,
  "232": 0.0,
  "233": 0.0,
  "234": 0.0,
  "235": 0.0,
  "236": 0.0,
  "237": 0.0,
  "238": 1.006028120498024e-05,
  "239": 0.0,
  "240": 0.0,
  "241": 0.0,
  "242": 0.0014515356530863438,
  "243": 5.589045113877911e-07,
  "244": 0.0,
  "245": 0.0,
  "246": 0.0,
  "247": 0.0,
  "248": 0.0,
  "249": 0.0,
  "250": 0.00042553365475383385,
  "251": 0.0,
  "252": 0.0,
  "253": 0.0,
  "254": 0.011198819283248163,
  "255": 0.0,
  "256": 0.0,
  "257": 0.0,
  "258": 0.0,
  "259": 0.0,
  "260": 5.5331546627391324e-05,
  "261": 0.0,
  "262": 0.0,
  "263": 0.0,
  "264": 0.0,
  "265": 0.0,
  "266": 2.3473989478287226e-05,
  "267": 2.012056240996048e-05,
  "268": 3.755838316525956e-05,
  "269": 0.0,
  "270": 1.4328279291941554e-05,
  "271": 0.000915899252469585,
  "272": 0.0,
  "273": 0.0,
  "274": 3.3534270683267475e-06,
  "275": 3.378976988847331e-05,
  "276": 0.0004338733862125779,
  "277": 0.0,
  "278": 0.0,
  "279": 0.0,
  "280": 0.0,
  "281": 0.0,
  "282": 1.705387765617182e-05,
  "283": 0.0,
  "284": 0.0,
  "285": 0.002012056240996048,
  "286": 0.0,
  "287": 0.015955605991098666,
  "288": 0.00015947330446988868,
  "289": 0.0,
  "290": 0.0,
  "291": 0.0,
  "292": 0.004024112481992096,
  "293": 0.0,
  "294": 5.03014060249012e-06,
  "295": 0.0,
  "296": 0.0,
  "297": 0.0,
  "298": 0.002012056240996048,
  "299": 0.0,
  "300": 0.004121257432169222,
  "301": 0.0,
  "302": 0.0,
  "303": 0.0,
  "304": 0.0,
  "305": 0.0,
  "306": 0.0,
  "307": 0.0,
  "308": 0.0,
  "309": 0.0,
  "310": 0.0,
  "311": 0.0,
  "312": 0.0,
  "313": 0.001983552110915271,
  "314": 0.00018243330588288284,
  "315": 0.0,
  "316": 0.0,
  "317": 0.0,
  "318": 0.0,
  "319": 0.0,
  "320": 0.0,
  "321": 4.2588523767749684e-05,