{
  "1": 0.10643743275661445,
  "2": 0.061754086329406224,
  "3": 0.09853078190391039,
  "4": 0.03975751212284728,
  "5": 0.03531466945045052,
  "6": 0.12198655664906959,
  "7": 0.11486745444789274,
  "8": 0.05235689509875552,
  "9": 0.00644471728348425,
  "10": 0.05379074435878689,
  "11": 0.054334593066789665,
  "12": 0.040097443245338524,
  "13": 0.031948806321247955,
  "14": 0.12025457204521543,
  "15": 0.034793425692646145,
  "16": 0.007315847361329977,
  "17": 0.02488755870297501,
  "18": 0.024407247839345197,
  "19": 0.00975112329722092,
  "20": 0.026756613109790748,
  "21": 0.08510893896820487,
  "22": 0.015188452259296456,
  "23": 0.024735110342949795,
  "24": 0.006766846879858156,
  "25": 0.005394662194646999,
  "26": 0.005236272044334706,
  "27": 0.0011747288912513228,
  "28": 0.007495726730205685,
  "29": 0.0052426017434845365,
  "30": 0.0025859335786756815,
  "31": 0.002336076109889222,
  "32": 0.01800205861735329,
  "33": 0.029675634399397494,
  "34": 0.023103458451850672,
  "35": 0.0017770530497717655,
  "36": 0.00047134022710005957,
  "37": 0.02995952374474556,
  "38": 0.0026758346638467434,
  "39": 0.0006819740656510699,
  "40": 0.0013379388607784272,
  "41": 0.0014633863181990367,
  "42": 0.002734242116671372,
  "43": 0.001133815701082798,
  "44": 0.0015939174296780013,
  "45": 0.0029034586963978108,
  "46": 0.00014514432510026183,
  "47": 6.732138253568598e-05,
  "48": 0.0007209355202783028,
  "49": 0.024099564962232277,
  "50": 0.0005711178219040777,
  "51": 0.0003469825764692689,
  "52": 0.005860178374397951,
  "53": 0.00015638565056258683,
  "54": 0.0008231045952875781,
  "55": 0.0006078688237723529,
  "56": 0.24379556263198746,
  "57": 0.00021725423924113513,
  "58": 0.001771675636364903,
  "59": 0.003836022816444057,
  "60": 5.570243257043207e-06,
  "61": 0.00046589644516718625,
  "62": 0.0003437975178814739,
  "63": 5.3553800110486275e-05,
  "64": 0.0003028451103026986,
  "65": 6.803500245038357e-05,
  "66": 5.676634697378145e-05,
  "67": 0.0002870921113508175,
  "68": 7.990467247735315e-05,
  "69": 0.00033746079782156807,
  "70": 8.759826342655835e-06,
  "71": 1.2525114768904332e-05,
  "72": 0.008193944287659185,
  "73": 0.0013800337634099044,
  "74": 4.14745106808368e-06,
  "75": 0.00029094283112721765,
  "76": 4.570499834252038e-05,
  "77": 2.097273156764963e-05,
  "78": 0.00024169594019276711,
  "79": 1.7665886552253662e-06,
  "80": 0.0,
  "81": 0.00018086362494266952,
  "82": 5.805092235926973e-06,
  "83": 0.001578750139018471,
  "84": 1.4713069630705764e-05,
  "85": 3.204601190724496e-05,
  "86": 4.281307503054708e-05,
  "87": 0.00025434117299094047,
  "88": 6.42666857101895e-05,
  "89": 0.00016430522341142007,
  "90": 0.0003960818754760122,
  "91": 2.4541407302845295e-06,
  "92": 1.0271215278427e-06,
  "93": 6.861105419168748e-05,
  "94": 0.0001841871635904292,
  "95": 0.0002531108647467141,
  "96": 0.0008051375352217964,
  "97": 1.334759084933362e-05,
  "98": 0.0,
  "99": 1.1596027025745052e-05,
  "100": 0.0019665540158780694,
  "101": 3.184564699678005e-06,
  "102": 0.0,
  "103": 1.0271215278427e-06,
  "104": 7.355291924662537e-05,
  "105": 3.925755652033313e-05,
  "106": 1.5745200841186197e-05,
  "107": 6.156060537931085e-05,
  "108": 4.7800346265912254e-05,
  "109": 0.04422644172146261,
  "110": 3.2452520016065294e-07,
  "111": 0.0005088690421416171,
  "112": 3.143837876556325e-07,
  "113": 0.00023861628770858832,
  "114": 8.073776992359657e-05,
  "115": 0.029552049299919402,
  "116": 4.546749148240027e-06,
  "117": 0.0,
  "118": 3.6594938245629183e-07,
  "119": 0.00015868118590526396,
  "120": 0.00017931286625445835,
  "121": 2.4283437391331617e-06,
  "122": 0.013581793634965153,
  "123": 0.0,
  "124": 2.717196092346639e-05,
  "125": 7.785852056285075e-06,
  "126": 3.2452520016065294e-07,
  "127": 0.000176464335240088,
  "128": 0.0,
  "129": 3.067966405204593e-07,
  "130": 0.0,
  "131": 0.0,
  "132": 2.7915595839496604e-05,
  "133": 3.6594938245629183e-07,
  "134": 0.0,
  "135": 0.0,
  "136": 1.4306280960388593e-05,
  "137": 0.0,
  "138": 0.00021339880800943955,
  "139": 0.0,
  "140": 0.0,
  "141": 0.00047528397955396936,
  "142": 0.0,
  "143": 1.9959440553328786e-05,
  "144": 4.121428633340288e-05,
  "145": 5.294884844726442e-07,
  "146": 0.0001566496039070144,
  "147": 0.0,
  "148": 0.0003763775110824672,
  "149": 0.011953937517413865,
  "150": 0.0,
  "151": 0.0,
  "152": 0.0,
  "153": 5.602914843338854e-05,
  "154": 1.692423956429578e-06,
  "155": 0.0,
  "156": 0.00016784735913835127,
  "157": 0.00021926848820406474,
  "158": 0.0,
  "159": 0.00011344470591914874,
  "160": 0.00077051694895334,
  "161": 0.0,
  "162": 0.0,
  "163": 0.0,
  "164": 0.0,
  "165": 8.945637975019633e-05,
  "166": 0.002612257272450325,
  "167": 1.692423956429578e-06,
  "168": 0.0,
  "169": 0.0,
  "170": 0.042997641870085555,
  "171": 6.375541112185103e-05,
  "172": 0.00016914815360848665,
  "173": 9.77444266319156e-06,
  "174": 0.0,
  "175": 0.0,
  "176": 0.0,
  "177": 0.0,
  "178": 0.0,
  "179": 0.0009687068631999759,
  "180": 0.0,
  "181": 0.00014285782990538354,
  "182": 2.230080785436538e-06,
  "183": 1.6023976595722496e-05,
  "184": 0.0,
  "185": 0.04056536652012068,
  "186": 0.0,
  "187": 1.9808369685514386e-05,
  "188": 2.6397253551683367e-05,
  "189": 0.0,
  "190": 0.0006380531265250749,
  "191": 5.502857343258942e-05,
  "192": 1.977697707490596e-05,
  "193": 0.043466786015078696,
  "194": 0.00022414945456520342,
  "195": 5.283728034838604e-05,
  "196": 0.004745218309610121,
  "197": 5.03014060249012e-06,
  "198": 0.0,
  "199": 0.0049093550741900775,
  "200": 0.0,
  "201": 0.0,
  "202": 0.0,
  "203": 0.0,
  "204": 0.0,
  "205": 0.0,
  "206": 1.279748134539978e-05,
  "207": 0.0,
  "208": 0.0011215734064427567,
  "209": 0.00014285782990538354,
  "210": 1.847433457641826e-05,
  "211": 2.8387659070711926e-06,
  "212": 3.2789064668083752e-06,
  "213": 3.458903585521101e-05,
  "214": 0.0,
  "215": 0.0,
  "216": 0.0,
  "217": 0.00022318330132183473,
  "218": 0.00022222872008559634,
  "219": 0.0,
  "220": 0.0,
  "221": 0.0,
  "222": 0.0,
  "223": 0.0,
  "224": 0.00014265224066966261,
  "225": 1.6767135341633733e-06,
  "226": 0.0,
  "227": 3.275924432997615e-05,
  "228": 0.0001351371152702622,
  "229": 0.0,
  "230": 0.014525862296337552,
  "231": 0.0005298560045430002,
  "232": 0.0,
  "233": 0.0,
  "234": 0.0,
  "235": 0.0,
  "236": 0.0,
  "237": 0.0,
  "238": 8.383567670816867e-06,
  "239": 0.0,
  "240": 0.0,
  "241": 0.0,
  "242": 0.0013906563635994833,
  "243": 7.911765161203797e-07,
  "244": 0.0,
  "245": 0.0,
  "246": 0.0,
  "247": 0.0,
  "248": 5.03014060249012e-06,
  "249": 0.0,
  "250": 0.00047793800304757415,
  "251": 0.0,
  "252": 0.0,
  "253": 0.0,
  "254": 0.012123151085767406,
  "255": 0.0,
  "256": 0.0,
  "257": 5.03014060249012e-06,
  "258": 0.0,
  "259": 0.0,
  "260": 0.00010833964735744199,
  "261": 0.0,
  "262": 0.0,
  "263": 0.0,
  "264": 0.0,
  "265": 0.0,
  "266": 7.779950798518052e-05,
  "267": 3.018084361494072e-05,
  "268": 0.0,
  "269": 0.0,
  "270": 7.164139645970778e-06,
  "271": 0.0008971896886899455,
  "272": 0.0,
  "273": 0.0,
  "274": 4.504262266775245e-06,
  "275": 1.6023976595722496e-05,
  "276": 9.964135139700075e-05,
  "277": 0.0,
  "278": 0.0,
  "279": 0.0,
  "280": 0.0,
  "281": 0.0,
  "282": 5.7011028717908877e-05,
  "283": 0.0,
  "284": 0.0,
  "285": 0.002012056240996048,
  "286": 0.0,
  "287": 0.015925425147483727,
  "288": 0.00012866874220694548,
  "289": 0.0,
  "290": 0.0,
  "291": 0.0,
  "292": 0.008983831116047355,
  "293": 0.0,
  "294": 6.706854136653493e-06,
  "295": 0.0,
  "296": 0.0,
  "297": 0.0,
  "298": 0.002012056240996048,
  "299": 0.0,
  "300": 0.0031578307601520103,
  "301": 0.0,
  "302": 0.0,
  "303": 0.0,
  "304": 0.0,
  "305": 0.0,
  "306": 0.0,
  "307": 0.0,
  "308": 0.0,
  "309": 0.0,
  "310": 0.0,
  "311": 0.0,
  "312": 0.0,
  "313": 0.0020023313024979004,
  "314": 3.0730918419689914e-05,
  "315": 0.0,
  "316": 0.0,
  "317": 0.0,
  "318": 0.0,
  "319": 0.0,
  "320": 0.0,