{
  "1": 0.11225439072242685,
  "2": 0.06561082171085315,
  "3": 0.09159464546850057,
  "4": 0.0503301727216219,
  "5": 0.0340379966185644,
  "6": 0.145123975528156,
  "7": 0.12308024326572992,
  "8": 0.04142431044097241,
  "9": 0.008048637133784389,
  "10": 0.055674468307399194,
  "11": 0.041428871213893464,
  "12": 0.044622149729481114,
  "13": 0.030057240275480665,
  "14": 0.1114009910293655,
  "15": 0.04964706514015831,
  "16": 0.008670555374291749,
  "17": 0.02005952844761424,
  "18": 0.03873671252138651,
  "19": 0.00874402721597817,
  "20": 0.025505492523153424,
  "21": 0.09908462803320471,
  "22": 0.00964374395123821,
  "23": 0.028214100836742348,
  "24": 0.004789963232877457,
  "25": 0.006901106526281809,
  "26": 0.005508953141232588,
  "27": 0.0013631580681711403,
  "28": 0.008135301716495964,
  "29": 0.0041745187680140294,
  "30": 0.00231516159711062,
  "31": 0.0026971996203885443,
  "32": 0.0066403574886307395,
  "33": 0.016878095579750927,
  "34": 0.011696209106229965,
  "35": 0.0008503729305831747,
  "36": 0.00047716919611192834,
  "37": 0.02762070274584126,
  "38": 0.0031611525440188295,
  "39": 0.0007474531595679495,
  "40": 0.00045650460894248383,
  "41": 0.0023574838547039596,
  "42": 0.0016629819333638636,
  "43": 0.0015206331120094139,
  "44": 0.0009139056122445576,
  "45": 0.0013895343718619045,
  "46": 0.00017125815218072666,
  "47": 5.817071361397207e-05,
  "48": 0.0011322018802037074,
  "49": 0.02483161547502287,
  "50": 0.0004257934622549514,
  "51": 0.0003395589542696665,
  "52": 0.005184448686353967,
  "53": 0.00013198736039203205,
  "54": 0.0011122560594655241,
  "55": 0.0005943677321966705,
  "56": 0.18671641191421834,
  "57": 0.00032328367331251013,
  "58": 0.003075247894567559,
  "59": 0.0014370201848562746,
  "60": 5.693174813843193e-06,
  "61": 0.0006965879215685395,
  "62": 0.0002775330087498294,
  "63": 0.00015222504961785472,
  "64": 0.0005157098374372588,
  "65": 6.649153268046618e-05,
  "66": 0.00019378007860841197,
  "67": 0.00010596903648423157,
  "68": 5.150312811599617e-05,
  "69": 0.0001802298756824713,
  "70": 2.8851137361552094e-05,
  "71": 1.2800667105472025e-05,
  "72": 0.004543916319851618,
  "73": 0.0013719262877036164,
  "74": 4.352404841540236e-06,
  "75": 0.0006283216665042352,
  "76": 4.112161731173497e-05,
  "77": 2.140837844095137e-05,
  "78": 6.567758861134844e-05,
  "79": 3.5929575732072284e-07,
  "80": 0.0,
  "81": 0.0001686497500215728,
  "82": 4.283369028450972e-06,
  "83": 0.000636318951917581,
  "84": 1.6887289246796825e-05,
  "85": 3.0289208752442803e-05,
  "86": 0.00012495362104890845,
  "87": 0.00043411457868595076,
  "88": 0.00036007665340326094,
  "89": 0.0003149620787675226,
  "90": 0.0006943268255112485,
  "91": 0.0,
  "92": 0.0,
  "93": 9.884067632236536e-06,
  "94": 0.00019243207056539,
  "95": 6.725309362846176e-05,
  "96": 0.0006756453918606148,
  "97": 1.4034926676267637e-05,
  "98": 0.0,
  "99": 9.581220195219276e-07,
  "100": 0.0019756826760827196,
  "101": 2.726420746727839e-06,
  "102": 0.0,
  "103": 0.0,
  "104": 0.0001154085582579877,
  "105": 1.4740996369581514e-05,
  "106": 9.279939342526236e-05,
  "107": 1.6758036117454633e-05,
  "108": 1.8370870830637708e-05,
  "109": 0.03002861873012314,
  "110": 4.9745832992017474e-06,
  "111": 0.00029646791346326636,
  "112": 6.28767575311265e-07,
  "113": 0.00026352710527462105,
  "114": 2.7263745463196573e-05,
  "115": 0.015370934608436282,
  "116": 1.0060281204980242e-06,
  "117": 0.0,
  "118": 0.0,
  "119": 0.00018917544178910286,
  "120": 0.00018252661419134022,
  "121": 0.0,
  "122": 0.028476313494534576,
  "123": 0.0,
  "124": 9.702166672894998e-06,
  "125": 4.747587505480699e-05,
  "126": 3.2249691765964883e-06,
  "127": 5.132622984051904e-05,
  "128": 0.0,
  "129": 0.0,
  "130": 0.0,
  "131": 0.0,
  "132": 6.806195471436214e-06,
  "133": 0.0,
  "134": 0.0,
  "135": 0.0,
  "136": 8.053232778067387e-05,
  "137": 0.0,
  "138": 0.00024151305531884947,
  "139": 0.0,
  "140": 0.0,
  "141": 0.00017746482623087114,
  "142": 0.0,
  "143": 2.4910994718396455e-05,
  "144": 3.629640412191034e-05,
  "145": 8.158044797800742e-06,
  "146": 0.00017346430841667053,
  "147": 0.0,
  "148": 0.00012776335677501568,
  "149": 0.021746974538098946,
  "150": 0.0,
  "151": 0.0,
  "152": 0.0,
  "153": 2.1012352905053967e-05,
  "154": 6.188721632320028e-06,
  "155": 0.0,
  "156": 4.820498488837815e-05,
  "157": 0.00014561924750748664,
  "158": 0.0,
  "159": 7.97644154016341e-05,
  "160": 0.0002411355875996309,
  "161": 0.0,
  "162": 0.0,
  "163": 0.0,
  "164": 0.0,
  "165": 2.2600066060480864e-05,
  "166": 0.0008336234430361399,
  "167": 6.188721632320028e-06,
  "168": 0.0,
  "169": 0.0,
  "170": 0.030893446866960158,
  "171": 2.09698765563152e-05,
  "172": 6.519061261141843e-05,
  "173": 1.5765709583344193e-05,
  "174": 0.0,
  "175": 0.0,
  "176": 0.0,
  "177": 1.8291420372691347e-06,
  "178": 0.0,
  "179": 0.005523096448711833,
  "180": 0.0,
  "181": 2.7992126647268257e-05,
  "182": 3.2621598041594656e-06,
  "183": 1.705457194749031e-05,
  "184": 0.0,
  "185": 0.03821304395310803,
  "186": 0.0,
  "187": 2.9995942874331223e-05,
  "188": 1.5584911078061395e-05,
  "189": 0.0,
  "190": 0.00016845289863098983,
  "191": 8.688971856270307e-05,
  "192": 1.7796738407297232e-05,
  "193": 0.02822901562865857,
  "194": 6.924093491984767e-05,
  "195": 6.299377193317718e-05,
  "196": 0.0012772565924239938,
  "197": 0.0,
  "198": 0.0,
  "199": 0.0013952182544886003,
  "200": 0.0,
  "201": 0.0,
  "202": 0.0,
  "203": 0.0,
  "204": 0.0,
  "205": 0.0,
  "206": 1.0859627481782797e-05,
  "207": 0.0,
  "208": 0.0011260640424087798,
  "209": 0.0002332255368181934,
  "210": 1.74568743181873e-05,
  "211": 3.6582840745382693e-06,
  "212": 5.8871275199514004e-06,
  "213": 2.5323901992902642e-05,
  "214": 0.0,
  "215": 0.0,
  "216": 0.0,
  "217": 8.991423507202052e-05,
  "218": 0.00016788138737799292,
  "219": 0.0,
  "220": 0.0,
  "221": 0.0,
  "222": 0.0,
  "223": 1.4084393686972336e-05,
  "224": 0.00018741247802406,
  "225": 4.553600966464741e-06,
  "226": 0.0,
  "227": 3.4396580500837206e-05,
  "228": 0.00010899219748682831,
  "229": 0.0,
  "230": 0.015373640941965697,
  "231": 0.00023344159724112017,
  "232": 0.0,
  "233": 0.0,
  "234": 0.0,
  "235": 0.0,
  "236": 0.0,
  "237": 0.0,
  "238": 1.1736994739143613e-05,
  "239": 0.0,
  "240": 0.0,
  "241": 0.0,
  "242": 0.006703901230950536,
  "243": 7.185915146414457e-07,
  "244": 0.0,
  "245": 0.0,
  "246": 0.0,
  "247": 0.0,
  "248": 1.006028120498024e-05,
  "249": 0.0,
  "250": 0.0004473245911639099,
  "251": 0.0,
  "252": 0.0,
  "253": 0.0,
  "254": 0.011972634185260496,
  "255": 0.0,
  "256": 0.0,
  "257": 0.0,
  "258": 0.0,
  "259": 0.0,
  "260": 5.3654833093227946e-05,
  "261": 0.0,
  "262": 0.0,
  "263": 0.0,
  "264": 0.0,
  "265": 0.0,
  "266": 1.3413708273306987e-05,
  "267": 2.012056240996048e-05,
  "268": 0.0,
  "269": 0.0,
  "270": 7.863024332710694e-05,
  "271": 0.0008658716361773078,
  "272": 0.0,
  "273": 0.0,
  "274": 0.0,
  "275": 1.705457194749031e-05,
  "276": 0.0001013906994787363,
  "277": 0.0,
  "278": 0.0,
  "279": 0.0,
  "280": 0.0,
  "281": 0.0,
  "282": 2.3053323608661983e-05,
  "283": 0.0,
  "284": 0.0,
  "285": 0.002012056240996048,
  "286": 0.0,
  "287": 0.006036168722988145,
  "288": 3.137849613934313e-05,
  "289": 0.0,
  "290": 0.0,
  "291": 0.0,
  "292": 0.004024112481992096,
  "293": 0.0,
  "294": 2.131821493436289e-05,
  "295": 0.0,
  "296": 0.0,
  "297": 0.0,
  "298": 0.002012056240996048,
  "299": 0.0,
  "300": 0.0031058888727301735,
  "301": 0.0,
  "302": 0.0,
  "303": 0.0,
  "304": 0.0,
  "305": 0.0,
  "306": 0.0,
  "307": 0.0,
  "308": 0.0,
  "309": 0.0,
  "310": 0.0,
  "311": 0.0,
  "312": 0.0,
  "313": 0.0019567246943686567,
  "314": 2.8317187309052085e-05,
  "315": 0.0,
  "316": 0.0,
  "317": 0.0,
  "318": 0.0,
  "319": 0.0,
  "320": 0.0,
  "321": 2.012056240996048e-05,
  "322": 0.00013423289493502208,
  "323": 0.0,
  "324": 0.0,
  "325": 0.0,
  "326": 0.0,