{
  "1": 0.08832118284726004,
  "2": 0.062240626649506366,
  "3": 0.090956631215757,
  "4": 0.042827777192030986,
  "5": 0.03390747166828309,
  "6": 0.13132175440311086,
  "7": 0.14447000985477096,
  "8": 0.052888643131647296,
  "9": 0.010377657709039187,
  "10": 0.058348632884859274,
  "11": 0.051400775153207186,
  "12": 0.035941804135335584,
  "13": 0.032980257587326485,
  "14": 0.1256307225225135,
  "15": 0.030183815880172445,
  "16": 0.00926533367689518,
  "17": 0.023449032520299937,
  "18": 0.022855372990304837,
  "19": 0.008585631307068733,
  "20": 0.0264584020624163,
  "21": 0.08743978685046007,
  "22": 0.012724601055525244,
  "23": 0.026491092735889107,
  "24": 0.006210069942822474,
  "25": 0.005457027897993407,
  "26": 0.004971004145227331,
  "27": 0.001307830769607479,
  "28": 0.010695558071337891,
  "29": 0.004423689492041995,
  "30": 0.004274665099218333,
  "31": 0.003038995431902836,
  "32": 0.012697026176764919,
  "33": 0.023963457582575443,
  "34": 0.0180295482691603,
  "35": 0.001157626192832344,
  "36": 0.0007362909980625047,
  "37": 0.03142534145415727,
  "38": 0.003040971651069043,
  "39": 0.0006923340545494441,
  "40": 0.0007260395658935392,
  "41": 0.0018044145406086332,
  "42": 0.0021796540566389687,
  "43": 0.0010691118768765579,
  "44": 0.0013216044408310885,
  "45": 0.0022047957761477032,
  "46": 0.00013208184913112084,
  "47": 0.00010516420041887572,
  "48": 0.0009123075408348132,
  "49": 0.024937143799325316,
  "50": 0.0004453111900852711,
  "51": 0.00022217986244382084,
  "52": 0.00849370146483214,
  "53": 0.00024910292444026854,
  "54": 0.0014099819152877963,
  "55": 0.0013997760976141372,
  "56": 0.2152163900099391,
  "57": 0.0001709264634924642,
  "58": 0.0011939947039383322,
  "59": 0.002810304676013854,
  "60": 6.2625006939128165e-06,
  "61": 0.0004433084998009004,
  "62": 0.000361353555430649,
  "63": 0.0001139894450041289,
  "64": 0.00029839121261963485,
  "65": 0.0001555312838987273,
  "66": 5.564718268295011e-05,
  "67": 0.0001165323407671992,
  "68": 0.00011002004967503929,
  "69": 0.00015575288627768841,
  "70": 1.6503065085248624e-05,
  "71": 1.1517977102397873e-05,
  "72": 0.006191703917560016,
  "73": 0.0020817206152267897,
  "74": 1.2180842922639872e-05,
  "75": 0.0007818422662542966,
  "76": 7.176419854791354e-05,
  "77": 4.342564940148851e-05,
  "78": 8.47869109441969e-05,
  "79": 2.2575238267667302e-06,
  "80": 0.0,
  "81": 0.0003329138304690758,
  "82": 4.802879261932024e-06,
  "83": 0.001110351053989482,
  "84": 1.2856211454014441e-05,
  "85": 3.3767597764627284e-05,
  "86": 5.469529565928899e-05,
  "87": 7.204176890460527e-05,
  "88": 0.00013638008452978006,
  "89": 0.00030956342821762017,
  "90": 0.00011397722395505658,
  "91": 1.2229201639789197e-06,
  "92": 2.5649557591763795e-06,
  "93": 4.059821987070676e-05,
  "94": 0.00036331100843634603,
  "95": 0.00016468005261408754,
  "96": 0.0005215314813833827,
  "97": 4.207192693016604e-05,
  "98": 0.0,
  "99": 2.908700674396937e-06,
  "100": 0.004436603935409096,
  "101": 3.5266431455924347e-06,
  "102": 0.0,
  "103": 2.5649557591763795e-06,
  "104": 2.170271727314715e-05,
  "105": 1.3167857108080815e-05,
  "106": 1.6515363039227e-05,
  "107": 3.9568122971693597e-05,
  "108": 1.8354130069161493e-05,
  "109": 0.044872624918934026,
  "110": 1.5066611534632488e-06,
  "111": 0.0005226980477547442,
  "112": 1.5719189382781626e-07,
  "113": 0.0006049611778145027,
  "114": 2.2112991587839034e-05,
  "115": 0.025259635860092496,
  "116": 1.18362509195592e-05,
  "117": 0.0,
  "118": 5.522508862522223e-07,
  "119": 0.0003099746796363349,
  "120": 0.000404674166096434,
  "121": 1.5610781180141753e-06,
  "122": 0.013828715248022372,
  "123": 0.0,
  "124": 1.9397943564505006e-05,
  "125": 8.577158377776323e-06,
  "126": 1.2879593881375912e-06,
  "127": 0.00011672733957905061,
  "128": 0.0,
  "129": 1.552234801305091e-07,
  "130": 0.0,
  "131": 0.0,
  "132": 1.882414031310837e-05,
  "133": 5.522508862522223e-07,
  "134": 0.0,
  "135": 0.0,
  "136": 1.2987913141340971e-05,
  "137": 0.0,
  "138": 0.0005196844394800733,
  "139": 0.0,
  "140": 0.0,
  "141": 0.00032288301382840505,
  "142": 0.0,
  "143": 6.386377871026624e-05,
  "144": 6.842511988384831e-05,
  "145": 1.2452784727412188e-06,
  "146": 0.00010647816757694968,
  "147": 0.0,
  "148": 0.00011525928384154047,
  "149": 0.02428482963423325,
  "150": 0.0,
  "151": 0.0,
  "152": 0.0,
  "153": 3.798027532629059e-05,
  "154": 1.1497998904241128e-06,
  "155": 0.0,
  "156": 0.00011256878825682632,
  "157": 0.00018554987586905762,
  "158": 0.0,
  "159": 6.939139064334815e-05,
  "160": 0.0005106475551653432,
  "161": 0.0,
  "162": 0.0,
  "163": 0.0,
  "164": 0.0,
  "165": 6.514564550423988e-05,
  "166": 0.0017586365899204515,
  "167": 1.1497998904241128e-06,
  "168": 0.0,
  "169": 0.0,
  "170": 0.04299347403930064,
  "171": 2.750937821226549e-05,
  "172": 0.00014381335012744867,
  "173": 5.49387605257279e-06,
  "174": 0.0,
  "175": 0.0,
  "176": 0.0,
  "177": 9.145710186345673e-07,
  "178": 0.0,
  "179": 0.002123876076294674,
  "180": 0.0,
  "181": 9.047966024552078e-05,
  "182": 2.7813001694236618e-06,
  "183": 5.0356835840453664e-05,
  "184": 0.0,
  "185": 0.03545579982865811,
  "186": 0.0,
  "187": 5.1606456636146674e-05,
  "188": 4.4089537138836926e-05,
  "189": 0.0,
  "190": 0.0003967156455194168,
  "191": 0.00012140525624725693,
  "192": 2.7049803456603398e-05,
  "193": 0.03798300645410491,
  "194": 0.0001436307159027178,
  "195": 6.403461259655213e-05,
  "196": 0.002998135812987716,
  "197": 1.25753515062253e-06,
  "198": 0.0,
  "199": 0.003165917839195359,
  "200": 0.0,
  "201": 0.0,
  "202": 0.0,
  "203": 0.0,
  "204": 0.0,
  "205": 0.0,
  "206": 2.669717256413397e-05,
  "207": 0.0,
  "208": 0.0025315556153081547,
  "209": 9.047966024552078e-05,
  "210": 3.581344680661679e-05,
  "211": 6.818695718759482e-06,
  "212": 1.6580833837837804e-06,
  "213": 7.246760965086199e-05,
  "214": 0.0,
  "215": 0.0,
  "216": 0.0,
  "217": 0.00012746352510583555,
  "218": 0.00024366905367892753,
  "219": 0.0,
  "220": 0.0,
  "221": 0.0,
  "222": 0.0,
  "223": 7.042196843486168e-06,
  "224": 0.00015658645549387304,
  "225": 3.62462020877139e-06,
  "226": 0.0,
  "227": 8.579574394185543e-05,
  "228": 0.00028592359922482156,
  "229": 0.0,
  "230": 0.012555517885789041,
  "231": 0.0003703174502075711,
  "232": 0.0,
  "233": 0.0,
  "234": 0.0,
  "235": 0.0,
  "236": 0.0,
  "237": 0.0,
  "238": 1.4774425795262648e-05,
  "239": 0.0,
  "240": 0.0,
  "241": 0.0,
  "242": 0.0026664257424082443,
  "243": 5.931423882950723e-06,
  "244": 0.0,
  "245": 0.0,
  "246": 0.0,
  "247": 0.0,
  "248": 2.51507030124506e-06,
  "249": 0.0,
  "250": 0.0004646240350694678,
  "251": 0.0,
  "252": 0.0,
  "253": 0.0,
  "254": 0.012030125255757654,
  "255": 0.0,
  "256": 0.0,
  "257": 2.51507030124506e-06,
  "258": 0.0,
  "259": 0.0,
  "260": 8.620158483137454e-05,
  "261": 0.0,
  "262": 0.0,
  "263": 0.0,
  "264": 0.0,
  "265": 0.0,
  "266": 5.5666889334224006e-05,
  "267": 3.018084361494072e-05,
  "268": 1.877919158262978e-05,
  "269": 0.0,
  "270": 2.3325371687759114e-05,
  "271": 0.001973773650988829,
  "272": 0.0,
  "273": 0.0,
  "274": 5.32320596978214e-06,
  "275": 4.868012230629029e-05,
  "276": 7.350187028871838e-05,
  "277": 0.0,
  "278": 0.0,
  "279": 0.0,
  "280": 0.0,
  "281": 0.0,
  "282": 3.737863275498114e-05,
  "283": 0.0,
  "284": 0.0,
  "285": 0.004507005979831148,
  "286": 0.0,
  "287": 0.013460656252263567,
  "288": 8.155403123226792e-05,
  "289": 0.0,
  "290": 0.0,
  "291": 0.0,
  "292": 0.008993891397252336,
  "293": 0.0,
  "294": 8.144037165936385e-06,
  "295": 0.0,
  "296": 0.0,
  "297": 0.0,
  "298": 0.002007026100393558,
  "299": 0.0,
  "300": 0.006862467344638383,
  "301": 0.0,
  "302": 0.0,
  "303": 0.0,
  "304": 0.0,
  "305": 0.0,
  "306": 0.0,
  "307": 0.0,
  "308": 0.0,
  "309": 0.0,
  "310": 0.0,
  "311": 0.0,
  "312": 0.0,
  "313": 0.0031868216256571284,
  "314": 7.033100611599164e-05,
  "315": 0.0,
  "316": 0.0,
  "317": 0.0,