{
  "1": 0.0885267084081016,
  "2": 0.05828837332027051,
  "3": 0.09274350747272855,
  "4": 0.038482592217671946,
  "5": 0.03326677402403583,
  "6": 0.13742632411270095,
  "7": 0.13153391393854838,
  "8": 0.05578654247322014,
  "9": 0.008027052446851677,
  "10": 0.05345170840168743,
  "11": 0.053809900463142386,
  "12": 0.03828662038630308,
  "13": 0.030233053397576096,
  "14": 0.1292566238973107,
  "15": 0.027756691302668432,
  "16": 0.007511289146454866,
  "17": 0.02286928664569136,
  "18": 0.022813779797386892,
  "19": 0.009028742115288813,
  "20": 0.027964172587562067,
  "21": 0.08552343291020262,
  "22": 0.014389884102919298,
  "23": 0.020906100703856546,
  "24": 0.006658363482139687,
  "25": 0.005616216369867597,
  "26": 0.00535573104884867,
  "27": 0.0014732572298820472,
  "28": 0.010421789183939038,
  "29": 0.004614421525467419,
  "30": 0.004601557073213925,
  "31": 0.0029903540571484043,
  "32": 0.016746099651667103,
  "33": 0.0190326046768085,
  "34": 0.02357812788301955,
  "35": 0.0015317593706854057,
  "36": 0.0009190871365811209,
  "37": 0.03107236039782706,
  "38": 0.003067180387343499,
  "39": 0.0006089762252085218,
  "40": 0.000839982047453299,
  "41": 0.002059036708212061,
  "42": 0.002224282010830857,
  "43": 0.0010302605560124655,
  "44": 0.0014850896850787062,
  "45": 0.002579923338346809,
  "46": 0.00011543544580907375,
  "47": 0.0001340563970233872,
  "48": 0.0006588278618485033,
  "49": 0.027449758666849622,
  "50": 0.00031870078468822113,
  "51": 0.00024700794826516056,
  "52": 0.009331733158662482,
  "53": 0.0001335936995849808,
  "54": 0.0013391821269179449,
  "55": 0.0007329270460412364,
  "56": 0.22089712759384425,
  "57": 0.00026952399224838857,
  "58": 0.000545854772108313,
  "59": 0.003911203186844554,
  "60": 4.142100012709581e-06,
  "61": 0.0003933011046421817,
  "62": 0.0003800882237680988,
  "63": 0.0001435611840984377,
  "64": 0.0002558978605152705,
  "65": 7.74303178112679e-05,
  "66": 4.6602132204787725e-05,
  "67": 0.00010950116373084658,
  "68": 0.00012741038417072445,
  "69": 0.00016744378770698813,
  "70": 1.7052557014073617e-05,
  "71": 9.003071174983486e-06,
  "72": 0.006530756923808248,
  "73": 0.0016676247641058612,
  "74": 1.312218644736094e-05,
  "75": 0.0007876985558988166,
  "76": 8.520002548260214e-05,
  "77": 1.9223825856173814e-05,
  "78": 8.085984458355589e-05,
  "79": 2.5985988875623565e-06,
  "80": 0.0,
  "81": 0.00027288349201111975,
  "82": 7.361961035431293e-06,
  "83": 0.001609825260973073,
  "84": 1.5500474957358976e-05,
  "85": 8.64697115279005e-05,
  "86": 5.374892554746738e-05,
  "87": 7.017876476258131e-05,
  "88": 6.511005154838122e-05,
  "89": 0.0002999377611436601,
  "90": 0.00011159507121539781,
  "91": 1.1556947726213466e-06,
  "92": 2.85157127937793e-06,
  "93": 2.6423274462248736e-05,
  "94": 0.0004399569449049091,
  "95": 6.667287922308505e-05,
  "96": 0.0005075136431259892,
  "97": 4.617718532724725e-05,
  "98": 0.0,
  "99": 9.052368421285922e-06,
  "100": 0.005262157350453128,
  "101": 5.174948436211918e-06,
  "102": 0.0,
  "103": 2.85157127937793e-06,
  "104": 4.915785308447737e-05,
  "105": 1.3216343973356043e-05,
  "106": 1.5123843876019165e-05,
  "107": 1.673929472460457e-05,
  "108": 1.9454036926087426e-05,
  "109": 0.04002004138560709,
  "110": 1.8745445665076848e-06,
  "111": 0.0006225174107999058,
  "112": 2.095891917704217e-07,
  "113": 0.00026380161014585005,
  "114": 2.2803379769755355e-05,
  "115": 0.02831512656888414,
  "116": 1.5194668009508763e-05,
  "117": 0.0,
  "118": 6.121335124723428e-07,
  "119": 0.00013180043189756397,
  "120": 0.00045884328192068483,
  "121": 1.8501666583871708e-06,
  "122": 0.012226949329166167,
  "123": 0.0,
  "124": 2.1715496895992937e-05,
  "125": 7.086750849774502e-06,
  "126": 1.2913398589725982e-06,
  "127": 0.00012920461675354969,
  "128": 0.0,
  "129": 2.069646401740121e-07,
  "130": 0.0,
  "131": 0.0,
  "132": 2.1204995294749072e-05,
  "133": 6.121335124723428e-07,
  "134": 0.0,
  "135": 0.0,
  "136": 3.453409719697109e-05,
  "137": 0.0,
  "138": 0.0005965018883577804,
  "139": 0.0,
  "140": 0.0,
  "141": 0.00033977526042867895,
  "142": 0.0,
  "143": 6.548839114981899e-05,
  "144": 8.344283101806848e-05,
  "145": 7.059846459635257e-07,
  "146": 0.00014585986724100625,
  "147": 0.0,
  "148": 0.00011978048979983751,
  "149": 0.021697038960481505,
  "150": 0.0,
  "151": 0.0,
  "152": 0.0,
  "153": 4.986117136965542e-05,
  "154": 9.922611591974688e-07,
  "155": 0.0,
  "156": 4.549471492189362e-05,
  "157": 0.00021696458233739732,
  "158": 0.0,
  "159": 0.00010103669751171104,
  "160": 0.0006031461558585208,
  "161": 0.0,
  "162": 0.0,
  "163": 0.0,
  "164": 0.0,
  "165": 6.89398383396661e-05,
  "166": 0.002068912664097088,
  "167": 9.922611591974688e-07,
  "168": 0.0,
  "169": 0.0,
  "170": 0.04546282595151418,
  "171": 5.78674978520216e-05,
  "172": 0.00011363587592044225,
  "173": 2.8999954361705638e-06,
  "174": 0.0,
  "175": 0.0,
  "176": 0.0,
  "177": 6.09714012423045e-07,
  "178": 0.0,
  "179": 0.0009991410880552762,
  "180": 0.0,
  "181": 0.00010437573280303393,
  "182": 6.303335621981217e-06,
  "183": 5.096113854795878e-05,
  "184": 0.0,
  "185": 0.045821867825764376,
  "186": 0.0,
  "187": 2.7069807166294782e-05,
  "188": 2.8592542200422245e-05,
  "189": 0.0,
  "190": 0.00016889532204643508,
  "191": 4.904160573926948e-05,
  "192": 3.696585318062814e-05,
  "193": 0.038122462003060416,
  "194": 0.00017008969369595265,
  "195": 2.0687900547060412e-05,
  "196": 0.0035594019510185463,
  "197": 3.353427068326747e-06,
  "198": 0.0,
  "199": 0.0014058132272327746,
  "200": 0.0,
  "201": 0.0,
  "202": 0.0,
  "203": 0.0,
  "204": 0.0,
  "205": 0.0,
  "206": 1.7322755787281088e-05,
  "207": 0.0,
  "208": 0.0011273296002734443,
  "209": 3.5964596079392154e-05,
  "210": 2.2109594261516817e-05,
  "211": 1.1470521186304267e-05,
  "212": 2.434339649600157e-06,
  "213": 8.81923603054607e-05,
  "214": 0.0,
  "215": 0.0,
  "216": 0.0,
  "217": 0.00014049560031225734,
  "218": 0.00028861010384565166,
  "219": 0.0,
  "220": 0.0,
  "221": 0.0,
  "222": 0.0,
  "223": 8.048224963984193e-06,
  "224": 0.00021332878222120365,
  "225": 4.656330783537639e-06,
  "226": 0.0,
  "227": 3.934318786412532e-05,
  "228": 0.00034714146578833783,
  "229": 0.0,
  "230": 0.008806636570051542,
  "231": 0.0004329213314151067,
  "232": 0.0,
  "233": 0.0,
  "234": 0.0,
  "235": 0.0,
  "236": 0.0,
  "237": 0.0,
  "238": 1.460030554363799e-05,
  "239": 0.0,
  "240": 0.0,
  "241": 0.0,
  "242": 0.001387183655361851,
  "243": 3.5699723227389006e-06,
  "244": 0.0,
  "245": 0.0,
  "246": 0.0,
  "247": 0.0,
  "248": 3.353427068326747e-06,
  "249": 0.0,
  "250": 0.00046849859273794767,
  "251": 0.0,
  "252": 0.0,
  "253": 0.0,
  "254": 0.011855979070080569,
  "255": 0.0,
  "256": 0.0,
  "257": 6.706854136653494e-06,
  "258": 0.0,
  "259": 0.0,
  "260": 0.00024108092051207196,
  "261": 0.0,
  "262": 0.0,
  "263": 0.0,
  "264": 0.0,
  "265": 0.0,
  "266": 2.0567686019070718e-05,
  "267": 6.706854136653494e-06,
  "268": 2.1461933237291177e-05,
  "269": 0.0,
  "270": 3.0653371974568585e-05,
  "271": 0.0008713129324492959,
  "272": 0.0,
  "273": 0.0,
  "274": 8.159526531346324e-06,
  "275": 4.98433295251832e-05,
  "276": 0.00010254933528099745,
  "277": 0.0,
  "278": 0.0,
  "279": 0.0,
  "280": 0.0,
  "281": 0.0,
  "282": 4.175882646226303e-05,
  "283": 0.0,
  "284": 0.0,
  "285": 0.005338655892776181,
  "286": 0.0,
  "287": 0.012629006339318533,
  "288": 5.1997375932986344e-05,
  "289": 0.0,
  "290": 0.0,
  "291": 0.0,
  "292": 0.01065048436900575,
  "293": 0.0,
  "294": 1.4212143289575262e-05,
  "295": 0.0,
  "296": 0.0,
  "297": 0.0,
  "298": 0.002005349386859395,
  "299": 0.0,
  "300": 0.00778438157755782,
  "301": 0.0,
  "302": 0.0,
  "303": 0.0,
  "304": 0.0,
  "305": 0.0,
  "306": 0.0,
  "307": 0.0,
  "308": 0.0,
  "309": 0.0,
  "310": 0.0,
  "311": 0.0,
  "312": 0.0,
  "313": 0.005226459804290165,
  "314": 8.564976083393227e-05,
  "315": 0.0,
  "316": 0.0,