{
  "1": 0.07134535587988335,
  "2": 0.05179749780556489,
  "3": 0.0917596647463777,
  "4": 0.04092080833775639,
  "5": 0.028963854851069636,
  "6": 0.14179731164191994,
  "7": 0.12712985449128436,
  "8": 0.07575263757341225,
  "9": 0.009795135018709681,
  "10": 0.05912842620120921,
  "11": 0.054393840130969255,
  "12": 0.027006795131778318,
  "13": 0.05854749180081767,
  "14": 0.10818102193087954,
  "15": 0.039964878679062045,
  "16": 0.006713041022054683,
  "17": 0.017843624177495625,
  "18": 0.02815156153830792,
  "19": 0.01154557316725858,
  "20": 0.018997606470442387,
  "21": 0.08184226157655104,
  "22": 0.012528824641038844,
  "23": 0.032605048348589065,
  "24": 0.007828336261073158,
  "25": 0.00521796729682163,
  "26": 0.00609041402896736,
  "27": 0.0014759673757746472,
  "28": 0.009225667637719188,
  "29": 0.005364324017687372,
  "30": 0.0025689226606164517,
  "31": 0.002599860321611486,
  "32": 0.017458321402686505,
  "33": 0.04453021377546285,
  "34": 0.010730052264760327,
  "35": 0.0023693348771274,
  "36": 0.0011064405723561275,
  "37": 0.034256878920488405,
  "38": 0.003656683491005802,
  "39": 0.0007090594825483657,
  "40": 0.0005550766243137447,
  "41": 0.002146151067612128,
  "42": 0.0012996996125898838,
  "43": 0.0010214318812832885,
  "44": 0.0010957118160944143,
  "45": 0.004024976809645343,
  "46": 0.00011162304569613755,
  "47": 0.00020746715766120356,
  "48": 0.0010651575695958195,
  "49": 0.014195310957075298,
  "50": 0.0003375894156136009,
  "51": 0.00033594741635884217,
  "52": 0.006362087272121581,
  "53": 0.0001233579228187971,
  "54": 0.0006554192650133532,
  "55": 0.0006566320050003337,
  "56": 0.16291559018739943,
  "57": 0.00035148129669247967,
  "58": 0.0006043084066231851,
  "59": 0.0016920540948513352,
  "60": 5.9293458446019296e-06,
  "61": 0.0007631123055267098,
  "62": 0.0006811449867211521,
  "63": 0.00021733518123939416,
  "64": 0.0004160827541938602,
  "65": 7.778291730098004e-05,
  "66": 4.145279371263372e-05,
  "67": 0.0001016423827936854,
  "68": 6.17411168767325e-05,
  "69": 0.0001147316517687567,
  "70": 2.221049383574843e-05,
  "71": 3.2165943312610195e-05,
  "72": 0.013699324194230391,
  "73": 0.00226443059897202,
  "74": 3.2256747274848755e-05,
  "75": 0.0003478932381379514,
  "76": 0.00017899556110214355,
  "77": 2.6514683414261553e-05,
  "78": 8.750286369586592e-05,
  "79": 2.917358713287921e-06,
  "80": 0.0,
  "81": 0.0005036746981547755,
  "82": 1.7319898045204077e-06,
  "83": 0.0006982834753772889,
  "84": 1.5821183078920855e-05,
  "85": 3.204334548012215e-05,
  "86": 4.291225061704026e-05,
  "87": 0.00010259023948426614,
  "88": 8.285812450254086e-05,
  "89": 0.00020617775175394923,
  "90": 0.00014554497860634695,
  "91": 4.292079672731323e-06,
  "92": 1.3223442907728165e-06,
  "93": 9.106388154946635e-05,
  "94": 0.0001675525167320768,
  "95": 0.0004247705545159636,
  "96": 0.00046482786582571984,
  "97": 2.5198495166553466e-05,
  "98": 0.0,
  "99": 1.3111143425036904e-06,
  "100": 0.011807437663624817,
  "101": 4.2643895059132605e-06,
  "102": 0.0,
  "103": 1.3223442907728165e-06,
  "104": 0.00012976826104518755,
  "105": 8.534142833921607e-06,
  "106": 2.02171399358394e-05,
  "107": 9.630427827514103e-05,
  "108": 1.1153065098082935e-05,
  "109": 0.029106340931299345,
  "110": 1.9268683759538767e-06,
  "111": 0.00039215709608306085,
  "112": 0.0,
  "113": 0.0016429326177929097,
  "114": 2.4302552851950596e-05,
  "115": 0.024514835887362026,
  "116": 6.876510401308483e-06,
  "117": 0.0,
  "118": 0.0,
  "119": 0.0007846930282130506,
  "120": 0.0001567991914138534,
  "121": 1.387624993790378e-06,
  "122": 0.009367193307169768,
  "123": 0.0,
  "124": 8.606087920834708e-06,
  "125": 1.3689008282027163e-05,
  "126": 1.9268683759538767e-06,
  "127": 5.375681502030584e-05,
  "128": 0.0,
  "129": 1.3801604265582808e-06,
  "130": 0.0,
  "131": 0.0,
  "132": 1.4377992063876643e-05,
  "133": 0.0,
  "134": 0.0,
  "135": 0.0,
  "136": 8.56954670990311e-05,
  "137": 0.0,
  "138": 0.00019998200238260388,
  "139": 0.0,
  "140": 0.0,
  "141": 0.00015145984002669371,
  "142": 0.0,
  "143": 0.00015867026805124946,
  "144": 1.7882771316333024e-05,
  "145": 1.80418298412901e-06,
  "146": 0.00027941012463328466,
  "147": 0.0,
  "148": 0.0007208783656841403,
  "149": 0.012022994161970908,
  "150": 0.0,
  "151": 0.0,
  "152": 0.0,
  "153": 1.845494723027425e-05,
  "154": 4.149472059833479e-07,
  "155": 0.0,
  "156": 0.00028520614991535637,
  "157": 0.00012247899423463497,
  "158": 0.0,
  "159": 0.00020794950409713038,
  "160": 0.00022433158427514877,
  "161": 0.0,
  "162": 0.0,
  "163": 0.0,
  "164": 0.0,
  "165": 3.304940287338819e-05,
  "166": 0.0007814537313618529,
  "167": 4.149472059833479e-07,
  "168": 0.0,
  "169": 0.0,
  "170": 0.04061402590991891,
  "171": 0.00012074117765491823,
  "172": 4.947079460550605e-05,
  "173": 1.1517287448460138e-06,
  "174": 0.0,
  "175": 0.0,
  "176": 0.0,
  "177": 0.0,
  "178": 0.0,
  "179": 0.0009763104335418029,
  "180": 0.0,
  "181": 0.0002626387743361592,
  "182": 1.7426983826056455e-05,
  "183": 0.00012818413550600815,
  "184": 0.0,
  "185": 0.023286015012436816,
  "186": 0.0,
  "187": 2.6114787371379726e-05,
  "188": 6.962059889629782e-05,
  "189": 0.0,
  "190": 0.001042151967656482,
  "191": 0.0003229689067929747,
  "192": 1.1543902971199585e-05,
  "193": 0.029333537904381948,
  "194": 5.428131055828387e-05,
  "195": 9.725591414198068e-05,
  "196": 0.0014536658967522005,
  "197": 0.0,
  "198": 0.0,
  "199": 0.0013690229961688346,
  "200": 0.0,
  "201": 0.0,
  "202": 0.0,
  "203": 0.0,
  "204": 0.0,
  "205": 0.0,
  "206": 2.9509954569144522e-05,
  "207": 0.0,
  "208": 0.006766587992411929,
  "209": 5.7405364165234e-05,
  "210": 9.258747797560377e-05,
  "211": 2.7296848715487525e-05,
  "212": 7.452060151837215e-07,
  "213": 4.1801874473950075e-05,
  "214": 0.0,
  "215": 0.0,
  "216": 0.0,
  "217": 0.00020740014692804194,
  "218": 0.00011604203200048809,
  "219": 0.0,
  "220": 0.0,
  "221": 0.0,
  "222": 0.0,
  "223": 4.024112481992097e-06,
  "224": 3.3018312686695534e-05,
  "225": 5.159118566656534e-07,
  "226": 0.0,
  "227": 0.0002128892688626614,
  "228": 0.00014996182975885328,
  "229": 0.0,
  "230": 0.005748339791212013,
  "231": 0.00012655846639331766,
  "232": 0.0,
  "233": 0.0,
  "234": 0.0,
  "235": 0.0,
  "236": 0.0,
  "237": 0.0,
  "238": 9.09294647373214e-06,
  "239": 0.0,
  "240": 0.0,
  "241": 0.0,
  "242": 0.0012160015500477562,
  "243": 3.5736405970071898e-06,
  "244": 0.0,
  "245": 0.0,
  "246": 0.0,
  "247": 0.0,
  "248": 0.0,
  "249": 0.0,
  "250": 0.00044723685249518355,
  "251": 0.0,
  "252": 0.0,
  "253": 0.0,
  "254": 0.010082033460219724,
  "255": 0.0,
  "256": 0.0,
  "257": 1.006028120498024e-05,
  "258": 0.0,
  "259": 0.0,
  "260": 4.934328400537927e-05,
  "261": 0.0,
  "262": 0.0,
  "263": 0.0,
  "264": 0.0,
  "265": 0.0,
  "266": 1.6767135341633734e-05,
  "267": 0.0,
  "268": 1.073096661864559e-05,
  "269": 0.0,
  "270": 1.25753515062253e-06,
  "271": 0.005225267203924526,
  "272": 0.0,
  "273": 0.0,
  "274": 4.861031244327503e-06,
  "275": 0.0001248307084376814,
  "276": 3.3018312686695534e-05,
  "277": 0.0,
  "278": 0.0,
  "279": 0.0,
  "280": 0.0,
  "281": 0.0,
  "282": 1.093508826628287e-05,
  "283": 0.0,
  "284": 0.0,
  "285": 0.002012056240996048,
  "286": 0.0,
  "287": 0.006036168722988145,
  "288": 1.8635473279701495e-05,
  "289": 0.0,
  "290": 0.0,
  "291": 0.0,
  "292": 0.0039838713571721755,
  "293": 0.0,
  "294": 1.2934647263546023e-05,
  "295": 0.0,
  "296": 0.0,
  "297": 0.0,
  "298": 0.0019919356785860877,
  "299": 0.0,
  "300": 0.0030963649195718456,
  "301": 0.0,
  "302": 0.0,
  "303": 0.0,
  "304": 0.0,
  "305": 0.0,
  "306": 0.0,
  "307": 0.0,
  "308": 0.0,
  "309": 0.0,
  "310": 0.0,
  "311": 0.0,
  "312": 0.0,
  "313": 0.0020563214782979614,
  "314": 3.4999553707015034e-05,
  "315": 0.0,
  "316": 0.0,
  "317": 0.0,
  "318": 0.0,
  "319": 0.0,
  "320": 0.0,
  "321": 1.5761107221135708e-05,
  "322": 4.828934978390516e-05,