{
  "0": 0.0,
  "1": 0.06385647360099661,
  "2": 0.005416474443251814,
  "3": 0.20815244326285567,
  "4": 0.02920675255924794,
  "5": 0.0369727845690378,
  "6": 0.07166604513782084,
  "7": 0.22853586613685395,
  "8": 0.08340084318183262,
  "9": 0.019734705485150546,
  "10": 0.033632907110375074,
  "11": 0.1329612563864602,
  "12": 0.011588523443771186,
  "13": 0.025050196865300158,
  "14": 0.05729141656527588,
  "15": 0.00975441315495527,
  "16": 0.020437652703931324,
  "17": 0.04475954857158566,
  "18": 0.003432206023707891,
  "19": 0.07136925564862596,
  "20": 0.01675523997187649,
  "21": 0.07985051547522347,
  "22": 0.13754994344612312,
  "23": 0.028360985677125368,
  "24": 0.0,
  "25": 0.0,
  "26": 0.012839859101304994,
  "27": 0.12167441258129133,
  "28": 0.02727548281292881,
  "29": 0.0,
  "30": 0.0008072302303888422,
  "31": 0.01661774292852245,
  "32": 0.0040386725532937555,
  "33": 0.0356184435923194,
  "34": 0.00693382798002463,
  "35": 0.003810521802373187,
  "36": 0.006208388533164651,
  "37": 0.0732188976390322,
  "38": 0.030341820351025728,
  "39": 0.013785528799890484,
  "40": 0.0021937377269272873,
  "41": 0.005706448131376303,
  "42": 0.004080326577726169,
  "43": 0.15765735997089375,
  "44": 0.26958414183738444,
  "45": 0.04012516025932717,
  "46": 0.0,
  "47": 0.0,
  "48": 0.0,
  "49": 0.02103693782157647,
  "50": 0.0015398936149658973,
  "51": 0.05748167475331341,
  "52": 0.004945482809578271,
  "53": 0.15540964767513604,
  "54": 0.0033154965934457064,
  "55": 0.0035420286264534902,
  "56": 0.07414650933715482,
  "57": 0.0,
  "58": 0.0012552635497238061,
  "59": 0.032692282698752344,
  "60": 0.0,
  "61": 0.02374403957985338,
  "62": 0.015071854119981739,
  "63": 0.15045882805341268,
  "64": 0.0,
  "65": 0.0,
  "66": 0.0,
  "67": 0.0,
  "68": 0.0,
  "69": 0.13388440314715713,
  "70": 0.0,
  "71": 0.0,
  "72": 0.06743186674615036,
  "73": 0.03329403292473998,
  "74": 0.0,
  "75": 0.0314883190422723,
  "76": 0.0004790379261830758,
  "77": 3.221975363807669e-05,
  "78": 0.0,
  "79": 0.07804100629022254,
  "80": 0.0,
  "81": 0.010647165432478773,
  "82": 0.0026795848060252843,
  "83": 0.01899887130301453,
  "84": 0.0,
  "85": 0.0,
  "86": 0.0,
  "87": 0.00790589329793398,
  "88": 0.002933775637012638,
  "89": 0.03074322683150052,
  "90": 0.0,
  "91": 0.037962234694451015,
  "92": 0.0,
  "93": 0.0,
  "94": 0.007787151152626876,
  "95": 0.0035081992817182837,
  "96": 0.03914049462540247,
  "97": 0.0060162646973595255,
  "98": 0.0,
  "99": 0.0,
  "100": 0.003074775941670591,
  "101": 0.008066751302253738,
  "102": 0.0,
  "103": 8.884187952345745e-05,
  "104": 0.006025594472885911,
  "105": 0.0,
  "106": 0.07313952328304812,
  "107": 0.009751722494447427,
  "108": 0.0,
  "109": 0.13759577305545473,
  "110": 0.003189665813200784,
  "111": 0.0,
  "112": 0.0,
  "113": 0.0,
  "114": 0.0,
  "115": 0.028219843664084934,
  "116": 0.0,
  "117": 0.0,
  "118": 0.0,
  "119": 0.0,
  "120": 0.014525448879858476,
  "121": 0.0,
  "122": 0.07101937868444834,
  "123": 0.0,
  "124": 0.0,
  "125": 0.28308843673444817,
  "126": 0.0,
  "127": 0.003875850429091977,
  "128": 0.03238959168368272,
  "129": 0.0,
  "130": 0.0,
  "131": 0.0,
  "132": 0.004001954343617427,
  "133": 0.0,
  "134": 0.0,
  "135": 0.0,
  "136": 0.0,
  "137": 8.685628237912465e-05,
  "138": 0.0,
  "139": 0.0,
  "140": 0.0019369248686356845,
  "141": 0.09488120674634835,
  "142": 0.0,
  "143": 0.026176640958250025,
  "144": 0.0,
  "145": 0.0,
  "146": 0.0,
  "147": 0.0,
  "148": 0.018057824084746654,
  "149": 0.04984009874285878,
  "150": 0.0,
  "151": 0.0,
  "152": 0.0,
  "153": 6.17725999892991e-05,
  "154": 0.0,
  "155": 0.0,
  "156": 0.02190856187250361,
  "157": 0.0014501054476827844,
  "158": 0.0,
  "159": 0.16581933526908577,
  "160": 0.023713008015568235,
  "161": 0.0,
  "162": 0.0,
  "163": 0.0,
  "164": 0.0,
  "165": 0.0018340882379546586,
  "166": 0.02387368654774872,
  "167": 0.0,
  "168": 0.0,
  "169": 0.0,
  "170": 0.032730721532023124,
  "171": 0.0,
  "172": 0.005818193674372573,
  "173": 0.0036460705315405155,
  "174": 0.00021560673389952248,
  "175": 0.06384865605279266,
  "176": 0.0,
  "177": 0.004044444849050129,
  "178": 0.0,
  "179": 0.016833415528560543,
  "180": 0.0,
  "181": 0.0,
  "182": 0.03218395547112942,
  "183": 0.0,
  "184": 0.0,
  "185": 0.023213972088900654,
  "186": 0.0,
  "187": 0.0,
  "188": 0.004686556053643693,
  "189": 0.0,
  "190": 0.006509344108551609,
  "191": 0.0006078513011587985,
  "192": 0.004071693094819612,
  "193": 0.029969933041341438,
  "194": 0.0,
  "195": 0.0030722322200181403,
  "196": 0.0056273546263430185,
  "197": 0.0034259730828361122,
  "198": 0.0,
  "199": 0.003668921089786283,
  "200": 0.0,
  "201": 0.0,
  "202": 0.0,
  "203": 0.0,
  "204": 0.04216919595943887,
  "205": 0.0,
  "206": 0.006777171060098042,
  "207": 0.0,
  "208": 0.00199224103096757,
  "209": 0.0,
  "210": 0.0,
  "211": 0.004771017208120891,
  "212": 0.0,
  "213": 0.006376769188593487,
  "214": 0.0,
  "215": 0.0,
  "216": 0.0,
  "217": 0.0,
  "218": 0.061955166208516835,
  "219": 0.0,
  "220": 0.0,
  "221": 0.02950606118600589,
  "222": 0.0,
  "223": 0.0,
  "224": 0.0275925937308954,
  "225": 0.0,
  "226": 0.0,
  "227": 0.029401701604824363,
  "228": 0.0040629025504077265,
  "229": 0.0,
  "230": 0.0,
  "231": 0.0,
  "232": 0.0,
  "233": 0.0,
  "234": 0.0,
  "235": 0.0,
  "236": 0.0,
  "237": 0.0,
  "238": 0.0,
  "239": 0.0005269499255486106,
  "240": 0.0,
  "241": 0.0,
  "242": 0.10029825269383616,
  "243": 0.0,
  "244": 0.0,
  "245": 0.0,
  "246": 0.0,
  "247": 0.0,
  "248": 0.004085532660566247,
  "249": 0.0,
  "250": 0.007504986707747688,
  "251": 0.0,
  "252": 0.0,
  "253": 0.0,
  "254": 0.7772018087993215,
  "255": 0.0,
  "256": 0.0,
  "257": 0.0,
  "258": 0.0,
  "259": 0.0,
  "260": 4.3037039490099485e-05,
  "261": 0.0,
  "262": 0.0,
  "263": 0.0,
  "264": 0.0,
  "265": 0.0,
  "266": 0.004638999642467,
  "267": 0.0,
  "268": 0.0032603773876072246,
  "269": 0.0,
  "270": 0.0036868981373051704,
  "271": 0.0,
  "272": 0.0,
  "273": 0.0,
  "274": 0.0012054089730638793,
  "275": 0.0,
  "276": 0.005162041031534664,
  "277": 0.0,
  "278": 0.0,
  "279": 0.0,
  "280": 0.0,
  "281": 0.0,
  "282": 0.0,
  "283": 0.0,
  "284": 0.0,
  "285": 0.002461160970771475,
  "286": 0.0,
  "287": 0.0114608022006245,
  "288": 0.012085948558463715,
  "289": 0.0,
  "290": 0.000529152545351377,
  "291": 0.0,
  "292": 0.005234682228211886,
  "293": 0.0,
  "294": 0.0018516844436807657,
  "295": 0.0,
  "296": 0.0,
  "297": 0.0,
  "298": 0.01773564078405596,
  "299": 0.003917276219320127,
  "300": 0.001872371570231741,
  "301": 0.0,
  "302": 0.0,
  "303": 0.0,
  "304": 0.0,
  "305": 0.0,
  "306": 0.0,
  "307": 0.0,
  "308": 0.0,
  "309": 0.0033550330262648942,
  "310": 0.0,
  "311": 0.0,
  "312": 0.0,
  "313": 0.016965819677333703,
  "314": 0.0,
  "315": 0.0,
  "316": 0.0,
  "317": 0.0,
  "318": 0.0,
  "319": 0.0,
  "320": 0.0,
  "321": 0.003751103178609528,
  "322": 0.007345422930391951,
  "323": 0.0,
  "324": 0.0,
  "325": 0.0,
  "326": 0.0,
  "327": 0.0,
  "328": 0.0032120911177992923,
  "329": 0.00014828677803724067,
  "330": 0.07194722315688559,
  "331": 0.0,
  "332": 0.0,
  "333": 0.0,
  "334": 0.0,
  "335": 0.0,
  "336": 0.0,
  "337": 0.0,
  "338": 0.0,
  "339": 0.0,
  "340": 0.002766317765690663,
  "341": 0.025336128483197464,
  "342": 0.0026679353406339266,
  "343": 0.0,
  "344": 0.029401701604824363,
  "345": 0.006769763827850879,
  "346": 0.0,
  "347": 0.004344049971284355,
  "348": 0.0,
  "349": 0.0063545558836990606,
  "350": 0.0,
  "351": 0.0,
  "352": 0.0,
  "353": 0.0,
  "354": 0.0,
  "355": 0.00030488254942947433,
  "356": 0.0,
  "357": 0.0,
  "358": 0.0,
  "359": 0.0,
  "360": 0.0,
  "361": 0.002744243249890504,
  "362": 0.0,
  "363": 0.0,
  "364": 0.0,
  "365": 0.0,
  "366": 0.0,
  "367": 0.0,
  "368": 0.0,
  "369": 0.0,
  "370": 0.0,
  "371": 0.004950477022272151,
  "372": 0.0,
  "373": 0.0,
  "374": 0.0,
  "375": 0.0,
  "376": 0.0,
  "377": 0.003179266834952097,