{
  "0": 0.0,
  "1": 0.08083138905232976,
  "2": 0.024341761403360737,
  "3": 0.10138385443910505,
  "4": 0.024882348733944893,
  "5": 0.03472930354729908,
  "6": 0.07593275444769577,
  "7": 0.16060742875511008,
  "8": 0.034532916355911825,
  "9": 0.0031563844637312673,
  "10": 0.03235287146440436,
  "11": 0.08710786335546818,
  "12": 0.010982810789730258,
  "13": 0.028227068219594934,
  "14": 0.0825087222728004,
  "15": 0.008380566301751774,
  "16": 0.010498868743950644,
  "17": 0.0508250243315101,
  "18": 0.0029682154505941815,
  "19": 0.08841312752975482,
  "20": 0.014979783963673752,
  "21": 0.036864466228109044,
  "22": 0.14313454218242613,
  "23": 0.001757796420178295,
  "24": 0.0,
  "25": 0.0,
  "26": 0.012142197982686268,
  "27": 0.0657297034270187,
  "28": 0.03371163711926015,
  "29": 0.0,
  "30": 0.00014387793723110866,
  "31": 0.015995840474801425,
  "32": 0.0037915749356709117,
  "33": 0.03131727519025108,
  "34": 0.005489004487452219,
  "35": 0.0038432547902375,
  "36": 0.004800381755224977,
  "37": 0.04500162325458408,
  "38": 0.03457135127115535,
  "39": 0.0026120250983103074,
  "40": 0.0020013502181325847,
  "41": 0.027102101374424047,
  "42": 0.004077293437542225,
  "43": 0.10350455703624391,
  "44": 0.2989931416345074,
  "45": 0.050517527789263356,
  "46": 0.0,
  "47": 0.0,
  "48": 0.0,
  "49": 0.04252765763723246,
  "50": 0.0012658998681466926,
  "51": 0.05825177184317637,
  "52": 0.003909764950360404,
  "53": 0.12199420572998528,
  "54": 0.0030751137587366525,
  "55": 0.008436049124927065,
  "56": 0.07812219809073218,
  "57": 0.0,
  "58": 0.0010149270469416616,
  "59": 0.0006098868206417075,
  "60": 0.0,
  "61": 0.02070609739469102,
  "62": 0.014337422105678553,
  "63": 0.1752672592179307,
  "64": 0.0,
  "65": 0.0,
  "66": 0.0,
  "67": 0.0,
  "68": 0.0,
  "69": 0.16349322547343137,
  "70": 0.0,
  "71": 0.0,
  "72": 0.06291233403450247,
  "73": 0.026113888452762968,
  "74": 0.0,
  "75": 0.0394312849772604,
  "76": 0.0005471505337215295,
  "77": 8.223452631591683e-05,
  "78": 0.0,
  "79": 0.09237981163012678,
  "80": 0.0,
  "81": 0.014425091007131048,
  "82": 0.0024723385926879934,
  "83": 0.009768300814702055,
  "84": 0.0,
  "85": 0.0,
  "86": 0.0,
  "87": 0.00840449159487608,
  "88": 0.0027602332556909545,
  "89": 0.03641342441550707,
  "90": 0.0,
  "91": 0.020530521677050894,
  "92": 0.0,
  "93": 0.0,
  "94": 0.007338500918341258,
  "95": 0.0052930192915075875,
  "96": 0.04218726683104855,
  "97": 0.0050537235313796725,
  "98": 0.0,
  "99": 0.0,
  "100": 0.002958649238602649,
  "101": 0.006569805810671252,
  "102": 0.0,
  "103": 0.0010363220552106187,
  "104": 0.005179475851748544,
  "105": 0.0,
  "106": 0.04195404057072846,
  "107": 0.022477989329525716,
  "108": 0.0,
  "109": 0.1436540296422489,
  "110": 0.004361603689417185,
  "111": 0.0,
  "112": 0.0,
  "113": 0.0,
  "114": 0.0,
  "115": 0.021287371298267157,
  "116": 0.0,
  "117": 0.0,
  "118": 0.0,
  "119": 0.0,
  "120": 0.019058638716888062,
  "121": 0.0,
  "122": 0.06888002355890294,
  "123": 0.0,
  "124": 0.0,
  "125": 0.17840090661865557,
  "126": 0.0,
  "127": 0.005383397348970474,
  "128": 0.03870865396749047,
  "129": 0.0,
  "130": 0.0,
  "131": 0.0,
  "132": 0.004078894797436333,
  "133": 0.0,
  "134": 0.0,
  "135": 0.0,
  "136": 0.0,
  "137": 0.0,
  "138": 0.0,
  "139": 0.0,
  "140": 0.0015873218942221907,
  "141": 0.10827455191382132,
  "142": 0.0,
  "143": 0.03154046921222311,
  "144": 0.0,
  "145": 0.0,
  "146": 0.0,
  "147": 0.0,
  "148": 0.015566275095623777,
  "149": 0.05283678116061198,
  "150": 0.0,
  "151": 0.0,
  "152": 0.0,
  "153": 0.0002651990716510641,
  "154": 0.0,
  "155": 0.0,
  "156": 0.003877408897198637,
  "157": 0.0017203338648382042,
  "158": 0.0,
  "159": 0.12859062141745417,
  "160": 0.007549449613317294,
  "161": 0.0,
  "162": 0.0,
  "163": 0.0,
  "164": 0.0,
  "165": 0.001230365791115194,
  "166": 0.03629559270784895,
  "167": 0.0,
  "168": 0.0,
  "169": 0.0,
  "170": 0.04192554493608005,
  "171": 0.0,
  "172": 0.005160948829629559,
  "173": 0.0037927448067912465,
  "174": 0.0003416386379852769,
  "175": 0.07654905429068205,
  "176": 0.0,
  "177": 0.003982501073269024,
  "178": 0.0,
  "179": 0.022462828032460386,
  "180": 0.0,
  "181": 0.0,
  "182": 0.0171981567252686,
  "183": 0.0,
  "184": 0.0,
  "185": 0.027790416212551093,
  "186": 0.0,
  "187": 0.0,
  "188": 0.007632403156930922,
  "189": 0.0,
  "190": 0.0076541664226968155,
  "191": 0.0005241077770884606,
  "192": 0.00406509025251948,
  "193": 0.03593711413780305,
  "194": 0.0,
  "195": 0.0028116548598451237,
  "196": 0.005918076756940915,
  "197": 0.0033278997332581,
  "198": 0.0,
  "199": 0.0028327305342917817,
  "200": 0.0,
  "201": 0.0,
  "202": 0.0,
  "203": 0.0,
  "204": 0.06371992988653961,
  "205": 0.0,
  "206": 0.006165840898620311,
  "207": 0.0,
  "208": 0.0016080352472404604,
  "209": 0.0,
  "210": 0.0,
  "211": 0.005114266298179203,
  "212": 0.0,
  "213": 0.0062148074843088015,
  "214": 0.0,
  "215": 0.0,
  "216": 0.0,
  "217": 0.0,
  "218": 0.0715517856008519,
  "219": 0.0,
  "220": 0.0,
  "221": 0.02126420691902138,
  "222": 0.0,
  "223": 0.0,
  "224": 0.0011639543548541546,
  "225": 0.0,
  "226": 0.0,
  "227": 0.041558937691450415,
  "228": 0.004080838630945823,
  "229": 0.0,
  "230": 0.0,
  "231": 0.0,
  "232": 0.0,
  "233": 0.0,
  "234": 0.0,
  "235": 0.0,
  "236": 0.0,
  "237": 0.0,
  "238": 0.0,
  "239": 0.0,
  "240": 0.0,
  "241": 0.0,
  "242": 0.11180706089364208,
  "243": 0.0,
  "244": 0.0,
  "245": 0.0,
  "246": 0.0,
  "247": 0.0,
  "248": 0.004085296982270516,
  "249": 0.0,
  "250": 0.0063995144577001055,
  "251": 0.0,
  "252": 0.0,
  "253": 0.0,
  "254": 0.6297083024204693,
  "255": 0.0,
  "256": 0.0,
  "257": 0.0,
  "258": 0.0,
  "259": 0.0,
  "260": 2.385407071848671e-05,
  "261": 0.0,
  "262": 0.0,
  "263": 0.0,
  "264": 0.0,
  "265": 0.0,
  "266": 0.002998736828490784,
  "267": 0.0,
  "268": 0.0030869314371124753,
  "269": 0.0,
  "270": 0.0037147204500270026,
  "271": 0.0,
  "272": 0.0,
  "273": 0.0,
  "274": 0.0005530718317213751,
  "275": 0.0,
  "276": 0.004735064933213725,
  "277": 0.0,
  "278": 0.0,
  "279": 0.0,
  "280": 0.0,
  "281": 0.0,
  "282": 0.0,
  "283": 0.0,
  "284": 0.0,
  "285": 0.0023659679382977907,
  "286": 0.0,
  "287": 0.011442465298403757,
  "288": 0.005803423287262784,
  "289": 0.0,
  "290": 0.0011762238374098408,
  "291": 0.0,
  "292": 0.00485338856726306,
  "293": 0.0,
  "294": 0.0016583071123742498,
  "295": 0.0,
  "296": 0.0,
  "297": 0.0,
  "298": 0.002411360761756078,
  "299": 0.003906529490512062,
  "300": 0.0018245926177441194,
  "301": 0.0,
  "302": 0.0,
  "303": 0.0,
  "304": 0.0,
  "305": 0.0,
  "306": 0.0,
  "307": 0.0,
  "308": 0.0,
  "309": 0.0032671881972502906,
  "310": 0.0,
  "311": 0.0,
  "312": 0.0,
  "313": 0.013173238644150709,
  "314": 0.0,
  "315": 0.0,
  "316": 0.0,
  "317": 0.0,
  "318": 0.0,
  "319": 0.0,
  "320": 0.0,
  "321": 0.0036576909239350646,
  "322": 0.007223832296939151,
  "323": 0.0,
  "324": 0.0,
  "325": 0.0,
  "326": 0.0,
  "327": 5.7389576630485916e-05,
  "328": 0.0031371153804217425,
  "329": 7.736208342063655e-05,
  "330": 0.07651135543127673,
  "331": 0.0,
  "332": 0.0,
  "333": 0.0,
  "334": 0.0,
  "335": 0.0,
  "336": 0.0,
  "337": 0.0,
  "338": 0.0,
  "339": 0.0,
  "340": 0.0024898166221555347,
  "341": 0.029458667689153895,
  "342": 0.0025294647050563336,
  "343": 0.0,
  "344": 0.041558937691450415,
  "345": 0.006651613162954437,
  "346": 0.0,
  "347": 0.003634404723006415,
  "348": 0.0,
  "349": 0.006399900385889134,
  "350": 0.0,
  "351": 0.0,
  "352": 0.0,
  "353": 0.0,
  "354": 0.0,
  "355": 0.00031168966998615605,
  "356": 0.0,
  "357": 0.0,
  "358": 0.0,
  "359": 0.0,
  "360": 0.0,
  "361": 0.0025570970733854916,
  "362": 0.0,
  "363": 0.0,
  "364": 0.0,
  "365": 0.0,
  "366": 0.0,
  "367": 0.0,
  "368": 0.0,
  "369": 0.0,
  "370": 0.0,
  "371": 0.003980865203872428,
  "372": 0.0,
  "373": 1.7685178916178277e-05,
  "374": 0.0,
  "375": 0.0,
  "376": 0.0,