{
  "0": 0.0,
  "1": 0.022346528768827544,
  "2": 0.05219839723855948,
  "3": 0.13914651773715125,
  "4": 0.026058294120851345,
  "5": 0.028034020023045426,
  "6": 0.06527314109995372,
  "7": 0.19713126177068904,
  "8": 0.06484821205081459,
  "9": 0.028460630991450055,
  "10": 0.04803149328443576,
  "11": 0.08140768849575582,
  "12": 0.011054074324910998,
  "13": 0.023652300813301646,
  "14": 0.07495360593511854,
  "15": 0.026167716822757207,
  "16": 0.010821460319600042,
  "17": 0.03960732953183949,
  "18": 0.0061445318445945965,
  "19": 0.050325515754572704,
  "20": 0.013224354108483662,
  "21": 0.06859472542547339,
  "22": 0.13515714991927136,
  "23": 0.0018974495544445637,
  "24": 0.0,
  "25": 0.0,
  "26": 0.02335983501470394,
  "27": 0.03596103396520775,
  "28": 0.012077835781881754,
  "29": 0.0,
  "30": 0.0014009445473798653,
  "31": 0.016149967562001634,
  "32": 0.0038479700096394733,
  "33": 0.04840619229171911,
  "34": 0.027202194617182287,
  "35": 0.0037119041693326493,
  "36": 0.006541057067820943,
  "37": 0.02099397786944554,
  "38": 0.029677631632039563,
  "39": 0.002714157929665492,
  "40": 0.0020003905035572305,
  "41": 0.005589475414434761,
  "42": 0.0040784763698571876,
  "43": 0.09338631305987181,
  "44": 0.24027705888426493,
  "45": 0.03778124606241024,
  "46": 0.0,
  "47": 0.0,
  "48": 0.0,
  "49": 0.02202263817146188,
  "50": 0.001342057046844809,
  "51": 0.052413654391773895,
  "52": 0.004390683697264378,
  "53": 0.14042881249244127,
  "54": 0.003185481305843597,
  "55": 0.003458370349591821,
  "56": 0.12252406325329934,
  "57": 0.0,
  "58": 0.0010787052806302802,
  "59": 0.0006504879846232248,
  "60": 0.0,
  "61": 0.004030275702979153,
  "62": 0.014932008636980873,
  "63": 0.12657092308952778,
  "64": 0.0,
  "65": 0.0,
  "66": 0.0,
  "67": 0.0,
  "68": 0.0,
  "69": 0.12830434013138212,
  "70": 0.0,
  "71": 0.0,
  "72": 0.0611841442707063,
  "73": 0.04185173361337551,
  "74": 0.0,
  "75": 0.01802902943950683,
  "76": 0.0006062864270386553,
  "77": 3.221975363807669e-05,
  "78": 0.0,
  "79": 0.056866172844102156,
  "80": 0.0,
  "81": 0.012732946970853441,
  "82": 0.0025430616106732217,
  "83": 0.009799876831901049,
  "84": 0.0,
  "85": 0.0,
  "86": 0.0,
  "87": 0.00788307887640647,
  "88": 0.0027953794155571605,
  "89": 0.030716539018404265,
  "90": 0.0,
  "91": 0.045953028072703066,
  "92": 0.0,
  "93": 0.0,
  "94": 0.007872932126880188,
  "95": 0.0035615925100673683,
  "96": 0.04068390560193807,
  "97": 0.0053392785939092345,
  "98": 0.0,
  "99": 0.0,
  "100": 0.0029967014772439193,
  "101": 0.0066059786589752496,
  "102": 0.0,
  "103": 0.00014531752852748705,
  "104": 0.005875966015469608,
  "105": 0.0,
  "106": 0.06449266125197886,
  "107": 0.008972805719351731,
  "108": 0.0,
  "109": 0.13207666380570943,
  "110": 0.0015625448539627342,
  "111": 0.0,
  "112": 0.0,
  "113": 0.0,
  "114": 0.0,
  "115": 0.025528169130825454,
  "116": 0.0,
  "117": 0.0,
  "118": 0.0,
  "119": 0.0,
  "120": 0.01439031586502851,
  "121": 0.0,
  "122": 0.05664060213618016,
  "123": 0.0,
  "124": 0.0,
  "125": 0.23168653091298516,
  "126": 0.0,
  "127": 0.003388453828516299,
  "128": 0.0314210812947243,
  "129": 0.0,
  "130": 0.0,
  "131": 0.0,
  "132": 0.004079847718690888,
  "133": 0.0,
  "134": 0.0,
  "135": 0.0,
  "136": 0.0,
  "137": 0.0,
  "138": 0.0,
  "139": 0.0,
  "140": 0.0016895724410723333,
  "141": 0.08407087298727296,
  "142": 0.0,
  "143": 0.02677477171333323,
  "144": 0.0,
  "145": 0.0,
  "146": 0.0,
  "147": 0.0,
  "148": 0.015145002019655402,
  "149": 0.047533877790100106,
  "150": 0.0,
  "151": 0.0,
  "152": 0.0,
  "153": 6.17725999892991e-05,
  "154": 0.0,
  "155": 0.0,
  "156": 0.0040630258674091355,
  "157": 0.001077433925596837,
  "158": 0.0,
  "159": 0.16322206165514153,
  "160": 0.03230615100019388,
  "161": 0.0,
  "162": 0.0,
  "163": 0.0,
  "164": 0.0,
  "165": 0.0015582587264584278,
  "166": 0.022888657433028387,
  "167": 0.0,
  "168": 0.0,
  "169": 0.0,
  "170": 0.03199621319264199,
  "171": 0.0,
  "172": 0.0053974170038378465,
  "173": 0.0038711993732409725,
  "174": 0.0004442872766923633,
  "175": 0.030574874650074857,
  "176": 0.0,
  "177": 0.004039909058207511,
  "178": 0.0,
  "179": 0.021213496942156736,
  "180": 0.0,
  "181": 0.0,
  "182": 0.02034092373101251,
  "183": 0.0,
  "184": 0.0,
  "185": 0.022876995114567,
  "186": 0.0,
  "187": 0.0,
  "188": 0.004898070863974898,
  "189": 0.0,
  "190": 0.006352684561736809,
  "191": 0.0008598036399418936,
  "192": 0.004066895318249113,
  "193": 0.021730179470137462,
  "194": 0.0,
  "195": 0.010759702364839181,
  "196": 0.004200621398483044,
  "197": 0.0033391640308679843,
  "198": 0.0,
  "199": 0.0030664304324436622,
  "200": 0.0,
  "201": 0.0,
  "202": 0.0,
  "203": 0.0,
  "204": 0.039714312452666156,
  "205": 0.0,
  "206": 0.008383638418125339,
  "207": 0.0,
  "208": 0.02143607495199547,
  "209": 0.0,
  "210": 0.0,
  "211": 0.0071984431375599804,
  "212": 0.0,
  "213": 0.00631930128089232,
  "214": 0.0,
  "215": 0.0,
  "216": 0.0,
  "217": 0.0,
  "218": 0.05287771861744073,
  "219": 0.0,
  "220": 0.0,
  "221": 0.03425211555884557,
  "222": 0.0,
  "223": 0.0,
  "224": 0.0011993858463657586,
  "225": 0.0,
  "226": 0.0,
  "227": 0.038109080323105164,
  "228": 0.004082091433492184,
  "229": 0.0,
  "230": 0.0,
  "231": 0.0,
  "232": 0.0,
  "233": 0.0,
  "234": 0.0,
  "235": 0.0,
  "236": 0.0,
  "237": 0.0,
  "238": 0.0,
  "239": 0.0016517078973777612,
  "240": 0.0,
  "241": 0.0,
  "242": 0.09846386996255165,
  "243": 0.0,
  "244": 0.0,
  "245": 0.0,
  "246": 0.0,
  "247": 0.0,
  "248": 0.004085143101145626,
  "249": 0.0,
  "250": 0.007683144514872596,
  "251": 0.0,
  "252": 0.0,
  "253": 0.0,
  "254": 0.6743670701479405,
  "255": 0.0,
  "256": 0.0,
  "257": 0.0,
  "258": 0.0,
  "259": 0.0,
  "260": 0.0,
  "261": 0.0,
  "262": 0.0,
  "263": 0.0,
  "264": 0.0,
  "265": 0.0,
  "266": 0.004846189575669965,
  "267": 0.0,
  "268": 0.0030974772852630154,
  "269": 0.0,
  "270": 0.0037316137943093006,
  "271": 0.0,
  "272": 0.0,
  "273": 0.0,
  "274": 0.0008830341864071372,
  "275": 0.0,
  "276": 0.004882488343162304,
  "277": 0.0,
  "278": 0.0,
  "279": 0.0,
  "280": 0.0,
  "281": 0.0,
  "282": 0.0,
  "283": 0.0,
  "284": 0.0,
  "285": 0.0023877695960508793,
  "286": 0.0,
  "287": 0.011564875404971359,
  "288": 0.005940016996060696,
  "289": 0.0,
  "290": 0.00033812923219434676,
  "291": 0.0,
  "292": 0.004963532877859293,
  "293": 0.0,
  "294": 0.0017097690324614668,
  "295": 0.0,
  "296": 0.0,
  "297": 0.0,
  "298": 0.017657522268911412,
  "299": 0.003908437933876689,
  "300": 0.001767097594630946,
  "301": 0.0,
  "302": 0.0,
  "303": 0.0,
  "304": 0.0,
  "305": 0.0,
  "306": 0.0,
  "307": 0.0,
  "308": 0.0,
  "309": 0.00329201401486752,
  "310": 0.0,
  "311": 0.0,
  "312": 0.0,
  "313": 0.009921905946146158,
  "314": 0.0,
  "315": 0.0,
  "316": 0.0,
  "317": 0.0,
  "318": 0.0,
  "319": 0.0,
  "320": 0.0,
  "321": 0.003690799283558318,
  "322": 0.007207511296669984,
  "323": 0.0,
  "324": 0.0,
  "325": 0.0,
  "326": 0.0,
  "327": 0.0,
  "328": 0.003093157974397916,
  "329": 7.548114444676368e-05,
  "330": 0.06873638937624402,
  "331": 0.0,
  "332": 0.0,
  "333": 0.0,
  "334": 0.0,
  "335": 0.0,
  "336": 0.0,
  "337": 0.0,
  "338": 0.0,
  "339": 0.0,
  "340": 0.002548301687702781,
  "341": 0.023835247560439303,
  "342": 0.0025146458055939763,
  "343": 0.0,
  "344": 0.038109080323105164,
  "345": 0.006678415152539611,
  "346": 0.0,
  "347": 0.0038713596548051636,
  "348": 0.0,
  "349": 0.006253729482585014,
  "350": 0.0,
  "351": 0.0,
  "352": 0.0,
  "353": 0.0,
  "354": 0.0,
  "355": 0.00029011964920865063,
  "356": 0.0,
  "357": 0.0,
  "358": 0.0,
  "359": 0.0,
  "360": 0.0,
  "361": 0.0026468587677786013,
  "362": 0.0,
  "363": 0.0,
  "364": 0.0,
  "365": 0.0,
  "366": 0.0,
  "367": 0.0,
  "368": 0.0,
  "369": 0.0,
  "370": 0.0,
  "371": 0.003986520108034377,
  "372": 0.0,
  "373": 6.177002442384769e-06,
  "374": 0.0,
  "375": 0.0,
  "376": 0.0,
  "377": 0.0029819411852836718,