{
  "0": 0.0,
  "1": 0.06183745583038866,
  "2": 0.02826855123674911,
  "3": 0.13780918727915195,
  "4": 0.03886925795053002,
  "5": 0.0176678445229682,
  "6": 0.08303886925795048,
  "7": 0.252650176678446,
  "8": 0.07597173144876321,
  "9": 0.01060070671378092,
  "10": 0.04240282685512366,
  "11": 0.09187279151943457,
  "12": 0.01590106007067138,
  "13": 0.031802120141342746,
  "14": 0.1130742049469964,
  "15": 0.024734982332155472,
  "16": 0.01590106007067138,
  "17": 0.04063604240282684,
  "18": 0.0017667844522968198,
  "19": 0.07420494699646639,
  "20": 0.022968197879858654,
  "21": 0.06007067137809184,
  "22": 0.14840989399293295,
  "23": 0.0017667844522968198,
  "24": 0.0,
  "25": 0.0,
  "26": 0.0176678445229682,
  "27": 0.04946996466431093,
  "28": 0.01413427561837456,
  "29": 0.0,
  "30": 0.0035335689045936395,
  "31": 0.031802120141342746,
  "32": 0.0088339222614841,
  "33": 0.045936395759717294,
  "34": 0.019434628975265017,
  "35": 0.005300353356890459,
  "36": 0.005300353356890459,
  "37": 0.044169611307420475,
  "38": 0.044169611307420475,
  "39": 0.0017667844522968198,
  "40": 0.0088339222614841,
  "41": 0.005300353356890459,
  "42": 0.0017667844522968198,
  "43": 0.1042402826855123,
  "44": 0.2897526501766795,
  "45": 0.044169611307420475,
  "46": 0.0,
  "47": 0.0,
  "48": 0.0,
  "49": 0.0371024734982332,
  "50": 0.0088339222614841,
  "51": 0.06713780918727912,
  "52": 0.007067137809187279,
  "53": 0.13957597173144878,
  "54": 0.0,
  "55": 0.0035335689045936395,
  "56": 0.1130742049469964,
  "57": 0.0,
  "58": 0.0017667844522968198,
  "59": 0.0035335689045936395,
  "60": 0.0,
  "61": 0.01236749116607774,
  "62": 0.01060070671378092,
  "63": 0.1625441696113076,
  "64": 0.0,
  "65": 0.0,
  "66": 0.0,
  "67": 0.0,
  "68": 0.0,
  "69": 0.14134275618374562,
  "70": 0.0,
  "71": 0.0,
  "72": 0.08303886925795048,
  "73": 0.0371024734982332,
  "74": 0.0,
  "75": 0.01413427561837456,
  "76": 0.0,
  "77": 0.0,
  "78": 0.0,
  "79": 0.07420494699646639,
  "80": 0.0,
  "81": 0.01236749116607774,
  "82": 0.0017667844522968198,
  "83": 0.01413427561837456,
  "84": 0.0,
  "85": 0.0,
  "86": 0.0,
  "87": 0.0176678445229682,
  "88": 0.0017667844522968198,
  "89": 0.033568904593639565,
  "90": 0.0,
  "91": 0.04770318021201411,
  "92": 0.0,
  "93": 0.0,
  "94": 0.007067137809187279,
  "95": 0.0017667844522968198,
  "96": 0.0371024734982332,
  "97": 0.0088339222614841,
  "98": 0.0,
  "99": 0.0,
  "100": 0.0017667844522968198,
  "101": 0.005300353356890459,
  "102": 0.0,
  "103": 0.0,
  "104": 0.007067137809187279,
  "105": 0.0,
  "106": 0.05830388692579502,
  "107": 0.01413427561837456,
  "108": 0.0,
  "109": 0.1289752650176678,
  "110": 0.007067137809187279,
  "111": 0.0,
  "112": 0.0,
  "113": 0.0,
  "114": 0.0,
  "115": 0.02650176678445229,
  "116": 0.0,
  "117": 0.0,
  "118": 0.0,
  "119": 0.0,
  "120": 0.0176678445229682,
  "121": 0.0,
  "122": 0.054770318021201386,
  "123": 0.0,
  "124": 0.0,
  "125": 0.2879858657243827,
  "126": 0.0,
  "127": 0.005300353356890459,
  "128": 0.04063604240282684,
  "129": 0.0,
  "130": 0.0,
  "131": 0.0,
  "132": 0.0088339222614841,
  "133": 0.0,
  "134": 0.0,
  "135": 0.0,
  "136": 0.0,
  "137": 0.0,
  "138": 0.0,
  "139": 0.0,
  "140": 0.0035335689045936395,
  "141": 0.09010600706713776,
  "142": 0.0,
  "143": 0.031802120141342746,
  "144": 0.0,
  "145": 0.0,
  "146": 0.0,
  "147": 0.0,
  "148": 0.019434628975265017,
  "149": 0.05123674911660775,
  "150": 0.0,
  "151": 0.0,
  "152": 0.0,
  "153": 0.0,
  "154": 0.0,
  "155": 0.0,
  "156": 0.005300353356890459,
  "157": 0.0,
  "158": 0.0,
  "159": 0.1625441696113076,
  "160": 0.01413427561837456,
  "161": 0.0,
  "162": 0.0,
  "163": 0.0,
  "164": 0.0,
  "165": 0.005300353356890459,
  "166": 0.04063604240282684,
  "167": 0.0,
  "168": 0.0,
  "169": 0.0,
  "170": 0.04063604240282684,
  "171": 0.0,
  "172": 0.01236749116607774,
  "173": 0.01236749116607774,
  "174": 0.0,
  "175": 0.056537102473498205,
  "176": 0.0,
  "177": 0.0088339222614841,
  "178": 0.0,
  "179": 0.031802120141342746,
  "180": 0.0,
  "181": 0.0,
  "182": 0.02826855123674911,
  "183": 0.0,
  "184": 0.0,
  "185": 0.0176678445229682,
  "186": 0.0,
  "187": 0.0,
  "188": 0.01060070671378092,
  "189": 0.0,
  "190": 0.005300353356890459,
  "191": 0.0017667844522968198,
  "192": 0.005300353356890459,
  "193": 0.030035335689045928,
  "194": 0.0,
  "195": 0.005300353356890459,
  "196": 0.005300353356890459,
  "197": 0.0017667844522968198,
  "198": 0.0,
  "199": 0.0035335689045936395,
  "200": 0.0,
  "201": 0.0,
  "202": 0.0,
  "203": 0.0,
  "204": 0.05123674911660775,
  "205": 0.0,
  "206": 0.005300353356890459,
  "207": 0.0,
  "208": 0.0035335689045936395,
  "209": 0.0,
  "210": 0.0,
  "211": 0.0035335689045936395,
  "212": 0.0,
  "213": 0.0088339222614841,
  "214": 0.0,
  "215": 0.0,
  "216": 0.0,
  "217": 0.0,
  "218": 0.06360424028268548,
  "219": 0.0,
  "220": 0.0,
  "221": 0.03533568904593638,
  "222": 0.0,
  "223": 0.0,
  "224": 0.007067137809187279,
  "225": 0.0,
  "226": 0.0,
  "227": 0.0653710247349823,
  "228": 0.0035335689045936395,
  "229": 0.0,
  "230": 0.0,
  "231": 0.0,
  "232": 0.0,
  "233": 0.0,
  "234": 0.0,
  "235": 0.0,
  "236": 0.0,
  "237": 0.0,
  "238": 0.0,
  "239": 0.0,
  "240": 0.0,
  "241": 0.0,
  "242": 0.11484098939929321,
  "243": 0.0,
  "244": 0.0,
  "245": 0.0,
  "246": 0.0,
  "247": 0.0,
  "248": 0.005300353356890459,
  "249": 0.0,
  "250": 0.005300353356890459,
  "251": 0.0,
  "252": 0.0,
  "253": 0.0,
  "254": 0.7491166077738559,
  "255": 0.0,
  "256": 0.0,
  "257": 0.0,
  "258": 0.0,
  "259": 0.0,
  "260": 0.0,
  "261": 0.0,
  "262": 0.0,
  "263": 0.0,
  "264": 0.0,
  "265": 0.0,
  "266": 0.0017667844522968198,
  "267": 0.0,
  "268": 0.005300353356890459,
  "269": 0.0,
  "270": 0.0017667844522968198,
  "271": 0.0,
  "272": 0.0,
  "273": 0.0,
  "274": 0.0017667844522968198,
  "275": 0.0,
  "276": 0.0088339222614841,
  "277": 0.0,
  "278": 0.0,
  "279": 0.0,
  "280": 0.0,
  "281": 0.0,
  "282": 0.0,
  "283": 0.0,
  "284": 0.0,
  "285": 0.005300353356890459,
  "286": 0.0,
  "287": 0.01060070671378092,
  "288": 0.01236749116607774,
  "289": 0.0,
  "290": 0.0017667844522968198,
  "291": 0.0,
  "292": 0.01236749116607774,
  "293": 0.0,
  "294": 0.0035335689045936395,
  "295": 0.0,
  "296": 0.0,
  "297": 0.0,
  "298": 0.0035335689045936395,
  "299": 0.0017667844522968198,
  "300": 0.0,
  "301": 0.0,
  "302": 0.0,
  "303": 0.0,
  "304": 0.0,
  "305": 0.0,
  "306": 0.0,
  "307": 0.0,
  "308": 0.0,
  "309": 0.007067137809187279,
  "310": 0.0,
  "311": 0.0,
  "312": 0.0,
  "313": 0.01236749116607774,
  "314": 0.0,
  "315": 0.0,
  "316": 0.0,
  "317": 0.0,
  "318": 0.0,
  "319": 0.0,
  "320": 0.0,
  "321": 0.0035335689045936395,
  "322": 0.005300353356890459,
  "323": 0.0,
  "324": 0.0,
  "325": 0.0,
  "326": 0.0,
  "327": 0.0,
  "328": 0.01236749116607774,
  "329": 0.0,
  "330": 0.05830388692579502,
  "331": 0.0,
  "332": 0.0,
  "333": 0.0,
  "334": 0.0,
  "335": 0.0,
  "336": 0.0,
  "337": 0.0,
  "338": 0.0,
  "339": 0.0,
  "340": 0.0,
  "341": 0.03533568904593638,
  "342": 0.0035335689045936395,
  "343": 0.0,
  "344": 0.05123674911660775,
  "345": 0.007067137809187279,
  "346": 0.0,
  "347": 0.0017667844522968198,
  "348": 0.0,
  "349": 0.0035335689045936395,
  "350": 0.0,
  "351": 0.0,
  "352": 0.0,
  "353": 0.0,
  "354": 0.0,
  "355": 0.0,
  "356": 0.0,
  "357": 0.0,
  "358": 0.0,
  "359": 0.0,
  "360": 0.0,
  "361": 0.0035335689045936395,
  "362": 0.0,
  "363": 0.0,
  "364": 0.0,
  "365": 0.0,
  "366": 0.0,
  "367": 0.0,
  "368": 0.0,
  "369": 0.0,
  "370": 0.0,
  "371": 0.0017667844522968198,
  "372": 0.0,
  "373": 0.0,
  "374": 0.0,
  "375": 0.0,
  "376": 0.0,
  "377": 0.007067137809187279,
  "378": 0.0,
  "379": 0.0,
  "380": 0.0,
  "381": 0.0017667844522968198,
  "382": 0.0,
  "383": 0.0,
  "384": 0.0,
  "385": 0.0,
  "386": 0.0,
  "387": 0.0,
  "388": 0.0,
  "389": 0.0,
  "390": 0.007067137809187279,
  "391": 0.0,
  "392": 0.0035335689045936395,