{
  "0": 0.0,
  "1": 0.08464134230216908,
  "2": 0.005052120586134479,
  "3": 0.10190259043823899,
  "4": 0.047783895995975115,
  "5": 0.014065299874849358,
  "6": 0.13878863842519262,
  "7": 0.2656981594729204,
  "8": 0.06759935353702551,
  "9": 0.003813456936531908,
  "10": 0.053547431229928465,
  "11": 0.09127975442978417,
  "12": 0.011659867289413258,
  "13": 0.017475321944185638,
  "14": 0.13195059663152742,
  "15": 0.026743364332984243,
  "16": 0.010957922086350307,
  "17": 0.048388464261651914,
  "18": 0.0032330799754677767,
  "19": 0.1193306827347849,
  "20": 0.0423551496920568,
  "21": 0.04006049439199343,
  "22": 0.1725901234928867,
  "23": 0.002237771564217083,
  "24": 0.0,
  "25": 0.0,
  "26": 0.012817003140995185,
  "27": 0.06725257313863404,
  "28": 0.025366512225200703,
  "29": 0.0,
  "30": 0.0011530364208831752,
  "31": 0.024239653862020195,
  "32": 0.003998955548853186,
  "33": 0.043105366160855564,
  "34": 0.03641432169065776,
  "35": 0.0037571663249888567,
  "36": 0.004734771031967681,
  "37": 0.06093188477239385,
  "38": 0.02970481944957667,
  "39": 0.002905497382158876,
  "40": 0.002076218818813211,
  "41": 0.005917398722047625,
  "42": 0.004080047434794137,
  "43": 0.11459852371492057,
  "44": 0.29465922883624507,
  "45": 0.02768729679233152,
  "46": 0.0,
  "47": 0.0,
  "48": 0.0,
  "49": 0.02117101573590941,
  "50": 0.0015833903361554696,
  "51": 0.11626342550603984,
  "52": 0.004790986324787853,
  "53": 0.11976369772578042,
  "54": 0.010931705105300657,
  "55": 0.0035778802765232807,
  "56": 0.09668187776096063,
  "57": 0.0,
  "58": 0.0012229852098174386,
  "59": 0.0007789666543392878,
  "60": 0.0,
  "61": 0.024020229962534008,
  "62": 0.015227380740213393,
  "63": 0.18596313914174323,
  "64": 0.0,
  "65": 0.0,
  "66": 0.0,
  "67": 0.0,
  "68": 0.0,
  "69": 0.15862703121687577,
  "70": 0.0,
  "71": 0.0,
  "72": 0.13527361289276923,
  "73": 0.047309700398020245,
  "74": 0.0,
  "75": 0.04540843195004497,
  "76": 0.0006240739214533143,
  "77": 0.0,
  "78": 0.0,
  "79": 0.1345679743493105,
  "80": 0.0,
  "81": 0.016739335913725818,
  "82": 0.002658659856604067,
  "83": 0.018894941967645806,
  "84": 0.0,
  "85": 0.0,
  "86": 0.0,
  "87": 0.008061555399687202,
  "88": 0.0029243963538032446,
  "89": 0.02880318187051361,
  "90": 0.0,
  "91": 0.06267080980218426,
  "92": 0.0,
  "93": 0.0,
  "94": 0.008225793988236465,
  "95": 0.0031498295274598586,
  "96": 0.04134314223365779,
  "97": 0.02233205477588599,
  "98": 0.0,
  "99": 0.0,
  "100": 0.0030618616613423476,
  "101": 0.006698948856762286,
  "102": 0.0,
  "103": 0.00016675841814151258,
  "104": 0.005920943163339198,
  "105": 0.0,
  "106": 0.026586959822901043,
  "107": 0.02249017091521642,
  "108": 0.0,
  "109": 0.1488895221367644,
  "110": 0.006424432648042992,
  "111": 0.0,
  "112": 0.0,
  "113": 0.0,
  "114": 0.0,
  "115": 0.02740228282877445,
  "116": 0.0,
  "117": 0.0,
  "118": 0.0,
  "119": 0.0,
  "120": 0.014655248693970144,
  "121": 0.0,
  "122": 0.03803169968434881,
  "123": 0.0,
  "124": 0.0,
  "125": 0.30196350817154344,
  "126": 0.0,
  "127": 0.004169986982748666,
  "128": 0.02919895939758671,
  "129": 0.0,
  "130": 0.0,
  "131": 0.0,
  "132": 0.004081449198703951,
  "133": 0.0,
  "134": 0.0,
  "135": 0.0,
  "136": 0.0,
  "137": 8.98672221220704e-05,
  "138": 0.0,
  "139": 0.0,
  "140": 0.0018905038002640024,
  "141": 0.12038608831049906,
  "142": 0.0,
  "143": 0.026583890598004853,
  "144": 0.0,
  "145": 0.0,
  "146": 0.0,
  "147": 0.0,
  "148": 0.03863338645174791,
  "149": 0.0543100281863939,
  "150": 0.0,
  "151": 0.0,
  "152": 0.0,
  "153": 0.00045579286002450333,
  "154": 0.0,
  "155": 0.0,
  "156": 0.02177753504004738,
  "157": 0.002164292416541489,
  "158": 0.0,
  "159": 0.1572835547230122,
  "160": 0.007838579633069175,
  "161": 0.0,
  "162": 0.0,
  "163": 0.0,
  "164": 0.0,
  "165": 0.0025129252007993963,
  "166": 0.05085042466647696,
  "167": 0.0,
  "168": 0.0,
  "169": 0.0,
  "170": 0.0299507404503132,
  "171": 0.0,
  "172": 0.005840524667430619,
  "173": 0.003915057619754041,
  "174": 0.0003614757167316317,
  "175": 0.07810267151046212,
  "176": 0.0,
  "177": 0.0040702242647977956,
  "178": 0.0,
  "179": 0.051716048112642,
  "180": 0.0,
  "181": 0.0,
  "182": 0.019171811640588798,
  "183": 0.0,
  "184": 0.0,
  "185": 0.023541504541182125,
  "186": 0.0,
  "187": 0.0,
  "188": 0.0050542175594060195,
  "189": 0.0,
  "190": 0.006464835525211134,
  "191": 0.0011466343757663903,
  "192": 0.003995802394089653,
  "193": 0.036349563178586085,
  "194": 0.0,
  "195": 0.0030660731998331074,
  "196": 0.005860246780420404,
  "197": 0.0033946785267904922,
  "198": 0.0,
  "199": 0.003326814736089647,
  "200": 0.0,
  "201": 0.0,
  "202": 0.0,
  "203": 0.0,
  "204": 0.065423018393596,
  "205": 0.0,
  "206": 0.010614880274891552,
  "207": 0.0,
  "208": 0.0019722508976918445,
  "209": 0.0,
  "210": 0.0,
  "211": 0.009934809832530322,
  "212": 0.0,
  "213": 0.006637544809948208,
  "214": 0.0,
  "215": 0.0,
  "216": 0.0,
  "217": 0.0,
  "218": 0.0926790508743141,
  "219": 0.0,
  "220": 0.0,
  "221": 0.0438755802650396,
  "222": 0.0,
  "223": 0.0,
  "224": 0.0014348431453571789,
  "225": 0.0,
  "226": 0.0,
  "227": 0.0662431219794825,
  "228": 0.004087020851718465,
  "229": 0.0,
  "230": 0.0,
  "231": 0.0,
  "232": 0.0,
  "233": 0.0,
  "234": 0.0,
  "235": 0.0,
  "236": 0.0,
  "237": 0.0,
  "238": 0.0,
  "239": 0.0,
  "240": 0.0,
  "241": 0.0,
  "242": 0.13297686130426215,
  "243": 0.0,
  "244": 0.0,
  "245": 0.0,
  "246": 0.0,
  "247": 0.0,
  "248": 0.0040856304116629145,
  "249": 0.0,
  "250": 0.007301475070483181,
  "251": 0.0,
  "252": 0.0,
  "253": 0.0,
  "254": 0.690187370273321,
  "255": 0.0,
  "256": 0.0,
  "257": 0.0,
  "258": 0.0,
  "259": 0.0,
  "260": 4.1061427531647494e-05,
  "261": 0.0,
  "262": 0.0,
  "263": 0.0,
  "264": 0.0,
  "265": 0.0,
  "266": 0.00432701781901866,
  "267": 0.0,
  "268": 0.0033202190167998073,
  "269": 0.0,
  "270": 0.003837293983332827,
  "271": 0.0,
  "272": 0.0,
  "273": 0.0,
  "274": 0.001939496255093564,
  "275": 0.0,
  "276": 0.005133047769109597,
  "277": 0.0,
  "278": 0.0,
  "279": 0.0,
  "280": 0.0,
  "281": 0.0,
  "282": 0.0,
  "283": 0.0,
  "284": 0.0,
  "285": 0.002453287678341353,
  "286": 0.0,
  "287": 0.011241373909319325,
  "288": 0.006385598931389968,
  "289": 0.0,
  "290": 0.0002918094847865969,
  "291": 0.0,
  "292": 0.00511147668486053,
  "293": 0.0,
  "294": 0.0018373249422212136,
  "295": 0.0,
  "296": 0.0,
  "297": 0.0,
  "298": 0.0025030560305571996,
  "299": 0.003916252218348114,
  "300": 0.0032057286822530016,
  "301": 0.0,
  "302": 0.0,
  "303": 0.0,
  "304": 0.0,
  "305": 0.0,
  "306": 0.0,
  "307": 0.0,
  "308": 0.0,
  "309": 0.0033301271441114506,
  "310": 0.0,
  "311": 0.0,
  "312": 0.0,
  "313": 0.00914626956889688,
  "314": 0.0,
  "315": 0.0,
  "316": 0.0,
  "317": 0.0,
  "318": 0.0,
  "319": 0.0,
  "320": 0.0,
  "321": 0.0037531103785470358,
  "322": 0.007299121080544221,
  "323": 0.0,
  "324": 0.0,
  "325": 0.0,
  "326": 0.0,
  "327": 0.0,
  "328": 0.003216926305193417,
  "329": 0.0,
  "330": 0.06640070035961859,
  "331": 0.0,
  "332": 7.417010899941438e-05,
  "333": 0.0,
  "334": 0.0,
  "335": 0.0,
  "336": 0.0,
  "337": 0.0,
  "338": 0.0,
  "339": 0.0,
  "340": 0.0024883652492022753,
  "341": 0.032105588714742186,
  "342": 0.0026563407099932106,
  "343": 0.0,
  "344": 0.0662431219794825,
  "345": 0.006780523749003423,
  "346": 0.0,
  "347": 0.004312110826691067,
  "348": 0.0,
  "349": 0.006477780123114449,
  "350": 0.0,
  "351": 0.0,
  "352": 0.0,
  "353": 0.0,
  "354": 0.0,
  "355": 0.0003136237304071379,
  "356": 0.0,
  "357": 0.0,
  "358": 0.0,
  "359": 0.0,
  "360": 0.0,
  "361": 0.002741771975019439,
  "362": 0.0,
  "363": 0.0,
  "364": 0.0,
  "365": 0.0,
  "366": 0.0,
  "367": 0.0,
  "368": 0.0,
  "369": 0.0,
  "370": 0.0,
  "371": 0.003914850550574743,
  "372": 0.0,
  "373": 0.0,
  "374": 0.0,
  "375": 0.0,
  "376": 0.0,
  "377": 0.003134132408752383,
  "378": 0.0,
  "379": 0.0,
  "380": 0.0,