{
  "0": 0.0,
  "1": 0.05337584203872524,
  "2": 0.0051041596936534685,
  "3": 0.20883604712546852,
  "4": 0.027777726272979877,
  "5": 0.02773098002257332,
  "6": 0.08597287683053789,
  "7": 0.21652897694769258,
  "8": 0.039452149269968075,
  "9": 0.0036880825447917266,
  "10": 0.06118551186255387,
  "11": 0.11891600318008726,
  "12": 0.011645749834473772,
  "13": 0.024384851328424627,
  "14": 0.1105597178075101,
  "15": 0.009592041894262718,
  "16": 0.011366925591375709,
  "17": 0.03325344008144787,
  "18": 0.00303153548146908,
  "19": 0.09738470546522997,
  "20": 0.015201506439296,
  "21": 0.0764435715941586,
  "22": 0.12937506329362952,
  "23": 0.0022047804943951515,
  "24": 0.0,
  "25": 0.0,
  "26": 0.012533928320746361,
  "27": 0.04163970660356847,
  "28": 0.01662021635805431,
  "29": 0.0,
  "30": 3.8460375435433604e-05,
  "31": 0.016283517424921578,
  "32": 0.004015995648206881,
  "33": 0.032456439949654164,
  "34": 0.00674570328855066,
  "35": 0.003626529227480144,
  "36": 0.005387949516470395,
  "37": 0.031237614542982056,
  "38": 0.054695800428515184,
  "39": 0.002803274494106931,
  "40": 0.0020606688284390954,
  "41": 0.005637056690262562,
  "42": 0.004079849542172314,
  "43": 0.0798499592996323,
  "44": 0.27287435577161673,
  "45": 0.06339315330568718,
  "46": 0.0,
  "47": 0.0,
  "48": 0.0,
  "49": 0.058390447913282725,
  "50": 0.0014834649844136176,
  "51": 0.06832230362619264,
  "52": 0.004763922731916573,
  "53": 0.08675827697794104,
  "54": 0.003199115098419549,
  "55": 0.0036190034431032012,
  "56": 0.10654114312269014,
  "57": 0.0,
  "58": 0.0012245981117430605,
  "59": 0.0007766824467878629,
  "60": 0.0,
  "61": 0.004896903374538858,
  "62": 0.014932502142385427,
  "63": 0.19379937557557728,
  "64": 0.0,
  "65": 0.0,
  "66": 0.0,
  "67": 0.0,
  "68": 0.0,
  "69": 0.11577610534289061,
  "70": 0.0,
  "71": 0.0,
  "72": 0.09279930080781258,
  "73": 0.029467584683406742,
  "74": 0.0,
  "75": 0.023019841755080785,
  "76": 0.0,
  "77": 0.00026527457962755664,
  "78": 0.0,
  "79": 0.10255381652243974,
  "80": 0.0,
  "81": 0.00971920516769515,
  "82": 0.002635934476956999,
  "83": 0.010052175792715588,
  "84": 0.0,
  "85": 0.0,
  "86": 0.0,
  "87": 0.008691156485773337,
  "88": 0.0029181287627124057,
  "89": 0.028472549494682784,
  "90": 0.0,
  "91": 0.08292328739796465,
  "92": 0.0,
  "93": 0.0,
  "94": 0.007882676391813087,
  "95": 0.003258328782284725,
  "96": 0.033185757092446894,
  "97": 0.005608007647901253,
  "98": 0.0,
  "99": 0.0,
  "100": 0.002997576950797819,
  "101": 0.006761375697369597,
  "102": 0.0,
  "103": 0.00013408094013558317,
  "104": 0.006488703446134285,
  "105": 0.0,
  "106": 0.07306620894644664,
  "107": 0.023393167151395992,
  "108": 0.0,
  "109": 0.12964226959871675,
  "110": 0.003058877869896972,
  "111": 0.0,
  "112": 0.0,
  "113": 0.0,
  "114": 0.0,
  "115": 0.027406664763530448,
  "116": 0.0,
  "117": 0.0,
  "118": 0.0,
  "119": 0.0,
  "120": 0.014433537444192832,
  "121": 0.0,
  "122": 0.04667605813814982,
  "123": 0.0,
  "124": 0.0,
  "125": 0.229329687732948,
  "126": 0.0,
  "127": 0.005127305635723828,
  "128": 0.05513623740970379,
  "129": 0.0,
  "130": 0.0,
  "131": 0.0,
  "132": 0.004080528947307573,
  "133": 0.0,
  "134": 0.0,
  "135": 0.0,
  "136": 0.0,
  "137": 0.0,
  "138": 0.0,
  "139": 0.0,
  "140": 0.001853698262928451,
  "141": 0.0902438988554977,
  "142": 0.0,
  "143": 0.026335941180767982,
  "144": 0.0,
  "145": 0.0,
  "146": 0.0,
  "147": 0.0,
  "148": 0.016561029208164782,
  "149": 0.05585776069776442,
  "150": 0.0,
  "151": 0.0,
  "152": 0.0,
  "153": 0.00026522895676973256,
  "154": 0.0,
  "155": 0.0,
  "156": 0.004389943056764884,
  "157": 0.0012346762558092229,
  "158": 0.0,
  "159": 0.10001848738426188,
  "160": 0.007701424676191479,
  "161": 0.0,
  "162": 0.0,
  "163": 0.0,
  "164": 0.0,
  "165": 0.0018515666950262672,
  "166": 0.03253408674952451,
  "167": 0.0,
  "168": 0.0,
  "169": 0.0,
  "170": 0.045559314300564445,
  "171": 0.0,
  "172": 0.0055316151045909385,
  "173": 0.0036012168713234543,
  "174": 0.0,
  "175": 0.05192149074476115,
  "176": 0.0,
  "177": 0.004280969644151827,
  "178": 0.0,
  "179": 0.03191763464748708,
  "180": 0.0,
  "181": 0.0,
  "182": 0.019711647539720704,
  "183": 0.0,
  "184": 0.0,
  "185": 0.023508489527228178,
  "186": 0.0,
  "187": 0.0,
  "188": 0.004382049720685271,
  "189": 0.0,
  "190": 0.007846294418347806,
  "191": 0.0007644177514105674,
  "192": 0.00406814039193437,
  "193": 0.030383781802480733,
  "194": 0.0,
  "195": 0.002997646425730818,
  "196": 0.004345249758088951,
  "197": 0.003413471031295287,
  "198": 0.0,
  "199": 0.003322383711529095,
  "200": 0.0,
  "201": 0.0,
  "202": 0.0,
  "203": 0.0,
  "204": 0.06606002018639708,
  "205": 0.0,
  "206": 0.004934965070774159,
  "207": 0.0,
  "208": 0.0018974746854907413,
  "209": 0.0,
  "210": 0.0,
  "211": 0.003733110596046009,
  "212": 0.0,
  "213": 0.022407285009184184,
  "214": 0.0,
  "215": 0.0,
  "216": 0.0,
  "217": 0.0,
  "218": 0.06272142487354362,
  "219": 0.0,
  "220": 0.0,
  "221": 0.02432783709466795,
  "222": 0.0,
  "223": 0.0,
  "224": 0.0032700937449622303,
  "225": 0.0,
  "226": 0.0,
  "227": 0.05725670912434874,
  "228": 0.0040869606106004085,
  "229": 0.0,
  "230": 0.0,
  "231": 0.0,
  "232": 0.0,
  "233": 0.0,
  "234": 0.0,
  "235": 0.0,
  "236": 0.0,
  "237": 0.0,
  "238": 0.0,
  "239": 0.0004955119500302562,
  "240": 0.0,
  "241": 0.0,
  "242": 0.09549453878804914,
  "243": 0.0,
  "244": 0.0,
  "245": 0.0,
  "246": 0.0,
  "247": 0.0,
  "248": 0.004084654278340874,
  "249": 0.0,
  "250": 0.007270493869563311,
  "251": 0.0,
  "252": 0.0,
  "253": 0.0,
  "254": 0.7175859673118221,
  "255": 0.0,
  "256": 0.0,
  "257": 0.0,
  "258": 0.0,
  "259": 0.0,
  "260": 4.1061427531647494e-05,
  "261": 0.0,
  "262": 0.0,
  "263": 0.0,
  "264": 0.0,
  "265": 0.0,
  "266": 0.004308343445912098,
  "267": 0.0,
  "268": 0.0032202268622024094,
  "269": 0.0,
  "270": 0.008427433712649668,
  "271": 0.0,
  "272": 0.0,
  "273": 0.0,
  "274": 0.0007135668749565842,
  "275": 0.0,
  "276": 0.009087887567911583,
  "277": 0.0,
  "278": 0.0,
  "279": 0.0,
  "280": 0.0,
  "281": 0.0,
  "282": 0.0,
  "283": 0.0,
  "284": 0.0,
  "285": 0.0024525568548408837,
  "286": 0.0,
  "287": 0.011470161675404388,
  "288": 0.0061089730108304955,
  "289": 0.0,
  "290": 0.0004274153956556932,
  "291": 0.0,
  "292": 0.021433205425515633,
  "293": 0.0,
  "294": 0.0018269165441476907,
  "295": 0.0,
  "296": 0.0,
  "297": 0.0,
  "298": 0.002503851628330973,
  "299": 0.0038389964680627885,
  "300": 0.0017647289277669693,
  "301": 0.0,
  "302": 0.0,
  "303": 0.0,
  "304": 0.0,
  "305": 0.0,
  "306": 0.0,
  "307": 0.0,
  "308": 0.0,
  "309": 0.010375686390318122,
  "310": 0.0,
  "311": 0.0,
  "312": 0.0,
  "313": 0.011164195725755431,
  "314": 0.0,
  "315": 0.0,
  "316": 0.0,
  "317": 0.0,
  "318": 0.0,
  "319": 0.0,
  "320": 0.0,
  "321": 0.0037122689391501083,
  "322": 0.007328042129220844,
  "323": 0.0,
  "324": 0.0,
  "325": 0.0,
  "326": 0.0,
  "327": 4.457945819414995e-05,
  "328": 0.003206531544546318,
  "329": 7.611554277385941e-05,
  "330": 0.06613603172332486,
  "331": 0.0,
  "332": 7.582782912256984e-05,
  "333": 0.0,
  "334": 0.0,
  "335": 4.078224995306683e-06,
  "336": 0.0,
  "337": 0.0,
  "338": 0.0,
  "339": 0.0,
  "340": 0.0026055531006519595,
  "341": 0.025441266621460127,
  "342": 0.0026477727406103487,
  "343": 0.0,
  "344": 0.05725670912434874,
  "345": 0.0067586129526779155,
  "346": 0.0,
  "347": 0.004147638342380298,
  "348": 0.0,
  "349": 0.006446880410392278,
  "350": 0.0,
  "351": 0.0,
  "352": 0.0,
  "353": 0.0,
  "354": 0.0,
  "355": 0.00022952651607030186,
  "356": 0.0,
  "357": 0.0,
  "358": 0.0,
  "359": 0.0,
  "360": 0.0,
  "361": 0.002668402351922775,
  "362": 0.0,
  "363": 0.0,
  "364": 0.0,
  "365": 0.0,
  "366": 0.0,
  "367": 0.0,
  "368": 0.0,
  "369": 0.0,
  "370": 0.0,
  "371": 0.003914916451198448,
  "372": 0.0,
  "373": 0.0,
  "374": 0.0,
  "375": 0.0,
  "376": 0.0,