{
  "0": 0.0,
  "1": 0.06352116141678453,
  "2": 0.005289961034684722,
  "3": 0.15577040755421293,
  "4": 0.043957400232513176,
  "5": 0.01419396168605632,
  "6": 0.06909796054182825,
  "7": 0.23693441106243518,
  "8": 0.038160966440364937,
  "9": 0.003791766080415704,
  "10": 0.03183690353576777,
  "11": 0.10530546295326923,
  "12": 0.011543383761239057,
  "13": 0.017654099651958643,
  "14": 0.11486028732969619,
  "15": 0.009402789245586532,
  "16": 0.010851849269230348,
  "17": 0.03813141293829054,
  "18": 0.0036910563274295256,
  "19": 0.09050053987453664,
  "20": 0.023043106467219847,
  "21": 0.07719973664741746,
  "22": 0.1588863859701823,
  "23": 0.0022088124974722675,
  "24": 0.0,
  "25": 0.0,
  "26": 0.012796969336264855,
  "27": 0.07378990865397585,
  "28": 0.013201842911966433,
  "29": 0.0,
  "30": 0.0008279117218473246,
  "31": 0.015769692211682156,
  "32": 0.00400763388249742,
  "33": 0.0600961347020911,
  "34": 0.006769692963841074,
  "35": 0.003933385131973922,
  "36": 0.005383641541421432,
  "37": 0.030562038411523777,
  "38": 0.03075998707816297,
  "39": 0.0028414450305590143,
  "40": 0.0022137235262174974,
  "41": 0.00585518701731983,
  "42": 0.00407935099599828,
  "43": 0.13736578982983155,
  "44": 0.303347500026819,
  "45": 0.052403559895752794,
  "46": 0.0,
  "47": 0.0,
  "48": 0.0,
  "49": 0.08359766264374378,
  "50": 0.0015218678628454694,
  "51": 0.055860275634896546,
  "52": 0.03317129219032635,
  "53": 0.14326239612918154,
  "54": 0.003131041638942872,
  "55": 0.0034718010068509274,
  "56": 0.09794901197789847,
  "57": 0.0,
  "58": 0.0012243705518756457,
  "59": 0.032670894543203786,
  "60": 0.0,
  "61": 0.00458041807597906,
  "62": 0.014636095930582555,
  "63": 0.17612243445875916,
  "64": 0.0,
  "65": 0.0,
  "66": 0.0,
  "67": 0.0,
  "68": 0.0,
  "69": 0.15672806775826026,
  "70": 0.0,
  "71": 0.0,
  "72": 0.07341309495314967,
  "73": 0.051771398342860625,
  "74": 0.0,
  "75": 0.019403796238875837,
  "76": 0.0009903449563286827,
  "77": 6.148144830951882e-05,
  "78": 0.0,
  "79": 0.10188181339837327,
  "80": 0.0,
  "81": 0.012376512567523907,
  "82": 0.0026484618600180745,
  "83": 0.009921801255610834,
  "84": 0.0,
  "85": 0.0,
  "86": 0.0,
  "87": 0.008406763388388638,
  "88": 0.0028907843942044945,
  "89": 0.029035182444821343,
  "90": 0.0,
  "91": 0.02169147996430993,
  "92": 0.0,
  "93": 0.0,
  "94": 0.007569470992944931,
  "95": 0.00595095949312602,
  "96": 0.04007313923170624,
  "97": 0.005918374759371063,
  "98": 0.0,
  "99": 0.0,
  "100": 0.0030406941523623662,
  "101": 0.008015114249438965,
  "102": 0.0,
  "103": 2.8038280480977794e-05,
  "104": 0.006285312940393599,
  "105": 0.0,
  "106": 0.07368999297409583,
  "107": 0.009456636513453043,
  "108": 0.0,
  "109": 0.149533126924809,
  "110": 0.0033482411706682513,
  "111": 0.0,
  "112": 0.0,
  "113": 0.0,
  "114": 0.0,
  "115": 0.025650583735411778,
  "116": 0.0,
  "117": 0.0,
  "118": 0.0,
  "119": 0.0,
  "120": 0.014741022282478488,
  "121": 0.0,
  "122": 0.03001617836076795,
  "123": 0.0,
  "124": 0.0,
  "125": 0.2528824088757162,
  "126": 0.0,
  "127": 0.003354371499667077,
  "128": 0.035325282677237085,
  "129": 0.0,
  "130": 0.0,
  "131": 0.0,
  "132": 0.004081446235606232,
  "133": 0.0,
  "134": 0.0,
  "135": 0.0,
  "136": 0.0,
  "137": 8.685628237912465e-05,
  "138": 0.0,
  "139": 0.0,
  "140": 0.0018717785625666685,
  "141": 0.089973294984221,
  "142": 0.0,
  "143": 0.026692179779023436,
  "144": 0.0,
  "145": 0.0,
  "146": 0.0,
  "147": 0.0,
  "148": 0.02330111680319198,
  "149": 0.054218346677141524,
  "150": 0.0,
  "151": 0.0,
  "152": 0.0,
  "153": 0.00032273469085839055,
  "154": 0.0,
  "155": 0.0,
  "156": 0.0044409027044331984,
  "157": 0.0027298537872451063,
  "158": 0.0,
  "159": 0.15594622925957288,
  "160": 0.007820920944853585,
  "161": 0.0,
  "162": 0.0,
  "163": 0.0,
  "164": 0.0,
  "165": 0.0013252986187121906,
  "166": 0.053929480926772126,
  "167": 0.0,
  "168": 0.0,
  "169": 0.0,
  "170": 0.03548333679383047,
  "171": 0.0,
  "172": 0.005891975137889822,
  "173": 0.007125522266183391,
  "174": 0.0,
  "175": 0.0636854683704574,
  "176": 0.0,
  "177": 0.003983241203769646,
  "178": 0.0,
  "179": 0.021786303121696958,
  "180": 0.0,
  "181": 0.0,
  "182": 0.01899057929338613,
  "183": 0.0,
  "184": 0.0,
  "185": 0.04165222557344096,
  "186": 0.0,
  "187": 0.0,
  "188": 0.00527566915520942,
  "189": 0.0,
  "190": 0.006453085635325566,
  "191": 0.000593345902353363,
  "192": 0.004208356462989142,
  "193": 0.029250860501630768,
  "194": 0.0,
  "195": 0.010963153021085427,
  "196": 0.0048426205695876684,
  "197": 0.0033780361131643946,
  "198": 0.0,
  "199": 0.0034822492616336377,
  "200": 0.0,
  "201": 0.0,
  "202": 0.0,
  "203": 0.0,
  "204": 0.06532734681705162,
  "205": 0.0,
  "206": 0.008887772581204573,
  "207": 0.0,
  "208": 0.001958429453573486,
  "209": 0.0,
  "210": 0.0,
  "211": 0.007095100071945227,
  "212": 0.0,
  "213": 0.006624736194049526,
  "214": 0.0,
  "215": 0.0,
  "216": 0.0,
  "217": 0.0,
  "218": 0.05801858772705043,
  "219": 0.0,
  "220": 0.0,
  "221": 0.04576408747376162,
  "222": 0.0,
  "223": 0.0,
  "224": 0.001433244821294168,
  "225": 0.0,
  "226": 0.0,
  "227": 0.05752089641732012,
  "228": 0.00408769021294178,
  "229": 0.0,
  "230": 0.0,
  "231": 0.0,
  "232": 0.0,
  "233": 0.0,
  "234": 0.0,
  "235": 0.0,
  "236": 0.0,
  "237": 0.0,
  "238": 0.0,
  "239": 0.0005073771969204409,
  "240": 0.0,
  "241": 0.0,
  "242": 0.09109455946564084,
  "243": 0.0,
  "244": 0.0,
  "245": 0.0,
  "246": 0.0,
  "247": 0.0,
  "248": 0.004085557298807775,
  "249": 0.0,
  "250": 0.00741414701272436,
  "251": 0.0,
  "252": 0.0,
  "253": 0.0,
  "254": 0.7638190301713074,
  "255": 0.0,
  "256": 0.0,
  "257": 0.0,
  "258": 0.0,
  "259": 0.0,
  "260": 0.0,
  "261": 0.0,
  "262": 0.0,
  "263": 0.0,
  "264": 0.0,
  "265": 0.0,
  "266": 0.004529148883068452,
  "267": 0.0,
  "268": 0.003341214144563641,
  "269": 0.0,
  "270": 0.003835082430368448,
  "271": 0.0,
  "272": 0.0,
  "273": 0.0,
  "274": 0.0007319957891679651,
  "275": 0.0,
  "276": 0.009149533256218121,
  "277": 0.0,
  "278": 0.0,
  "279": 0.0,
  "280": 0.0,
  "281": 0.0,
  "282": 0.0,
  "283": 0.0,
  "284": 0.0,
  "285": 0.002448395046475939,
  "286": 0.0,
  "287": 0.011235327646374084,
  "288": 0.006460986680768918,
  "289": 0.0,
  "290": 0.0003942493260040746,
  "291": 0.0,
  "292": 0.005190398956819701,
  "293": 0.0,
  "294": 0.023345667532271755,
  "295": 0.0,
  "296": 0.0,
  "297": 0.0,
  "298": 0.0025013994119039403,
  "299": 0.003915956243665633,
  "300": 0.0020023896679197584,
  "301": 0.0,
  "302": 0.0,
  "303": 0.0,
  "304": 0.0,
  "305": 0.0,
  "306": 0.0,
  "307": 0.0,
  "308": 0.0,
  "309": 0.0033442403174404845,
  "310": 0.0,
  "311": 0.0,
  "312": 0.0,
  "313": 0.010858343037755031,
  "314": 0.0,
  "315": 0.0,
  "316": 0.0,
  "317": 0.0,
  "318": 0.0,
  "319": 0.0,
  "320": 0.0,
  "321": 0.00375893728449088,
  "322": 0.007164023346194208,
  "323": 0.0,
  "324": 0.0,
  "325": 0.0,
  "326": 0.0,
  "327": 5.867224774049439e-05,
  "328": 0.0031969828036039565,
  "329": 0.0,
  "330": 0.08991048348588013,
  "331": 0.0,
  "332": 1.0643344443146022e-05,
  "333": 0.0,
  "334": 0.0,
  "335": 0.0,
  "336": 0.0,
  "337": 0.0,
  "338": 0.0,
  "339": 0.0,
  "340": 0.002616632629080284,
  "341": 0.02844156605396698,
  "342": 0.0026476452722530935,
  "343": 0.0,
  "344": 0.05752089641732012,
  "345": 0.015638569561685568,
  "346": 0.0,
  "347": 0.004284356699478709,
  "348": 0.0,
  "349": 0.0063228342769825144,
  "350": 0.0,
  "351": 0.0,
  "352": 0.0,
  "353": 0.0,
  "354": 2.5550890634694383e-05,
  "355": 0.00023603606276829353,
  "356": 0.0,
  "357": 0.0,
  "358": 0.0,
  "359": 0.0,
  "360": 0.0,
  "361": 0.002678379276238282,
  "362": 0.0,
  "363": 0.0,
  "364": 0.0,
  "365": 0.0,
  "366": 0.0,
  "367": 0.0,
  "368": 0.0,
  "369": 0.0,
  "370": 0.0,
  "371": 0.003987605853417936,
  "372": 0.0,
  "373": 0.0,
  "374": 0.0,
  "375": 0.0,
  "376": 0.0,
  "377": 0.003175784364788045,