{
  "0": 0.0,
  "1": 0.05755391672137566,
  "2": 0.024684626080532727,
  "3": 0.08826736757946058,
  "4": 0.07437584921027099,
  "5": 0.076558643594116,
  "6": 0.0713414937055178,
  "7": 0.25273035286793444,
  "8": 0.09415288201649513,
  "9": 0.004095449901208125,
  "10": 0.032642199826347834,
  "11": 0.13180906991981936,
  "12": 0.011804701266887022,
  "13": 0.018555016984066506,
  "14": 0.08891501090545337,
  "15": 0.04555206291097972,
  "16": 0.021319704582568537,
  "17": 0.02988741550008941,
  "18": 0.004002842038138138,
  "19": 0.05665944380145403,
  "20": 0.04536315810080967,
  "21": 0.11407864168458626,
  "22": 0.14790827655302802,
  "23": 0.002442379082660858,
  "24": 0.0,
  "25": 0.0,
  "26": 0.013041152367132422,
  "27": 0.07005869356597068,
  "28": 0.014770272701904933,
  "29": 0.0,
  "30": 0.0012174651692833497,
  "31": 0.01693029602831973,
  "32": 0.00402880376500874,
  "33": 0.060678193635026405,
  "34": 0.007351701844160461,
  "35": 0.003908209058599061,
  "36": 0.006607904739939304,
  "37": 0.06179856156445828,
  "38": 0.03035673321229465,
  "39": 0.0030199632448214535,
  "40": 0.002298113223736405,
  "41": 0.026739909004628394,
  "42": 0.004081361916456394,
  "43": 0.1370115932673788,
  "44": 0.2881328635751468,
  "45": 0.04026273003591575,
  "46": 0.0,
  "47": 0.0,
  "48": 0.0,
  "49": 0.06077082710876691,
  "50": 0.0016040143572774604,
  "51": 0.05385734122377553,
  "52": 0.00538645715588957,
  "53": 0.14881703612029681,
  "54": 0.003993951219320805,
  "55": 0.003594755528689629,
  "56": 0.11511161068474635,
  "57": 0.0,
  "58": 0.0013298469661242247,
  "59": 0.000839573484515937,
  "60": 0.0,
  "61": 0.00773922162774465,
  "62": 0.021687510980198485,
  "63": 0.12735618696721482,
  "64": 0.0,
  "65": 0.0,
  "66": 0.0,
  "67": 0.0,
  "68": 0.0,
  "69": 0.17303315224259144,
  "70": 0.0,
  "71": 0.0,
  "72": 0.060478365848237216,
  "73": 0.064268654157389,
  "74": 0.0,
  "75": 0.01886415668242326,
  "76": 0.001186979533399725,
  "77": 3.221975363807669e-05,
  "78": 0.0,
  "79": 0.05902007404721167,
  "80": 0.0,
  "81": 0.013986156298144188,
  "82": 0.002753181964067506,
  "83": 0.010239681199119723,
  "84": 0.0,
  "85": 0.0,
  "86": 0.0,
  "87": 0.007920726153654517,
  "88": 0.003027658227702236,
  "89": 0.029454777352282604,
  "90": 0.0,
  "91": 0.022768206040369415,
  "92": 0.0,
  "93": 0.0,
  "94": 0.011374188468756406,
  "95": 0.012087241143437868,
  "96": 0.04971486887146115,
  "97": 0.0063287951037747205,
  "98": 0.0,
  "99": 0.0,
  "100": 0.003111447983727588,
  "101": 0.00818557389762519,
  "102": 0.0,
  "103": 9.312497130153306e-05,
  "104": 0.00746023061297875,
  "105": 0.0,
  "106": 0.11894962613022694,
  "107": 0.010271012410753889,
  "108": 0.0,
  "109": 0.1377961704657447,
  "110": 0.0037089161801111287,
  "111": 0.0,
  "112": 0.0,
  "113": 0.0,
  "114": 0.0,
  "115": 0.021893223302780526,
  "116": 0.0,
  "117": 0.0,
  "118": 0.0,
  "119": 0.0,
  "120": 0.014877627443928712,
  "121": 0.0,
  "122": 0.13151301088828019,
  "123": 0.0,
  "124": 0.0,
  "125": 0.31047430419415994,
  "126": 0.0,
  "127": 0.0032364943120260447,
  "128": 0.031293121949232616,
  "129": 0.0,
  "130": 0.0,
  "131": 0.0,
  "132": 0.004140187537636658,
  "133": 0.0,
  "134": 0.0,
  "135": 0.0,
  "136": 0.0,
  "137": 8.685628237912465e-05,
  "138": 0.0,
  "139": 0.0,
  "140": 0.0020160022637179514,
  "141": 0.07982719895445956,
  "142": 0.0,
  "143": 0.026868709177885704,
  "144": 0.0,
  "145": 0.0,
  "146": 0.0,
  "147": 0.0,
  "148": 0.04204992503842652,
  "149": 0.034038003571472374,
  "150": 0.0,
  "151": 0.0,
  "152": 0.0,
  "153": 0.0,
  "154": 0.0,
  "155": 0.0,
  "156": 0.004768550506594384,
  "157": 0.0012040275911171623,
  "158": 0.0,
  "159": 0.1558084727402182,
  "160": 0.008125543432426094,
  "161": 0.0,
  "162": 0.0,
  "163": 0.0,
  "164": 0.0,
  "165": 0.0019482581074790676,
  "166": 0.02578928525554523,
  "167": 0.0,
  "168": 0.0,
  "169": 0.0,
  "170": 0.030734307950240018,
  "171": 0.0,
  "172": 0.01590876917519279,
  "173": 0.003797663285168828,
  "174": 0.00023535833980070918,
  "175": 0.05899309563684092,
  "176": 0.0,
  "177": 0.004047390979673108,
  "178": 0.0,
  "179": 0.01654827601917149,
  "180": 0.0,
  "181": 0.0,
  "182": 0.03649226369587946,
  "183": 0.0,
  "184": 0.0,
  "185": 0.024102540179601388,
  "186": 0.0,
  "187": 0.0,
  "188": 0.005479681294851755,
  "189": 0.0,
  "190": 0.006602118281339168,
  "191": 0.004173941325616003,
  "192": 0.004206678320825435,
  "193": 0.03120659334378122,
  "194": 0.0,
  "195": 0.003017081048506791,
  "196": 0.004668913957518036,
  "197": 0.003469071816938857,
  "198": 0.0,
  "199": 0.0037698694343237175,
  "200": 0.0,
  "201": 0.0,
  "202": 0.0,
  "203": 0.0,
  "204": 0.016774430735201865,
  "205": 0.0,
  "206": 0.012736292217322412,
  "207": 0.0,
  "208": 0.0021352732178551888,
  "209": 0.0,
  "210": 0.0,
  "211": 0.01039726000082866,
  "212": 0.0,
  "213": 0.01417690911369876,
  "214": 0.0,
  "215": 0.0,
  "216": 0.0,
  "217": 0.0,
  "218": 0.038502236383401556,
  "219": 0.0,
  "220": 0.0,
  "221": 0.06190315297201959,
  "222": 0.0,
  "223": 0.0,
  "224": 0.001550339249887371,
  "225": 0.0,
  "226": 0.0,
  "227": 0.0447751533831252,
  "228": 0.0040891180045085,
  "229": 0.0,
  "230": 0.0,
  "231": 0.0,
  "232": 0.0,
  "233": 0.0,
  "234": 0.0,
  "235": 0.0,
  "236": 0.0,
  "237": 0.0,
  "238": 0.0,
  "239": 0.0009834108960637947,
  "240": 0.0,
  "241": 0.0,
  "242": 0.11181940604166862,
  "243": 0.0,
  "244": 0.0,
  "245": 0.0,
  "246": 0.0,
  "247": 0.0,
  "248": 0.0040860789737620085,
  "249": 0.0,
  "250": 0.01591875075220328,
  "251": 0.0,
  "252": 0.0,
  "253": 0.0,
  "254": 0.8128078533434882,
  "255": 0.0,
  "256": 0.0,
  "257": 0.0,
  "258": 0.0,
  "259": 0.0,
  "260": 4.726999309388982e-05,
  "261": 0.0,
  "262": 0.0,
  "263": 0.0,
  "264": 0.0,
  "265": 0.0,
  "266": 0.001155334335686709,
  "267": 0.0,
  "268": 0.003401318274803435,
  "269": 0.0,
  "270": 0.0058867457708298015,
  "271": 0.0,
  "272": 0.0,
  "273": 0.0,
  "274": 0.0009687283965309807,
  "275": 0.0,
  "276": 0.0052790360586770545,
  "277": 0.0,
  "278": 0.0,
  "279": 0.0,
  "280": 0.0,
  "281": 0.0,
  "282": 0.0,
  "283": 0.0,
  "284": 0.0,
  "285": 0.0024883735193624587,
  "286": 0.0,
  "287": 0.014873605576073753,
  "288": 0.006559891240837022,
  "289": 0.0,
  "290": 0.001408904920089233,
  "291": 0.0,
  "292": 0.005373972192452938,
  "293": 0.0,
  "294": 0.001913319525299877,
  "295": 0.0,
  "296": 0.0,
  "297": 0.0,
  "298": 0.0025434009069420734,
  "299": 0.003920794030574452,
  "300": 0.0014146541762986883,
  "301": 0.0,
  "302": 0.0,
  "303": 0.0,
  "304": 0.0,
  "305": 0.0,
  "306": 0.0,
  "307": 0.0,
  "308": 0.0,
  "309": 0.0033863305297604125,
  "310": 0.0,
  "311": 0.0,
  "312": 0.0,
  "313": 0.008147454390796864,
  "314": 0.0,
  "315": 0.0,
  "316": 0.0,
  "317": 0.0,
  "318": 0.0,
  "319": 0.0,
  "320": 0.0,
  "321": 0.003719877096714114,
  "322": 0.007393785142564289,
  "323": 0.0,
  "324": 0.0,
  "325": 0.0,
  "326": 0.0,
  "327": 0.0,
  "328": 0.0032348377668430213,
  "329": 0.0003044267637101693,
  "330": 0.06773369211611413,
  "331": 0.0,
  "332": 0.0,
  "333": 0.0,
  "334": 0.0,
  "335": 0.0,
  "336": 2.428093865716098e-05,
  "337": 0.0,
  "338": 0.0,
  "339": 0.0,
  "340": 0.0027984416014541743,
  "341": 0.0249756989311962,
  "342": 0.002660043893563085,
  "343": 0.0,
  "344": 0.0447751533831252,
  "345": 0.006804893226018618,
  "346": 0.0,
  "347": 0.004603364681502774,
  "348": 0.0,
  "349": 0.006639194658350739,
  "350": 0.0,
  "351": 0.0,
  "352": 0.0,
  "353": 0.0,
  "354": 0.0,
  "355": 0.00015866257138982432,
  "356": 0.0,
  "357": 0.0,
  "358": 0.0,
  "359": 0.0,
  "360": 0.0,
  "361": 0.0028005579810937925,
  "362": 0.0,
  "363": 0.0,
  "364": 0.0,
  "365": 0.0,
  "366": 0.0,
  "367": 0.0,
  "368": 0.0,
  "369": 0.0,
  "370": 0.0,
  "371": 0.003993310773230945,
  "372": 0.0,
  "373": 0.0,
  "374": 0.0,
  "375": 0.0,
  "376": 0.0,
  "377": 0.003266130172600615,
  "378": 0.0,