{
  "0": 0.0,
  "1": 0.06705803394152321,
  "2": 0.024233719266285654,
  "3": 0.12288298297198728,
  "4": 0.028500948926472616,
  "5": 0.014339983417705086,
  "6": 0.11147366882110467,
  "7": 0.24571720958623106,
  "8": 0.166773242071946,
  "9": 0.003860616553771782,
  "10": 0.04184813508026392,
  "11": 0.12013032097878004,
  "12": 0.011523279790790387,
  "13": 0.01749370161446617,
  "14": 0.1047057159381721,
  "15": 0.049549483023336414,
  "16": 0.020766797972137242,
  "17": 0.03446128800946202,
  "18": 0.006958676597858565,
  "19": 0.08503681456581699,
  "20": 0.016338624994965065,
  "21": 0.07487087359257388,
  "22": 0.15378675659085364,
  "23": 0.002357658437492079,
  "24": 0.0,
  "25": 0.0,
  "26": 0.012537612737287582,
  "27": 0.0525273819194668,
  "28": 0.0132603969077194,
  "29": 0.0,
  "30": 0.0013867670037056839,
  "31": 0.01653877994082494,
  "32": 0.004021044169113172,
  "33": 0.032514110512957654,
  "34": 0.0071405304190509476,
  "35": 0.003626421822563407,
  "36": 0.005304100327048576,
  "37": 0.04794741333538444,
  "38": 0.028915404105567567,
  "39": 0.0028501479818949255,
  "40": 0.0021424118739983536,
  "41": 0.005681247095160163,
  "42": 0.004000719057306292,
  "43": 0.09092722564173494,
  "44": 0.26603305108615044,
  "45": 0.04003388954649967,
  "46": 0.0,
  "47": 0.0,
  "48": 0.0,
  "49": 0.021299295831161226,
  "50": 0.0015939459995096218,
  "51": 0.09506360252063355,
  "52": 0.005035955649086814,
  "53": 0.11567754341736461,
  "54": 0.0032496664728888227,
  "55": 0.003453100695783806,
  "56": 0.10501129387785305,
  "57": 0.0,
  "58": 0.0012895488304345089,
  "59": 0.0008348621337869895,
  "60": 0.0,
  "61": 0.008044593362194097,
  "62": 0.014936715589548368,
  "63": 0.1503908107253792,
  "64": 0.0,
  "65": 0.0,
  "66": 0.0,
  "67": 0.0,
  "68": 0.0,
  "69": 0.14751360551695095,
  "70": 0.0,
  "71": 0.0,
  "72": 0.11482450463450865,
  "73": 0.03036572298682999,
  "74": 0.0,
  "75": 0.018582737550811006,
  "76": 0.00047534223079748027,
  "77": 2.7277053800059215e-05,
  "78": 0.0,
  "79": 0.08659075823352805,
  "80": 0.0,
  "81": 0.013324278569014492,
  "82": 0.002657820116023419,
  "83": 0.009834038683700183,
  "84": 0.0,
  "85": 0.0,
  "86": 0.0,
  "87": 0.00786668074891123,
  "88": 0.0029170490113195387,
  "89": 0.030045399492413985,
  "90": 0.0,
  "91": 0.05848711697220246,
  "92": 0.0,
  "93": 0.0,
  "94": 0.00811678582931312,
  "95": 0.0036851767403143273,
  "96": 0.03684224612233473,
  "97": 0.005993896397583197,
  "98": 0.0,
  "99": 0.0,
  "100": 0.0030303639356080033,
  "101": 0.006695828525937761,
  "102": 0.0,
  "103": 0.00020060347556430779,
  "104": 0.005017341844117475,
  "105": 0.0,
  "106": 0.06906334734272312,
  "107": 0.02265880317216574,
  "108": 0.0,
  "109": 0.11933707076419028,
  "110": 0.00542494500817925,
  "111": 0.0,
  "112": 0.0,
  "113": 0.0,
  "114": 0.0,
  "115": 0.030465952527807056,
  "116": 0.0,
  "117": 0.0,
  "118": 0.0,
  "119": 0.0,
  "120": 0.014159352973839268,
  "121": 0.0,
  "122": 0.048211446610495354,
  "123": 0.0,
  "124": 0.0,
  "125": 0.346700263648517,
  "126": 0.0,
  "127": 0.003629759140599057,
  "128": 0.032153216462031835,
  "129": 0.0,
  "130": 0.0,
  "131": 0.0,
  "132": 0.003922256215863618,
  "133": 0.0,
  "134": 0.0,
  "135": 0.0,
  "136": 0.0,
  "137": 0.0,
  "138": 0.0,
  "139": 0.0,
  "140": 0.001927755862780775,
  "141": 0.08959674353071616,
  "142": 0.0,
  "143": 0.025799978007207295,
  "144": 0.0,
  "145": 0.0,
  "146": 0.0,
  "147": 0.0,
  "148": 0.01760642299969962,
  "149": 0.06506751309705627,
  "150": 0.0,
  "151": 0.0,
  "152": 0.0,
  "153": 6.796674382011674e-05,
  "154": 0.0,
  "155": 0.0,
  "156": 0.021930819656786955,
  "157": 0.002009991210006879,
  "158": 0.0,
  "159": 0.12566510413286142,
  "160": 0.007798303003495823,
  "161": 0.0,
  "162": 0.0,
  "163": 0.0,
  "164": 0.0,
  "165": 0.0023481891050064793,
  "166": 0.023511981944327853,
  "167": 0.0,
  "168": 0.0,
  "169": 0.0,
  "170": 0.05759392846160358,
  "171": 0.0,
  "172": 0.005673912126294309,
  "173": 0.004039267498513583,
  "174": 0.000662809719591515,
  "175": 0.06847868562388684,
  "176": 0.0,
  "177": 0.003983419491841785,
  "178": 0.0,
  "179": 0.03956132338754713,
  "180": 0.0,
  "181": 0.0,
  "182": 0.03787150446019896,
  "183": 0.0,
  "184": 0.0,
  "185": 0.023427009925849694,
  "186": 0.0,
  "187": 0.0,
  "188": 0.0049558161976642305,
  "189": 0.0,
  "190": 0.006416489606759603,
  "191": 0.001076889689337631,
  "192": 0.00398680733128453,
  "193": 0.022849276613130264,
  "194": 0.0,
  "195": 0.0029443873836305133,
  "196": 0.004361987063694555,
  "197": 0.0033416726255254504,
  "198": 0.0,
  "199": 0.003331401836386025,
  "200": 0.0,
  "201": 0.0,
  "202": 0.0,
  "203": 0.0,
  "204": 0.06761147894040444,
  "205": 0.0,
  "206": 0.009078412787247588,
  "207": 0.0,
  "208": 0.0019977377648643588,
  "209": 0.0,
  "210": 0.0,
  "211": 0.008124834113007542,
  "212": 0.0,
  "213": 0.006553871694916748,
  "214": 0.0,
  "215": 0.0,
  "216": 0.0,
  "217": 0.0,
  "218": 0.06142914727583591,
  "219": 0.0,
  "220": 0.0,
  "221": 0.02330157298468541,
  "222": 0.0,
  "223": 0.0,
  "224": 0.0014546905637358987,
  "225": 0.0,
  "226": 0.0,
  "227": 0.05437086013418558,
  "228": 0.004037976358421503,
  "229": 0.0,
  "230": 0.0,
  "231": 0.0,
  "232": 0.0,
  "233": 0.0,
  "234": 0.0,
  "235": 0.0,
  "236": 0.0,
  "237": 0.0,
  "238": 0.0,
  "239": 0.0010522306205554828,
  "240": 0.0,
  "241": 0.0,
  "242": 0.1312372019946274,
  "243": 0.0,
  "244": 0.0,
  "245": 0.0,
  "246": 0.0,
  "247": 0.0,
  "248": 0.004005823729284018,
  "249": 0.0,
  "250": 0.009743015600391728,
  "251": 0.0,
  "252": 0.0,
  "253": 0.0,
  "254": 0.6981024092045369,
  "255": 0.0,
  "256": 0.0,
  "257": 0.0,
  "258": 0.0,
  "259": 0.0,
  "260": 5.4067759401088246e-05,
  "261": 0.0,
  "262": 0.0,
  "263": 0.0,
  "264": 0.0,
  "265": 0.0,
  "266": 0.005274151359428016,
  "267": 0.0,
  "268": 0.0032303641489552022,
  "269": 0.0,
  "270": 0.0037699744899961835,
  "271": 0.0,
  "272": 0.0,
  "273": 0.0,
  "274": 0.0014958039323385252,
  "275": 0.0,
  "276": 0.029879493703335532,
  "277": 0.0,
  "278": 0.0,
  "279": 0.0,
  "280": 0.0,
  "281": 0.0,
  "282": 0.0,
  "283": 0.0,
  "284": 0.0,
  "285": 0.0024427320011139657,
  "286": 0.0,
  "287": 0.011268632283777117,
  "288": 0.00613883217114397,
  "289": 0.0,
  "290": 0.0005032986096941089,
  "291": 0.0,
  "292": 0.005162415388562515,
  "293": 0.0,
  "294": 0.001864342721666058,
  "295": 0.0,
  "296": 0.0,
  "297": 0.0,
  "298": 0.03288393420896454,
  "299": 0.003842948500148479,
  "300": 0.002085727886707233,
  "301": 0.0,
  "302": 0.0,
  "303": 0.0,
  "304": 0.0,
  "305": 0.0,
  "306": 0.0,
  "307": 0.0,
  "308": 0.0,
  "309": 0.0032983077496945433,
  "310": 0.0,
  "311": 0.0,
  "312": 0.0,
  "313": 0.012705143152255214,
  "314": 0.0,
  "315": 0.0,
  "316": 0.0,
  "317": 0.0,
  "318": 0.0,
  "319": 0.0,
  "320": 0.0,
  "321": 0.0036750931364422025,
  "322": 0.006929911539916096,
  "323": 0.0,
  "324": 0.0,
  "325": 0.0,
  "326": 0.0,
  "327": 0.0,
  "328": 0.01155917231891492,
  "329": 0.0,
  "330": 0.06946282951660843,
  "331": 0.0,
  "332": 0.0,
  "333": 0.0,
  "334": 0.0,
  "335": 0.0,
  "336": 0.0,
  "337": 0.0,
  "338": 0.0,
  "339": 0.0,
  "340": 0.0025337039813762606,
  "341": 0.023359859287659344,
  "342": 0.0026476505361738077,
  "343": 0.0,
  "344": 0.05437086013418558,
  "345": 0.006667593900825348,
  "346": 0.0,
  "347": 0.004329920278458401,
  "348": 0.0,
  "349": 0.006446799949213929,
  "350": 0.0,
  "351": 0.0,
  "352": 0.0,
  "353": 0.0,
  "354": 0.0,
  "355": 0.0001596651746616391,
  "356": 0.0,
  "357": 0.0,
  "358": 0.0,
  "359": 0.0,
  "360": 0.0,
  "361": 0.002727598499009021,
  "362": 0.0,
  "363": 0.0,
  "364": 0.0,
  "365": 0.0,
  "366": 0.0,
  "367": 0.0,
  "368": 0.0,
  "369": 0.0,
  "370": 0.0,
  "371": 0.003906665878551776,
  "372": 0.0,
  "373": 0.0,
  "374": 0.0,
  "375": 0.0,
  "376": 0.0,
  "377": 0.003113321121853402,
  "378": 0.0,
  "379": 0.0,
  "380": 0.0,