{
  "0": 0.0,
  "1": 0.05487045959358092,
  "2": 0.03334337903760161,
  "3": 0.16654926370858086,
  "4": 0.062187699244926085,
  "5": 0.014747895560010302,
  "6": 0.08582349365631928,
  "7": 0.2155405260097865,
  "8": 0.06793017684856893,
  "9": 0.004087209622979206,
  "10": 0.032442944601691934,
  "11": 0.16894967785381557,
  "12": 0.011931844502311327,
  "13": 0.01840259956055296,
  "14": 0.06089180592842788,
  "15": 0.05805800203342359,
  "16": 0.01101480666587968,
  "17": 0.04146445662254705,
  "18": 0.0034408105199007647,
  "19": 0.10442163589005314,
  "20": 0.030236377135734654,
  "21": 0.0628402732591912,
  "22": 0.16102269523838308,
  "23": 0.03306749946337012,
  "24": 0.0,
  "25": 0.0,
  "26": 0.012918640905747614,
  "27": 0.033416492967017895,
  "28": 0.012902777355831995,
  "29": 0.0,
  "30": 0.0003871059876979349,
  "31": 0.01611009026746671,
  "32": 0.004094808335460629,
  "33": 0.05621616885205817,
  "34": 0.05601298627318005,
  "35": 0.0038351867282037494,
  "36": 0.005498971274091472,
  "37": 0.024960024872477445,
  "38": 0.03117491940007187,
  "39": 0.0029753796508945967,
  "40": 0.0022871064210444377,
  "41": 0.0058255090758257255,
  "42": 0.004001268465144261,
  "43": 0.09705767507730613,
  "44": 0.31745414021880003,
  "45": 0.04116055525156675,
  "46": 0.0,
  "47": 0.0,
  "48": 0.0,
  "49": 0.04331143888265866,
  "50": 0.023558989647484117,
  "51": 0.07089517956226436,
  "52": 0.0053895632650851335,
  "53": 0.1313592423163304,
  "54": 0.003280556968650708,
  "55": 0.0042310877860509905,
  "56": 0.14653810010104312,
  "57": 0.0,
  "58": 0.001358323896813013,
  "59": 0.0008801677376323258,
  "60": 0.0,
  "61": 0.0040259217819149295,
  "62": 0.020702341752844817,
  "63": 0.1736325637203803,
  "64": 0.0,
  "65": 0.0,
  "66": 0.0,
  "67": 0.0,
  "68": 0.0,
  "69": 0.15978475797738312,
  "70": 0.0,
  "71": 0.0,
  "72": 0.08434363237055907,
  "73": 0.06024316432108292,
  "74": 0.0,
  "75": 0.019716698183596375,
  "76": 0.0013682031089235814,
  "77": 0.00012490332579862532,
  "78": 0.0,
  "79": 0.10829081616230399,
  "80": 0.0,
  "81": 0.016505873199001844,
  "82": 0.0027210650185039023,
  "83": 0.018904918516969814,
  "84": 0.0,
  "85": 0.0,
  "86": 0.0,
  "87": 0.008302094904870858,
  "88": 0.003018836152254218,
  "89": 0.02818469228109916,
  "90": 0.0,
  "91": 0.023607307981761298,
  "92": 0.0,
  "93": 0.0,
  "94": 0.014007994434169356,
  "95": 0.0033148172874607066,
  "96": 0.05448240145809063,
  "97": 0.0222929062671845,
  "98": 0.0,
  "99": 0.0,
  "100": 0.0030555693805810976,
  "101": 0.0068311792882733684,
  "102": 0.0,
  "103": 0.0001381824314586726,
  "104": 0.006256743373629687,
  "105": 0.0,
  "106": 0.05542613677170633,
  "107": 0.03160830383828666,
  "108": 0.0,
  "109": 0.1350019346558579,
  "110": 0.002590501792511338,
  "111": 0.0,
  "112": 0.0,
  "113": 0.0,
  "114": 0.0,
  "115": 0.026993278142199897,
  "116": 0.0,
  "117": 0.0,
  "118": 0.0,
  "119": 0.0,
  "120": 0.014463264723223988,
  "121": 0.0,
  "122": 0.031910328914783195,
  "123": 0.0,
  "124": 0.0,
  "125": 0.2626838494508788,
  "126": 0.0,
  "127": 0.0036562156765126866,
  "128": 0.032499712011789715,
  "129": 0.0,
  "130": 0.0,
  "131": 0.0,
  "132": 0.004003117914742229,
  "133": 0.0,
  "134": 0.0,
  "135": 0.0,
  "136": 0.0,
  "137": 0.0,
  "138": 0.0,
  "139": 0.0,
  "140": 0.0020440453161789194,
  "141": 0.0955251046456553,
  "142": 0.0,
  "143": 0.026145324225089788,
  "144": 0.0,
  "145": 0.0,
  "146": 0.0,
  "147": 0.0,
  "148": 0.0304165359933488,
  "149": 0.048610274251963854,
  "150": 0.0,
  "151": 0.0,
  "152": 0.0,
  "153": 0.0001369850561191433,
  "154": 0.0,
  "155": 0.0,
  "156": 0.022188670323173322,
  "157": 0.001245549600311038,
  "158": 0.0,
  "159": 0.18363993825476946,
  "160": 0.00803795987931803,
  "161": 0.0,
  "162": 0.0,
  "163": 0.0,
  "164": 0.0,
  "165": 0.0015904326259745625,
  "166": 0.033366923033747664,
  "167": 0.0,
  "168": 0.0,
  "169": 0.0,
  "170": 0.029450278067420736,
  "171": 0.0,
  "172": 0.005984928969526063,
  "173": 0.0038726505375687656,
  "174": 0.0003353966358479449,
  "175": 0.05396809962328462,
  "176": 0.0,
  "177": 0.003913742737840807,
  "178": 0.0,
  "179": 0.02902376113297179,
  "180": 0.0,
  "181": 0.0,
  "182": 0.020327124542823437,
  "183": 0.0,
  "184": 0.0,
  "185": 0.027583121828028762,
  "186": 0.0,
  "187": 0.0,
  "188": 0.005126944919133025,
  "189": 0.0,
  "190": 0.020938556211944525,
  "191": 0.0031741687667885443,
  "192": 0.0038381019927228688,
  "193": 0.035544865074410334,
  "194": 0.0,
  "195": 0.002973045799448488,
  "196": 0.0044355775410330365,
  "197": 0.0033907513391496003,
  "198": 0.0,
  "199": 0.003645796795764467,
  "200": 0.0,
  "201": 0.0,
  "202": 0.0,
  "203": 0.0,
  "204": 0.042113082443843916,
  "205": 0.0,
  "206": 0.009620852740013858,
  "207": 0.0,
  "208": 0.02181227182829496,
  "209": 0.0,
  "210": 0.0,
  "211": 0.008253674099991051,
  "212": 0.0,
  "213": 0.006649983415711098,
  "214": 0.0,
  "215": 0.0,
  "216": 0.0,
  "217": 0.0,
  "218": 0.05493746451260531,
  "219": 0.0,
  "220": 0.0,
  "221": 0.056011021343277005,
  "222": 0.0,
  "223": 0.0,
  "224": 0.003450647346474782,
  "225": 0.0,
  "226": 0.0,
  "227": 0.03265821255033771,
  "228": 0.004005710329305095,
  "229": 0.0,
  "230": 0.0,
  "231": 0.0,
  "232": 0.0,
  "233": 0.0,
  "234": 0.0,
  "235": 0.0,
  "236": 0.0,
  "237": 0.0,
  "238": 0.0,
  "239": 0.00028155705801150883,
  "240": 0.0,
  "241": 0.0,
  "242": 0.13553687438670395,
  "243": 0.0,
  "244": 0.0,
  "245": 0.0,
  "246": 0.0,
  "247": 0.0,
  "248": 0.004030424496840501,
  "249": 0.0,
  "250": 0.007912825628852559,
  "251": 0.0,
  "252": 0.0,
  "253": 0.0,
  "254": 0.7836705303328777,
  "255": 0.0,
  "256": 0.0,
  "257": 0.0,
  "258": 0.0,
  "259": 0.0,
  "260": 4.1061427531647494e-05,
  "261": 0.0,
  "262": 0.0,
  "263": 0.0,
  "264": 0.0,
  "265": 0.0,
  "266": 0.005074043017608756,
  "267": 0.0,
  "268": 0.010337196343572016,
  "269": 0.0,
  "270": 0.003785401901527812,
  "271": 0.0,
  "272": 0.0,
  "273": 0.0,
  "274": 0.001075792593226628,
  "275": 0.0,
  "276": 0.005246485292524595,
  "277": 0.0,
  "278": 0.0,
  "279": 0.0,
  "280": 0.0,
  "281": 0.0,
  "282": 0.0,
  "283": 0.0,
  "284": 0.0,
  "285": 0.0024677215638000535,
  "286": 0.0,
  "287": 0.014824028234229838,
  "288": 0.01690235605424822,
  "289": 0.0,
  "290": 0.0006795757814339905,
  "291": 0.0,
  "292": 0.005309773595847217,
  "293": 0.0,
  "294": 0.001918562263899301,
  "295": 0.0,
  "296": 0.0,
  "297": 0.0,
  "298": 0.0025218508741203815,
  "299": 0.0038469743382351937,
  "300": 0.004240753528775717,
  "301": 0.0,
  "302": 0.0,
  "303": 0.0,
  "304": 0.0,
  "305": 0.0,
  "306": 0.0,
  "307": 0.0,
  "308": 0.0,
  "309": 0.003331214268977647,
  "310": 0.0,
  "311": 0.0,
  "312": 0.0,
  "313": 0.00882314148116546,
  "314": 0.0,
  "315": 0.0,
  "316": 0.0,
  "317": 0.0,
  "318": 0.0,
  "319": 0.0,
  "320": 0.0,
  "321": 0.003717660027946635,
  "322": 0.007241795510528731,
  "323": 0.0,
  "324": 0.0,
  "325": 0.0,
  "326": 0.0,
  "327": 0.0,
  "328": 0.0032092555530882963,
  "329": 0.0,
  "330": 0.07314424791461262,
  "331": 0.0,
  "332": 0.0,
  "333": 0.0,
  "334": 0.0,
  "335": 7.624241628725844e-05,
  "336": 0.0,
  "337": 0.0,
  "338": 0.0,
  "339": 0.0,
  "340": 0.00276958862712616,
  "341": 0.02440876975122429,
  "342": 0.0026888474218109215,
  "343": 0.0,
  "344": 0.03265821255033771,
  "345": 0.006729354397269759,
  "346": 0.0,
  "347": 0.004594240676279485,
  "348": 0.0,
  "349": 0.006390205893278283,
  "350": 0.0,
  "351": 0.0,
  "352": 0.0,
  "353": 0.0,
  "354": 0.0,
  "355": 0.0003171288362035493,
  "356": 0.0,
  "357": 0.0,
  "358": 0.0,
  "359": 0.0,
  "360": 0.0,
  "361": 0.0027682410648330086,
  "362": 0.0,
  "363": 0.0,
  "364": 0.0,
  "365": 0.0,
  "366": 0.0,
  "367": 0.0,
  "368": 0.0,
  "369": 0.0,
  "370": 0.0,
  "371": 0.003840211730830106,
  "372": 0.0,
  "373": 0.0,
  "374": 0.0,
  "375": 0.0,
  "376": 0.0,
  "377": 0.003218025185520008,
  "378": 0.0,