{
  "0": 0.0,
  "1": 0.10903561676168946,
  "2": 0.00611562492981306,
  "3": 0.0426616637882934,
  "4": 0.08138992281280974,
  "5": 0.01552775989394299,
  "6": 0.09287172445689752,
  "7": 0.42717283574473386,
  "8": 0.04435644011136165,
  "9": 0.004349760315614861,
  "10": 0.0711484979829075,
  "11": 0.17633522475884703,
  "12": 0.04151599032514436,
  "13": 0.02114789871376456,
  "14": 0.09098362095738266,
  "15": 0.045913917461792464,
  "16": 0.011950040607046004,
  "17": 0.0362919686057867,
  "18": 0.0037012299524035036,
  "19": 0.07205942324024599,
  "20": 0.024978804532809696,
  "21": 0.09968970079084946,
  "22": 0.15421165147514815,
  "23": 0.0027030626593570074,
  "24": 0.0,
  "25": 7.347702531965324e-06,
  "26": 0.013137012203591822,
  "27": 0.03932846254028759,
  "28": 0.014105229147913009,
  "29": 0.0,
  "30": 0.0008478092614776671,
  "31": 0.016917633168871245,
  "32": 0.004249555605159846,
  "33": 0.03590372852814649,
  "34": 0.032326720191164365,
  "35": 0.0037715342221533517,
  "36": 0.005724745943576089,
  "37": 0.02454612285741802,
  "38": 0.03317693763465478,
  "39": 0.003064016053390253,
  "40": 0.002275062261739926,
  "41": 0.026718946777285202,
  "42": 0.00408264717171124,
  "43": 0.08468647121063598,
  "44": 0.2812535878895602,
  "45": 0.042511787971285804,
  "46": 0.0,
  "47": 0.0,
  "48": 0.0,
  "49": 0.060981585398844934,
  "50": 0.00178634805143413,
  "51": 0.07579805514574425,
  "52": 0.005840036521511137,
  "53": 0.09565796936353961,
  "54": 0.003992335556246661,
  "55": 0.003685302197286889,
  "56": 0.06786065835721583,
  "57": 0.0,
  "58": 0.0014550771562817952,
  "59": 0.0009494393515242951,
  "60": 0.0,
  "61": 0.005117404445611797,
  "62": 0.015218184808056532,
  "63": 0.14976442211614882,
  "64": 0.0,
  "65": 0.0,
  "66": 0.0,
  "67": 0.0,
  "68": 0.0,
  "69": 0.1618344626640083,
  "70": 0.0,
  "71": 0.0,
  "72": 0.11179787416363991,
  "73": 0.06995899892870105,
  "74": 0.0,
  "75": 0.0203129399072081,
  "76": 0.0006108179096962061,
  "77": 0.00015663462065170636,
  "78": 0.0,
  "79": 0.07804307027212924,
  "80": 0.0,
  "81": 0.016899391421057813,
  "82": 0.002829138037550313,
  "83": 0.019283333519378328,
  "84": 0.0,
  "85": 0.0,
  "86": 0.0,
  "87": 0.008467765898591766,
  "88": 0.003099894039179644,
  "89": 0.029336719434208285,
  "90": 0.0,
  "91": 0.07468546075471622,
  "92": 0.0,
  "93": 0.0,
  "94": 0.00795389014533617,
  "95": 0.007486137061336316,
  "96": 0.04161455785918676,
  "97": 0.006571365063761689,
  "98": 0.0,
  "99": 0.0,
  "100": 0.012914226093730486,
  "101": 0.008271892257571418,
  "102": 0.0,
  "103": 0.0011387084300744069,
  "104": 0.006780220872499925,
  "105": 0.0,
  "106": 0.12155098711342309,
  "107": 0.010595468145815776,
  "108": 0.0,
  "109": 0.18810820224771407,
  "110": 0.006325725184437133,
  "111": 0.0,
  "112": 0.0,
  "113": 0.0,
  "114": 0.0,
  "115": 0.025694188305911372,
  "116": 0.0,
  "117": 0.0,
  "118": 0.0,
  "119": 0.0,
  "120": 0.014919357475222626,
  "121": 0.0,
  "122": 0.05120109434987399,
  "123": 0.0,
  "124": 0.0,
  "125": 0.4104191597306881,
  "126": 0.0,
  "127": 0.0026406156805328872,
  "128": 0.033985880935835,
  "129": 0.0,
  "130": 0.0,
  "131": 0.0,
  "132": 0.004084117039084292,
  "133": 0.0,
  "134": 0.0,
  "135": 0.0,
  "136": 0.0,
  "137": 8.685628237912465e-05,
  "138": 0.0,
  "139": 0.0,
  "140": 0.0021364121503040217,
  "141": 0.08923476892012086,
  "142": 0.0,
  "143": 0.02689420810709667,
  "144": 0.0,
  "145": 0.0,
  "146": 0.0,
  "147": 0.0,
  "148": 0.025951934933252273,
  "149": 0.04790315655112266,
  "150": 0.0,
  "151": 0.0,
  "152": 0.0,
  "153": 0.0001302796634530338,
  "154": 0.0,
  "155": 0.0,
  "156": 0.004995989430030218,
  "157": 0.0038622965330317835,
  "158": 0.0,
  "159": 0.13156056603835187,
  "160": 0.00838456684012961,
  "161": 0.0,
  "162": 0.0,
  "163": 0.0,
  "164": 0.0,
  "165": 0.001681982856039661,
  "166": 0.03951938038754306,
  "167": 0.0,
  "168": 0.0,
  "169": 0.0,
  "170": 0.029446865978832566,
  "171": 0.0,
  "172": 0.006241846955463289,
  "173": 0.003828553021910185,
  "174": 0.00023535833980070918,
  "175": 0.10429538261209996,
  "176": 0.0,
  "177": 0.003995067103388375,
  "178": 0.0,
  "179": 0.03631261014245795,
  "180": 0.0,
  "181": 0.0,
  "182": 0.022402570409558124,
  "183": 0.0,
  "184": 0.0,
  "185": 0.03932278431372397,
  "186": 0.0,
  "187": 0.0,
  "188": 0.005003746162736599,
  "189": 0.0,
  "190": 0.006685092620253048,
  "191": 0.0005498021685689669,
  "192": 0.004076208150788627,
  "193": 0.048624912048435845,
  "194": 0.0,
  "195": 0.0031846474409357836,
  "196": 0.004358011525543072,
  "197": 0.003511152133873668,
  "198": 0.0,
  "199": 0.0037200835306150514,
  "200": 0.0,
  "201": 0.0,
  "202": 0.0,
  "203": 0.0,
  "204": 0.04241744568612774,
  "205": 0.0,
  "206": 0.012428114707029949,
  "207": 0.0,
  "208": 0.0022726414278402577,
  "209": 0.0,
  "210": 0.0,
  "211": 0.010905546818788333,
  "212": 0.0,
  "213": 0.020933431160835653,
  "214": 0.0,
  "215": 0.0,
  "216": 0.0,
  "217": 0.0,
  "218": 0.05928835533483869,
  "219": 0.0,
  "220": 0.0,
  "221": 0.06722475596688829,
  "222": 0.0,
  "223": 0.0,
  "224": 0.0016023123422104096,
  "225": 0.0,
  "226": 0.0,
  "227": 0.045879042820823904,
  "228": 0.004088004068044207,
  "229": 0.0,
  "230": 0.0,
  "231": 0.0,
  "232": 0.0,
  "233": 0.0,
  "234": 0.0,
  "235": 0.0,
  "236": 0.0,
  "237": 0.0,
  "238": 0.0,
  "239": 0.0013046376238248952,
  "240": 0.0,
  "241": 0.0,
  "242": 0.11939033417352367,
  "243": 0.0,
  "244": 0.0,
  "245": 0.0,
  "246": 0.0,
  "247": 0.0,
  "248": 0.004085798724579257,
  "249": 0.0,
  "250": 0.00839171509220834,
  "251": 0.0,
  "252": 0.0,
  "253": 0.0,
  "254": 0.7997326581524155,
  "255": 0.0,
  "256": 0.0,
  "257": 0.0,
  "258": 0.0,
  "259": 0.0,
  "260": 0.0,
  "261": 0.0,
  "262": 0.0,
  "263": 0.0,
  "264": 0.0,
  "265": 0.0,
  "266": 0.005925670235258353,
  "267": 0.0,
  "268": 0.003452128685794609,
  "269": 0.0,
  "270": 0.006136134482407021,
  "271": 0.0,
  "272": 0.0,
  "273": 0.0,
  "274": 0.00044902762353781893,
  "275": 0.0,
  "276": 0.005445158821345487,
  "277": 0.0,
  "278": 0.0,
  "279": 0.0,
  "280": 0.0,
  "281": 0.0,
  "282": 0.0,
  "283": 0.0,
  "284": 0.0,
  "285": 0.018292696796533513,
  "286": 0.0,
  "287": 0.011482278515940551,
  "288": 0.006677386814158663,
  "289": 0.0,
  "290": 0.0015977974177546741,
  "291": 0.0,
  "292": 0.005540669728728852,
  "293": 0.0,
  "294": 0.0020125551728574042,
  "295": 0.0,
  "296": 0.0,
  "297": 0.0,
  "298": 0.0026020180450226833,
  "299": 0.003927049734104024,
  "300": 0.0014832683278030998,
  "301": 0.0,
  "302": 0.0,
  "303": 0.0,
  "304": 0.0,
  "305": 0.0,
  "306": 0.0,
  "307": 0.0,
  "308": 0.0,
  "309": 0.0034263395256697526,
  "310": 0.0,
  "311": 0.0,
  "312": 0.0,
  "313": 0.018777460566005294,
  "314": 0.0,
  "315": 0.0,
  "316": 0.0,
  "317": 0.0,
  "318": 0.0,
  "319": 0.0,
  "320": 0.0,
  "321": 0.0038119101092067235,
  "322": 0.007448180841867395,
  "323": 0.0,
  "324": 0.0,
  "325": 0.0,
  "326": 0.0,
  "327": 0.0,
  "328": 0.003286652468165939,
  "329": 3.59712224650126e-05,
  "330": 0.10158861038262719,
  "331": 0.0,
  "332": 0.0,
  "333": 0.0,
  "334": 0.0,
  "335": 0.0,
  "336": 0.0,
  "337": 0.0,
  "338": 0.0,
  "339": 0.0,
  "340": 0.0028872242740017305,
  "341": 0.027599677590035475,
  "342": 0.002779972863746649,
  "343": 0.0,
  "344": 0.045879042820823904,
  "345": 0.011302575884763313,
  "346": 0.0,
  "347": 0.004856799405421973,
  "348": 0.0,
  "349": 0.006241424409679397,
  "350": 0.0,
  "351": 0.0,
  "352": 0.0,
  "353": 0.0,
  "354": 3.244659547902015e-05,
  "355": 7.98235239286151e-05,
  "356": 0.0,
  "357": 0.0,
  "358": 0.0,
  "359": 0.0,
  "360": 0.0,
  "361": 0.002866319006237577,
  "362": 0.0,
  "363": 0.0,
  "364": 0.0,
  "365": 0.0,
  "366": 0.0,
  "367": 0.0,
  "368": 0.0,
  "369": 0.0,
  "370": 0.0,
  "371": 0.0039922718930751454,
  "372": 0.0,
  "373": 0.0,
  "374": 0.0,
  "375": 0.0,
  "376": 0.0,