{
  "0": 0.0,
  "1": 0.0820649653641731,
  "2": 0.012908731461184559,
  "3": 0.12363502592152126,
  "4": 0.050382707857607546,
  "5": 0.029962523793487097,
  "6": 0.09096655031024437,
  "7": 0.27143929077388373,
  "8": 0.0774033871026705,
  "9": 0.008062971995099201,
  "10": 0.04925808484548239,
  "11": 0.11764932744434217,
  "12": 0.025113478980171352,
  "13": 0.03478253972977421,
  "14": 0.09554478442150857,
  "15": 0.019354204774476944,
  "16": 0.01338542545424569,
  "17": 0.036127208464370154,
  "18": 0.005139200138686877,
  "19": 0.07843560604198317,
  "20": 0.028069443385486448,
  "21": 0.07295230509513888,
  "22": 0.1416341579258696,
  "23": 0.008427729930963808,
  "24": 0.0,
  "25": 3.2669432029629704e-05,
  "26": 0.015605861063537297,
  "27": 0.054348913991092124,
  "28": 0.016757486874620177,
  "29": 0.0,
  "30": 0.000996812017178707,
  "31": 0.01985157693494539,
  "32": 0.00858832751332247,
  "33": 0.0495624887868216,
  "34": 0.021533212292976615,
  "35": 0.003895602980217016,
  "36": 0.005811736446965234,
  "37": 0.039406609662988375,
  "38": 0.03403910654208112,
  "39": 0.004108857183261307,
  "40": 0.0035348077891648325,
  "41": 0.00821328606186359,
  "42": 0.004011731918872277,
  "43": 0.10947956981369099,
  "44": 0.27642223475836136,
  "45": 0.04205664152766864,
  "46": 0.0,
  "47": 0.0,
  "48": 0.0,
  "49": 0.03986916145206105,
  "50": 0.0036626150896458924,
  "51": 0.0733358790321385,
  "52": 0.010357655272807777,
  "53": 0.12110709015936548,
  "54": 0.004144655179131033,
  "55": 0.0038781584562490065,
  "56": 0.10511373338681175,
  "57": 0.0,
  "58": 0.0038619228772885537,
  "59": 0.004317406084232185,
  "60": 0.0,
  "61": 0.0078381032539561,
  "62": 0.016695649881296164,
  "63": 0.16567185757800718,
  "64": 0.0,
  "65": 0.0,
  "66": 0.0,
  "67": 0.0,
  "68": 0.0,
  "69": 0.14121164749726345,
  "70": 0.0,
  "71": 0.0,
  "72": 0.09517517311302665,
  "73": 0.046807746847657226,
  "74": 0.0,
  "75": 0.02514886238838379,
  "76": 0.0008840714445434726,
  "77": 0.00018769794449262939,
  "78": 0.0,
  "79": 0.08361417601566942,
  "80": 0.0,
  "81": 0.014186494308925705,
  "82": 0.004130541757079807,
  "83": 0.01182484074301845,
  "84": 0.0,
  "85": 0.0,
  "86": 0.0,
  "87": 0.007947277546516507,
  "88": 0.0036646959292922715,
  "89": 0.03131321004147026,
  "90": 0.0,
  "91": 0.05208818098697994,
  "92": 0.0,
  "93": 0.0,
  "94": 0.00958398104309107,
  "95": 0.004729127464651835,
  "96": 0.04418835092031979,
  "97": 0.01120335201354476,
  "98": 0.0,
  "99": 0.0,
  "100": 0.0037924512839394233,
  "101": 0.007607336121464285,
  "102": 0.0,
  "103": 0.00018104327167125725,
  "104": 0.006223932164059824,
  "105": 0.0,
  "106": 0.07353849227110702,
  "107": 0.015539893896508328,
  "108": 0.0,
  "109": 0.14127966006751871,
  "110": 0.005048078517086135,
  "111": 0.0,
  "112": 0.0,
  "113": 0.0,
  "114": 0.0,
  "115": 0.023909649294413596,
  "116": 0.0,
  "117": 0.0,
  "118": 0.0,
  "119": 0.0,
  "120": 0.015908732953058075,
  "121": 0.0,
  "122": 0.06022914876935512,
  "123": 0.0,
  "124": 0.0,
  "125": 0.30917906884629853,
  "126": 0.0,
  "127": 0.003419433916091523,
  "128": 0.03508765271743899,
  "129": 0.0,
  "130": 0.0,
  "131": 0.0,
  "132": 0.003997056748803663,
  "133": 0.0,
  "134": 0.0,
  "135": 0.0,
  "136": 0.0,
  "137": 3.074918663953598e-05,
  "138": 0.0,
  "139": 0.0,
  "140": 0.003958066021741505,
  "141": 0.09658337021946058,
  "142": 0.0,
  "143": 0.02769875799804112,
  "144": 0.0,
  "145": 0.0,
  "146": 0.0,
  "147": 0.0,
  "148": 0.027615268238009378,
  "149": 0.04678242259739107,
  "150": 0.0,
  "151": 0.0,
  "152": 0.0,
  "153": 0.0001649618251839756,
  "154": 0.0,
  "155": 0.0,
  "156": 0.00776494629408253,
  "157": 0.001948310017793655,
  "158": 0.0,
  "159": 0.14474400077903993,
  "160": 0.012011432800538811,
  "161": 0.0,
  "162": 0.0,
  "163": 0.0,
  "164": 0.0,
  "165": 0.0016314969301426685,
  "166": 0.03460667988154761,
  "167": 0.0,
  "168": 0.0,
  "169": 0.0,
  "170": 0.03634484439351037,
  "171": 0.0,
  "172": 0.007926089249082183,
  "173": 0.004040950972148659,
  "174": 0.0002466590931067029,
  "175": 0.07913918620194202,
  "176": 0.0,
  "177": 0.003984188040505926,
  "178": 0.0,
  "179": 0.032855153185856106,
  "180": 0.0,
  "181": 0.0,
  "182": 0.028197458552528726,
  "183": 0.0,
  "184": 0.0,
  "185": 0.02766839705903257,
  "186": 0.0,
  "187": 0.0,
  "188": 0.005356137632734698,
  "189": 0.0,
  "190": 0.00803480270772477,
  "191": 0.0014431858521279516,
  "192": 0.003988903944604719,
  "193": 0.030862245777950013,
  "194": 0.0,
  "195": 0.003591763865462088,
  "196": 0.004511701836704632,
  "197": 0.0038652386698539948,
  "198": 0.0,
  "199": 0.006716329714235175,
  "200": 0.0,
  "201": 0.0,
  "202": 0.0,
  "203": 0.0,
  "204": 0.0487101374701714,
  "205": 0.0,
  "206": 0.009658609837441254,
  "207": 0.0,
  "208": 0.0040856517234810165,
  "209": 0.0,
  "210": 0.0,
  "211": 0.00836356537230995,
  "212": 0.0,
  "213": 0.008271222354038509,
  "214": 0.0,
  "215": 0.0,
  "216": 0.0,
  "217": 0.0,
  "218": 0.06359918053870842,
  "219": 0.0,
  "220": 0.0,
  "221": 0.04356220212861425,
  "222": 0.0,
  "223": 0.0,
  "224": 0.0035829066122416223,
  "225": 0.0,
  "226": 0.0,
  "227": 0.048665541870983445,
  "228": 0.003994968345279758,
  "229": 0.0,
  "230": 0.0,
  "231": 0.0,
  "232": 0.0,
  "233": 0.0,
  "234": 0.0,
  "235": 0.0,
  "236": 0.0,
  "237": 0.0,
  "238": 0.0,
  "239": 0.0007474238859923602,
  "240": 0.0,
  "241": 0.0,
  "242": 0.10583379199568578,
  "243": 0.0,
  "244": 0.0,
  "245": 0.0,
  "246": 0.0,
  "247": 0.0,
  "248": 0.003994821776443145,
  "249": 0.0,
  "250": 0.0074422417276096406,
  "251": 0.0,
  "252": 0.0,
  "253": 0.0,
  "254": 0.7412226528499442,
  "255": 0.0,
  "256": 0.0,
  "257": 0.0,
  "258": 0.0,
  "259": 0.0,
  "260": 6.142589154023547e-05,
  "261": 0.0,
  "262": 0.0,
  "263": 0.0,
  "264": 0.0,
  "265": 0.0,
  "266": 0.0038959621613267434,
  "267": 0.0,
  "268": 0.004162256790024398,
  "269": 0.0,
  "270": 0.004050997360406827,
  "271": 0.0,
  "272": 0.0,
  "273": 0.0,
  "274": 0.0007858498195265964,
  "275": 0.0,
  "276": 0.008809688437969218,
  "277": 0.0,
  "278": 0.0,
  "279": 0.0,
  "280": 0.0,
  "281": 0.0,
  "282": 0.0,
  "283": 0.0,
  "284": 0.0,
  "285": 0.004155755668478614,
  "286": 0.0,
  "287": 0.011844701256168851,
  "288": 0.007930171596642619,
  "289": 0.0,
  "290": 0.0005630382531599627,
  "291": 0.0,
  "292": 0.00828579512051836,
  "293": 0.0,
  "294": 0.0031359407802055966,
  "295": 0.0,
  "296": 0.0,
  "297": 0.0,
  "298": 0.004224986625222614,
  "299": 0.004003602257112778,
  "300": 0.0019193711893729683,
  "301": 0.0,
  "302": 0.0,
  "303": 0.0,
  "304": 0.0,
  "305": 0.0,
  "306": 0.0,
  "307": 0.0,
  "308": 0.0,
  "309": 0.004206430007871238,
  "310": 0.0,
  "311": 0.0,
  "312": 0.0,
  "313": 0.011442814779921127,
  "314": 0.0,
  "315": 0.0,
  "316": 0.0,
  "317": 0.0,
  "318": 0.0,
  "319": 0.0,
  "320": 0.0,
  "321": 0.004009491365400634,
  "322": 0.00786510316906621,
  "323": 0.0,
  "324": 0.0,
  "325": 0.0,
  "326": 0.0,
  "327": 1.3672427821361696e-05,
  "328": 0.003827130570467722,
  "329": 7.210776282267472e-05,
  "330": 0.07722336170802133,
  "331": 0.0,
  "332": 1.5064632156056e-05,
  "333": 0.0,
  "334": 0.0,
  "335": 9.17570037256539e-06,
  "336": 7.677087362018669e-06,
  "337": 0.0,
  "338": 0.0,
  "339": 0.0,
  "340": 0.00387729373102224,
  "341": 0.02807722514435458,
  "342": 0.004133476675946073,
  "343": 0.0,
  "344": 0.048665541870983445,
  "345": 0.00789988294004537,
  "346": 0.0,
  "347": 0.00862167634338279,
  "348": 0.0,
  "349": 0.008135684117824504,
  "350": 0.0,
  "351": 0.0,
  "352": 0.0,
  "353": 0.0,
  "354": 3.4494728915904603e-05,
  "355": 0.00022459534302045952,
  "356": 0.0,
  "357": 0.0,
  "358": 0.0,
  "359": 0.0,
  "360": 0.0,
  "361": 0.004251985799491726,
  "362": 7.762292913041606e-06,
  "363": 0.0,
  "364": 0.0,
  "365": 0.0,
  "366": 0.0,
  "367": 0.0,
  "368": 0.0,
  "369": 0.0,
  "370": 0.0,