{
  "0": 0.0,
  "1": 0.1815484911276126,
  "2": 0.119833401309301,
  "3": 0.18955652469476475,
  "4": 0.08086740225583149,
  "5": 0.06813081544066953,
  "6": 0.2648542569143491,
  "7": 0.2750119812767012,
  "8": 0.10480941025903491,
  "9": 0.020220100292958624,
  "10": 0.11563037566541289,
  "11": 0.10312592222790042,
  "12": 0.07305796762876787,
  "13": 0.06390494291781867,
  "14": 0.25616804737840165,
  "15": 0.05699766862070863,
  "16": 0.01689775120827443,
  "17": 0.043423590094948485,
  "18": 0.046237568959323475,
  "19": 0.01676773241545709,
  "20": 0.05664603608971232,
  "21": 0.1728002996783529,
  "22": 0.024806297631063127,
  "23": 0.05426101157584091,
  "24": 0.011535678601841336,
  "25": 0.010744967184700797,
  "26": 0.010404051845089942,
  "27": 0.002659740206786084,
  "28": 0.020669422245892452,
  "29": 0.008832269544257906,
  "30": 0.007731036149619933,
  "31": 0.005670510411227918,
  "32": 0.025905091259551597,
  "33": 0.04436200120129344,
  "34": 0.039618651314854675,
  "35": 0.003251665009518891,
  "36": 0.001585176320664925,
  "37": 0.06469336273274591,
  "38": 0.005690087805998409,
  "39": 0.0013671382721463525,
  "40": 0.0017324512732522185,
  "41": 0.003986933481731698,
  "42": 0.0038712075699602203,
  "43": 0.002294496348850447,
  "44": 0.003189238604398053,
  "45": 0.003960945527321425,
  "46": 0.0002524022041222743,
  "47": 0.00020616517843071694,
  "48": 0.0018089631299082328,
  "49": 0.05412130286159579,
  "50": 0.0010663753592469226,
  "51": 0.000481206832005042,
  "52": 0.016044761549949257,
  "53": 0.00045340139997732695,
  "54": 0.0024762441105946587,
  "55": 0.002490408582895811,
  "56": 0.43280494353121735,
  "57": 0.0004145034279257668,
  "58": 0.002108698772849978,
  "59": 0.006223497731526177,
  "60": 1.0727068981207291e-05,
  "61": 0.000996096265507245,
  "62": 0.0006795291994126663,
  "63": 0.00024902406637681125,
  "64": 0.0006460737826176855,
  "65": 0.0002862527247471338,
  "66": 0.00015140378760952611,
  "67": 0.0003518399605070016,
  "68": 0.00019771983406705924,
  "69": 0.0004461611222947994,
  "70": 3.19243894542007e-05,
  "71": 2.0476255983464747e-05,
  "72": 0.011054817485687438,
  "73": 0.004098471292906461,
  "74": 2.0772583855873788e-05,
  "75": 0.0013840388384694148,
  "76": 0.00013396983111612753,
  "77": 7.888247963528676e-05,
  "78": 0.00028354626351246453,
  "79": 4.039936660509929e-06,
  "80": 0.0,
  "81": 0.0006038569383951442,
  "82": 1.1675318172916224e-05,
  "83": 0.0024317652969460617,
  "84": 2.3241982792615796e-05,
  "85": 0.00013655776120183316,
  "86": 0.00013176712726455366,
  "87": 0.00029449063960010515,
  "88": 0.000258062066485287,
  "89": 0.0007582437599202546,
  "90": 0.00045026032452979113,
  "91": 3.6053224476433345e-06,
  "92": 4.780756341532531e-06,
  "93": 7.262008393170903e-05,
  "94": 0.0006642090484091189,
  "95": 0.0002905889892800528,
  "96": 0.0010328014113029783,
  "97": 7.06544423780624e-05,
  "98": 0.0,
  "99": 1.2426015449685794e-05,
  "100": 0.00792645450387795,
  "101": 8.188526874236505e-06,
  "102": 0.0,
  "103": 4.790633937279499e-06,
  "104": 8.263596601913462e-05,
  "105": 4.978308256471892e-05,
  "106": 6.13497471844185e-05,
  "107": 6.817516584557342e-05,
  "108": 6.040149799270956e-05,
  "109": 0.08117441768683875,
  "110": 2.8249923836328595e-06,
  "111": 0.000935536725982584,
  "112": 4.444918086135618e-07,
  "113": 0.0010963143519559827,
  "114": 9.481504157514622e-05,
  "115": 0.05769634060067892,
  "116": 2.2471530324352292e-05,
  "117": 0.0,
  "118": 8.593508299862194e-07,
  "119": 0.0005535799760430769,
  "120": 0.0007074926729723328,
  "121": 2.8546251708737634e-06,
  "122": 0.03395168696049992,
  "123": 0.0,
  "124": 3.5233384029435e-05,
  "125": 3.373198947589586e-05,
  "126": 2.192826255826905e-06,
  "127": 0.0002020956089829661,
  "128": 0.0,
  "129": 8.099628512513793e-07,
  "130": 0.0,
  "131": 0.0,
  "132": 3.26059435607415e-05,
  "133": 9.087388087210597e-07,
  "134": 0.0,
  "135": 0.0,
  "136": 5.5956579906573944e-05,
  "137": 0.0,
  "138": 0.0009070596174440751,
  "139": 0.0,
  "140": 0.0,
  "141": 0.0005649293335563431,
  "142": 0.0,
  "143": 0.00010848563408894998,
  "144": 0.00012643322556119091,
  "145": 4.761001150038595e-06,
  "146": 0.0002850180252787628,
  "147": 0.0,
  "148": 0.0004550608360628176,
  "149": 0.047634636346583145,
  "150": 0.0,
  "151": 0.0,
  "152": 0.0,
  "153": 6.900488388831873e-05,
  "154": 4.178223000967481e-06,
  "155": 0.0,
  "156": 0.0001921093596827814,
  "157": 0.00033040557773608096,
  "158": 0.0,
  "159": 0.0001967814624710973,
  "160": 0.0009179447279572338,
  "161": 0.0,
  "162": 0.0,
  "163": 0.0,
  "164": 0.0,
  "165": 0.00011209095653659332,
  "166": 0.0031203028636799628,
  "167": 4.237488575449289e-06,
  "168": 0.0,
  "169": 0.0,
  "170": 0.08344102958289551,
  "171": 8.943175189304863e-05,
  "172": 0.0002646800556357556,
  "173": 8.474977150898579e-06,
  "174": 0.0,
  "175": 0.0,
  "176": 0.0,
  "177": 1.5013945535391422e-06,
  "178": 0.0,
  "179": 0.0037783482923429736,
  "180": 0.0,
  "181": 0.00016498548176160718,
  "182": 1.0312209959834634e-05,
  "183": 8.350519444486781e-05,
  "184": 0.0,
  "185": 0.0720430644209584,
  "186": 0.0,
  "187": 9.438042736227963e-05,
  "188": 8.299155946602547e-05,
  "189": 0.0,
  "190": 0.0007173505135278069,
  "191": 0.00021345484409197933,
  "192": 5.8465489226303827e-05,
  "193": 0.07239547728201873,
  "194": 0.0002533702085054772,
  "195": 0.00011337504398369916,
  "196": 0.005387783988162452,
  "197": 4.197978192461417e-06,
  "198": 0.0,
  "199": 0.0056407689704337976,
  "200": 0.0,
  "201": 0.0,
  "202": 0.0,
  "203": 0.0,
  "204": 0.0,
  "205": 0.0,
  "206": 4.871630222404637e-05,
  "207": 0.0,
  "208": 0.004534715309071304,
  "209": 0.00016441258120828304,
  "210": 7.424000963421178e-05,
  "211": 1.4450922577814243e-05,
  "212": 3.733731192353919e-06,
  "213": 0.0001311349611367477,
  "214": 0.0,
  "215": 0.0,
  "216": 0.0,
  "217": 0.00022878487269127373,
  "218": 0.0004271862608648738,
  "219": 0.0,
  "220": 0.0,
  "221": 0.0,
  "222": 0.0,
  "223": 1.1635807789928351e-05,
  "224": 0.0003265829481820043,
  "225": 8.079873321019857e-06,
  "226": 0.0,
  "227": 0.00015416951441867718,
  "228": 0.0005062761700108469,
  "229": 0.0,
  "230": 0.022477249452289787,
  "231": 0.0006588751467057561,
  "232": 0.0,
  "233": 0.0,
  "234": 0.0,
  "235": 0.0,
  "236": 0.0,
  "237": 0.0,
  "238": 2.6136118346477432e-05,
  "239": 0.0,
  "240": 0.0,
  "241": 0.0,
  "242": 0.004793281132939687,
  "243": 9.117020874451501e-06,
  "244": 0.0,
  "245": 0.0,
  "246": 0.0,
  "247": 0.0,
  "248": 7.6255039166593265e-06,
  "249": 0.0,
  "250": 0.0018289455061043492,
  "251": 0.0,
  "252": 0.0,
  "253": 0.0,
  "254": 0.025038095170457225,
  "255": 0.0,
  "256": 0.0,
  "257": 7.704524682635071e-06,
  "258": 0.0,
  "259": 0.0,
  "260": 0.0003598704458492866,
  "261": 0.0,
  "262": 0.0,
  "263": 0.0,
  "264": 0.0,
  "265": 0.0,
  "266": 0.00010054404710838768,
  "267": 4.8311320798420684e-05,
  "268": 2.937596975148295e-05,
  "269": 0.0,
  "270": 4.617776011707559e-05,
  "271": 0.0035096480552382022,
  "272": 0.0,
  "273": 0.0,
  "274": 1.6041215493076096e-05,
  "275": 8.107530589111367e-05,
  "276": 0.0003296548804593114,
  "277": 0.0,
  "278": 0.0,
  "279": 0.0,
  "280": 0.0,
  "281": 0.0,
  "282": 6.619964669617981e-05,
  "283": 0.0,
  "284": 0.0,
  "285": 0.008060197150291897,
  "286": 0.0,
  "287": 0.02404381638256742,
  "288": 0.00016184440631407133,
  "289": 0.0,
  "290": 0.0,
  "291": 0.0,
  "292": 0.01606411176001757,
  "293": 0.0,
  "294": 1.7295670152941037e-05,
  "295": 0.0,
  "296": 0.0,
  "297": 0.0,
  "298": 0.008052067888992142,
  "299": 0.0,
  "300": 0.012293349461208266,
  "301": 0.0,
  "302": 0.0,
  "303": 0.0,
  "304": 0.0,
  "305": 0.0,
  "306": 0.0,
  "307": 0.0,
  "308": 0.0,
  "309": 0.0,
  "310": 0.0,
  "311": 0.0,
  "312": 0.0,
  "313": 0.007934484989220234,
  "314": 0.00012372676432652167,
  "315": 0.0,
  "316": 0.0,
  "317": 0.0,
  "318": 0.0,