{
  "0": 0.0,
  "1": 0.08178649160370567,
  "2": 0.015093872206394944,
  "3": 0.12374144002266572,
  "4": 0.04906835595349705,
  "5": 0.030789375895812973,
  "6": 0.09327057491197437,
  "7": 0.2722382460673009,
  "8": 0.07764585139702636,
  "9": 0.007573478668624898,
  "10": 0.04726346150443242,
  "11": 0.11799055084672223,
  "12": 0.024985401589015757,
  "13": 0.03216958929803896,
  "14": 0.09334135508644752,
  "15": 0.019623803372675646,
  "16": 0.013890609240351737,
  "17": 0.03703572629306616,
  "18": 0.004954612213119094,
  "19": 0.07709730504485944,
  "20": 0.028046644134978923,
  "21": 0.06821439314847903,
  "22": 0.1415426539026631,
  "23": 0.00829897545697448,
  "24": 0.0,
  "25": 3.5390087236565036e-05,
  "26": 0.01613787977987366,
  "27": 0.05365137225063176,
  "28": 0.01723497248420728,
  "29": 0.0,
  "30": 0.0009378373117689747,
  "31": 0.019446852936492804,
  "32": 0.00815741510802822,
  "33": 0.05232424397926071,
  "34": 0.019234512413073394,
  "35": 0.0038398244651672987,
  "36": 0.0056978040450869575,
  "37": 0.03945994726877062,
  "38": 0.03533700210571121,
  "39": 0.0041229451630598185,
  "40": 0.003468228549183367,
  "41": 0.007661953886716311,
  "42": 0.003910604639640429,
  "43": 0.11177959053670326,
  "44": 0.27644966644844676,
  "45": 0.04414913382761501,
  "46": 0.0,
  "47": 0.0,
  "48": 0.0,
  "49": 0.03830976943358237,
  "50": 0.003804434377930734,
  "51": 0.07446074354573458,
  "52": 0.011147877479517955,
  "53": 0.12489161785785442,
  "54": 0.0038398244651672987,
  "55": 0.004069860032204971,
  "56": 0.10535628970326484,
  "57": 0.0,
  "58": 0.003945994726876994,
  "59": 0.0038221294215490162,
  "60": 0.0,
  "61": 0.008529011024012151,
  "62": 0.016509475695857628,
  "63": 0.1643515651266359,
  "64": 0.0,
  "65": 0.0,
  "66": 0.0,
  "67": 0.0,
  "68": 0.0,
  "69": 0.1412418381611522,
  "70": 0.0,
  "71": 0.0,
  "72": 0.09647337780688443,
  "73": 0.04574168775326028,
  "74": 0.0,
  "75": 0.024560720542176936,
  "76": 0.0008493620936775619,
  "77": 0.00024773061065595526,
  "78": 0.0,
  "79": 0.08291897439527608,
  "80": 0.0,
  "81": 0.013961389414824867,
  "82": 0.004246810468387796,
  "83": 0.012068019747668643,
  "84": 0.0,
  "85": 0.0,
  "86": 0.0,
  "87": 0.008245890326119632,
  "88": 0.003857519508785581,
  "89": 0.03165643303310882,
  "90": 0.0,
  "91": 0.04998849822164765,
  "92": 0.0,
  "93": 0.0,
  "94": 0.00937837311768971,
  "95": 0.004512236122662033,
  "96": 0.04335285686479238,
  "97": 0.011625643657211582,
  "98": 0.0,
  "99": 0.0,
  "100": 0.0037867393343124513,
  "101": 0.007927379540990548,
  "102": 0.0,
  "103": 0.0003185107851290853,
  "104": 0.006299435528108561,
  "105": 0.0,
  "106": 0.06860368410808136,
  "107": 0.015217737511722921,
  "108": 0.0,
  "109": 0.14136570346648022,
  "110": 0.004919222125882529,
  "111": 0.0,
  "112": 0.0,
  "113": 0.0,
  "114": 0.0,
  "115": 0.022879691398439938,
  "116": 0.0,
  "117": 0.0,
  "118": 0.0,
  "119": 0.0,
  "120": 0.016190964910728512,
  "121": 0.0,
  "122": 0.060817864916035455,
  "123": 0.0,
  "124": 0.0,
  "125": 0.30946861784011975,
  "126": 0.0,
  "127": 0.0034151434183285197,
  "128": 0.036451789853662896,
  "129": 0.0,
  "130": 0.0,
  "131": 0.0,
  "132": 0.004529931166280315,
  "133": 0.0,
  "134": 0.0,
  "135": 0.0,
  "136": 0.0,
  "137": 3.5390087236565036e-05,
  "138": 0.0,
  "139": 0.0,
  "140": 0.004176030293914666,
  "141": 0.09558862562597005,
  "142": 0.0,
  "143": 0.028152814396688628,
  "144": 0.0,
  "145": 0.0,
  "146": 0.0,
  "147": 0.0,
  "148": 0.026701820819989324,
  "149": 0.04607789358200761,
  "150": 0.0,
  "151": 0.0,
  "152": 0.0,
  "153": 0.00012386530532797763,
  "154": 0.0,
  "155": 0.0,
  "156": 0.007254967883495814,
  "157": 0.001822589492683098,
  "158": 0.0,
  "159": 0.14646187602854707,
  "160": 0.011501778351883605,
  "161": 0.0,
  "162": 0.0,
  "163": 0.0,
  "164": 0.0,
  "165": 0.0015748588820271435,
  "166": 0.033779838267302506,
  "167": 0.0,
  "168": 0.0,
  "169": 0.0,
  "170": 0.03508927149505528,
  "171": 0.0,
  "172": 0.008316670500592762,
  "173": 0.003804434377930734,
  "174": 0.00017695043618282517,
  "175": 0.0787252490577419,
  "176": 0.0,
  "177": 0.0038752145524038636,
  "178": 0.0,
  "179": 0.03273583069382394,
  "180": 0.0,
  "181": 0.0,
  "182": 0.028099729265833776,
  "183": 0.0,
  "184": 0.0,
  "185": 0.02841824005096289,
  "186": 0.0,
  "187": 0.0,
  "188": 0.0052731229982481784,
  "189": 0.0,
  "190": 0.007254967883495814,
  "191": 0.0013802134022260365,
  "192": 0.004069860032204971,
  "193": 0.031833383469291626,
  "194": 0.0,
  "195": 0.0036451789853661916,
  "196": 0.004370675773715773,
  "197": 0.003910604639640429,
  "198": 0.0,
  "199": 0.006440995877054821,
  "200": 0.0,
  "201": 0.0,
  "202": 0.0,
  "203": 0.0,
  "204": 0.04899757577902393,
  "205": 0.0,
  "206": 0.009838444251765053,
  "207": 0.0,
  "208": 0.003981384814113559,
  "209": 0.0,
  "210": 0.0,
  "211": 0.008245890326119632,
  "212": 0.0,
  "213": 0.00780351423566257,
  "214": 0.0,
  "215": 0.0,
  "216": 0.0,
  "217": 0.0,
  "218": 0.06393219259285342,
  "219": 0.0,
  "220": 0.0,
  "221": 0.042751225381770834,
  "222": 0.0,
  "223": 0.0,
  "224": 0.004158335250296383,
  "225": 0.0,
  "226": 0.0,
  "227": 0.046697220108647436,
  "228": 0.0037867393343124513,
  "229": 0.0,
  "230": 0.0,
  "231": 0.0,
  "232": 0.0,
  "233": 0.0,
  "234": 0.0,
  "235": 0.0,
  "236": 0.0,
  "237": 0.0,
  "238": 0.0,
  "239": 0.0007078017447313013,
  "240": 0.0,
  "241": 0.0,
  "242": 0.10514394917984539,
  "243": 0.0,
  "244": 0.0,
  "245": 0.0,
  "246": 0.0,
  "247": 0.0,
  "248": 0.003698264116221039,
  "249": 0.0,
  "250": 0.006883371967511882,
  "251": 0.0,
  "252": 0.0,
  "253": 0.0,
  "254": 0.7374232477477357,
  "255": 0.0,
  "256": 0.0,
  "257": 0.0,
  "258": 0.0,
  "259": 0.0,
  "260": 7.078017447313007e-05,
  "261": 0.0,
  "262": 0.0,
  "263": 0.0,
  "264": 0.0,
  "265": 0.0,
  "266": 0.0035567037672747793,
  "267": 0.0,
  "268": 0.003627483941747909,
  "269": 0.0,
  "270": 0.0038221294215490162,
  "271": 0.0,
  "272": 0.0,
  "273": 0.0,
  "274": 0.0007608868755861491,
  "275": 0.0,
  "276": 0.008139720064409937,
  "277": 0.0,
  "278": 0.0,
  "279": 0.0,
  "280": 0.0,
  "281": 0.0,
  "282": 0.0,
  "283": 0.0,
  "284": 0.0,
  "285": 0.003963689770495276,
  "286": 0.0,
  "287": 0.011342522959319062,
  "288": 0.007768124148426005,
  "289": 0.0,
  "290": 0.00046007113407534544,
  "291": 0.0,
  "292": 0.007785819192044288,
  "293": 0.0,
  "294": 0.0036451789853661916,
  "295": 0.0,
  "296": 0.0,
  "297": 0.0,
  "298": 0.003963689770495276,
  "299": 0.0041229451630598185,
  "300": 0.002088015146957335,
  "301": 0.0,
  "302": 0.0,
  "303": 0.0,
  "304": 0.0,
  "305": 0.0,
  "306": 0.0,
  "307": 0.0,
  "308": 0.0,
  "309": 0.0041229451630598185,
  "310": 0.0,
  "311": 0.0,
  "312": 0.0,
  "313": 0.010705501389060894,
  "314": 0.0,
  "315": 0.0,
  "316": 0.0,
  "317": 0.0,
  "318": 0.0,
  "319": 0.0,
  "320": 0.0,
  "321": 0.004299895599242643,
  "322": 0.008281280413356197,
  "323": 0.0,
  "324": 0.0,
  "325": 0.0,
  "326": 0.0,
  "327": 0.0,
  "328": 0.0041229451630598185,
  "329": 0.0001061702617096951,
  "330": 0.07739812078637033,
  "331": 0.0,
  "332": 0.0,
  "333": 0.0,
  "334": 0.0,
  "335": 0.0,
  "336": 0.0,
  "337": 0.0,
  "338": 0.0,
  "339": 0.0,
  "340": 0.0038398244651672987,
  "341": 0.02693185638702702,
  "342": 0.003662874028984474,
  "343": 0.0,
  "344": 0.04758197228956147,
  "345": 0.007555783625006616,
  "346": 0.0,
  "347": 0.00829897545697448,
  "348": 0.0,
  "349": 0.00801585475908196,
  "350": 0.0,
  "351": 0.0,
  "352": 0.0,
  "353": 0.0,
  "354": 1.7695043618282518e-05,
  "355": 0.0002654256542742378,
  "356": 0.0,
  "357": 0.0,
  "358": 0.0,
  "359": 0.0,
  "360": 0.0,
  "361": 0.004140640206678101,
  "362": 1.7695043618282518e-05,
  "363": 0.0,
  "364": 0.0,
  "365": 0.0,
  "366": 0.0,
  "367": 0.0,
  "368": 0.0,
  "369": 0.0,
  "370": 0.0,
  "371": 0.0036451789853661916,
  "372": 0.0,
  "373": 3.5390087236565036e-05,