{
  "0": 0.0,
  "1": 0.07868061278578091,
  "2": 0.015135991879192082,
  "3": 0.12591608446153146,
  "4": 0.050747510727954005,
  "5": 0.03165338497693077,
  "6": 0.09599410785055892,
  "7": 0.26895527290930965,
  "8": 0.07667909415773512,
  "9": 0.007240082578889847,
  "10": 0.04875438581697849,
  "11": 0.12074209838978713,
  "12": 0.02370537684452616,
  "13": 0.032538004664724465,
  "14": 0.09861249938251772,
  "15": 0.021924128996159163,
  "16": 0.013054943645256256,
  "17": 0.03647942794282801,
  "18": 0.005037663572076085,
  "19": 0.07870658862429934,
  "20": 0.028983917908455496,
  "21": 0.06943474422814044,
  "22": 0.14621213571137504,
  "23": 0.009339817619267114,
  "24": 0.0,
  "25": 2.3463106171515944e-05,
  "26": 0.016541476232953108,
  "27": 0.05556697430637084,
  "28": 0.01599364035817279,
  "29": 0.0,
  "30": 0.0009501157872563077,
  "31": 0.018892233959501605,
  "32": 0.007471725369778885,
  "33": 0.05039730905449122,
  "34": 0.019309659023733848,
  "35": 0.0038160855241615955,
  "36": 0.005686877838937054,
  "37": 0.04103703929897532,
  "38": 0.03395029652270101,
  "39": 0.0039018878160403,
  "40": 0.003803108605352057,
  "41": 0.007406111758109164,
  "42": 0.004008995247562984,
  "43": 0.11155939622517759,
  "44": 0.27774977241363696,
  "45": 0.04187220267696071,
  "46": 0.0,
  "47": 0.0,
  "48": 0.0,
  "49": 0.038798833768316485,
  "50": 0.003900731471654955,
  "51": 0.07813601334838487,
  "52": 0.011099359153491844,
  "53": 0.1246545568598712,
  "54": 0.004140649521597262,
  "55": 0.00421200252586569,
  "56": 0.10501118139972317,
  "57": 0.0,
  "58": 0.004962839670791196,
  "59": 0.004326465260939479,
  "60": 0.0,
  "61": 0.008375611636534604,
  "62": 0.01662090763161911,
  "63": 0.16368865747630024,
  "64": 0.0,
  "65": 0.0,
  "66": 0.0,
  "67": 0.0,
  "68": 0.0,
  "69": 0.14419771657003488,
  "70": 0.0,
  "71": 0.0,
  "72": 0.09886678841737737,
  "73": 0.04765723841211657,
  "74": 0.0,
  "75": 0.024905600409665284,
  "76": 0.0008678966323693512,
  "77": 0.00020917267596564244,
  "78": 0.0,
  "79": 0.08374362413473786,
  "80": 0.0,
  "81": 0.014548569877552136,
  "82": 0.003935646076731496,
  "83": 0.012257327567960392,
  "84": 0.0,
  "85": 0.0,
  "86": 0.0,
  "87": 0.007968311770784733,
  "88": 0.0037195489318167757,
  "89": 0.031343865112336285,
  "90": 0.0,
  "91": 0.050822255554194604,
  "92": 0.0,
  "93": 0.0,
  "94": 0.009467677528576647,
  "95": 0.004836177589439619,
  "96": 0.04500856674080653,
  "97": 0.011125270755619036,
  "98": 0.0,
  "99": 0.0,
  "100": 0.003993275000518874,
  "101": 0.007661282958411296,
  "102": 0.0,
  "103": 0.0002352019803925097,
  "104": 0.006176330880995534,
  "105": 0.0,
  "106": 0.07131698536826182,
  "107": 0.015380274773226201,
  "108": 0.0,
  "109": 0.140094147912614,
  "110": 0.004946829447885821,
  "111": 0.0,
  "112": 0.0,
  "113": 0.0,
  "114": 0.0,
  "115": 0.024165561331465083,
  "116": 0.0,
  "117": 0.0,
  "118": 0.0,
  "119": 0.0,
  "120": 0.015721122201345965,
  "121": 0.0,
  "122": 0.06194290236845196,
  "123": 0.0,
  "124": 0.0,
  "125": 0.3071258364191297,
  "126": 0.0,
  "127": 0.0033772621880265342,
  "128": 0.0349236010380062,
  "129": 0.0,
  "130": 0.0,
  "131": 0.0,
  "132": 0.003989597711817829,
  "133": 0.0,
  "134": 0.0,
  "135": 0.0,
  "136": 0.0,
  "137": 3.7220002038285386e-05,
  "138": 0.0,
  "139": 0.0,
  "140": 0.0048780599468111405,
  "141": 0.09818813405972233,
  "142": 0.0,
  "143": 0.0275309796179361,
  "144": 0.0,
  "145": 0.0,
  "146": 0.0,
  "147": 0.0,
  "148": 0.028272167791049265,
  "149": 0.04834874794214606,
  "150": 0.0,
  "151": 0.0,
  "152": 0.0,
  "153": 0.0001627679365099611,
  "154": 0.0,
  "155": 0.0,
  "156": 0.00821884905324808,
  "157": 0.0019630699103202935,
  "158": 0.0,
  "159": 0.14605725804306025,
  "160": 0.011210875938646838,
  "161": 0.0,
  "162": 0.0,
  "163": 0.0,
  "164": 0.0,
  "165": 0.0016254630388757671,
  "166": 0.034687925288964014,
  "167": 0.0,
  "168": 0.0,
  "169": 0.0,
  "170": 0.036632829816631435,
  "171": 0.0,
  "172": 0.007373152783348803,
  "173": 0.00403101907476671,
  "174": 0.00027183719009969497,
  "175": 0.07571150926469815,
  "176": 0.0,
  "177": 0.003989069288797603,
  "178": 0.0,
  "179": 0.03404553667758188,
  "180": 0.0,
  "181": 0.0,
  "182": 0.02753413025437291,
  "183": 0.0,
  "184": 0.0,
  "185": 0.02754028964866972,
  "186": 0.0,
  "187": 0.0,
  "188": 0.0054113511216940255,
  "189": 0.0,
  "190": 0.007922459082596155,
  "191": 0.0014436174787037404,
  "192": 0.003991734314864287,
  "193": 0.03114938193907925,
  "194": 0.0,
  "195": 0.0039850309633862315,
  "196": 0.004562776992711762,
  "197": 0.004191643137873606,
  "198": 0.0,
  "199": 0.00602693504453,
  "200": 0.0,
  "201": 0.0,
  "202": 0.0,
  "203": 0.0,
  "204": 0.05268521053815768,
  "205": 0.0,
  "206": 0.00996192216212923,
  "207": 0.0,
  "208": 0.0038018022732643456,
  "209": 0.0,
  "210": 0.0,
  "211": 0.00868602253233259,
  "212": 0.0,
  "213": 0.007548998532296413,
  "214": 0.0,
  "215": 0.0,
  "216": 0.0,
  "217": 0.0,
  "218": 0.06477200623422942,
  "219": 0.0,
  "220": 0.0,
  "221": 0.04407601160084796,
  "222": 0.0,
  "223": 0.0,
  "224": 0.004928022431358028,
  "225": 0.0,
  "226": 0.0,
  "227": 0.050055929280538015,
  "228": 0.003987489791350241,
  "229": 0.0,
  "230": 0.0,
  "231": 0.0,
  "232": 0.0,
  "233": 0.0,
  "234": 0.0,
  "235": 0.0,
  "236": 0.0,
  "237": 0.0,
  "238": 0.0,
  "239": 0.0007673980476901777,
  "240": 0.0,
  "241": 0.0,
  "242": 0.10933141879681478,
  "243": 0.0,
  "244": 0.0,
  "245": 0.0,
  "246": 0.0,
  "247": 0.0,
  "248": 0.0039897279748544534,
  "249": 0.0,
  "250": 0.008402094744982727,
  "251": 0.0,
  "252": 0.0,
  "253": 0.0,
  "254": 0.7439128908308039,
  "255": 0.0,
  "256": 0.0,
  "257": 0.0,
  "258": 0.0,
  "259": 0.0,
  "260": 5.8806989994105674e-05,
  "261": 0.0,
  "262": 0.0,
  "263": 0.0,
  "264": 0.0,
  "265": 0.0,
  "266": 0.0038947235402419893,
  "267": 0.0,
  "268": 0.0040247108022333725,
  "269": 0.0,
  "270": 0.003918741013745707,
  "271": 0.0,
  "272": 0.0,
  "273": 0.0,
  "274": 0.0008012481361734084,
  "275": 0.0,
  "276": 0.008654526785185992,
  "277": 0.0,
  "278": 0.0,
  "279": 0.0,
  "280": 0.0,
  "281": 0.0,
  "282": 0.0,
  "283": 0.0,
  "284": 0.0,
  "285": 0.0034487875510506045,
  "286": 0.0,
  "287": 0.011870580849055137,
  "288": 0.007963692575928263,
  "289": 0.0,
  "290": 0.0005349771778753671,
  "291": 0.0,
  "292": 0.007524578622876434,
  "293": 0.0,
  "294": 0.0038970661042868077,
  "295": 0.0,
  "296": 0.0,
  "297": 0.0,
  "298": 0.003466018794209798,
  "299": 0.003968062717312858,
  "300": 0.001978365121666824,
  "301": 0.0,
  "302": 0.0,
  "303": 0.0,
  "304": 0.0,
  "305": 0.0,
  "306": 0.0,
  "307": 0.0,
  "308": 0.0,
  "309": 0.0038211461958460057,
  "310": 0.0,
  "311": 0.0,
  "312": 0.0,
  "313": 0.011149460683137196,
  "314": 0.0,
  "315": 0.0,
  "316": 0.0,
  "317": 0.0,
  "318": 0.0,
  "319": 0.0,
  "320": 0.0,
  "321": 0.0038707729366249245,
  "322": 0.0077861866053343986,
  "323": 0.0,
  "324": 0.0,
  "325": 0.0,
  "326": 0.0,
  "327": 1.8595435323803298e-05,
  "328": 0.0038716919624326262,
  "329": 7.591778582509178e-05,
  "330": 0.07621104347236077,
  "331": 0.0,
  "332": 1.8774804116539746e-05,
  "333": 0.0,
  "334": 0.0,
  "335": 9.536521329025147e-06,
  "336": 9.311652000605813e-06,
  "337": 0.0,
  "338": 0.0,
  "339": 0.0,
  "340": 0.0038111677757758588,
  "341": 0.02729004147032446,
  "342": 0.003931353167761558,
  "343": 0.0,
  "344": 0.050055929280538015,
  "345": 0.007705041892245709,
  "346": 0.0,
  "347": 0.0073861613068416454,
  "348": 0.0,
  "349": 0.007922361838793305,
  "350": 0.0,
  "351": 0.0,
  "352": 0.0,
  "353": 0.0,
  "354": 3.0990485516384285e-05,
  "355": 0.0002303476128236417,
  "356": 0.0,
  "357": 0.0,
  "358": 0.0,
  "359": 0.0,
  "360": 0.0,
  "361": 0.003998638544105171,
  "362": 7.2288577154308615e-06,
  "363": 0.0,
  "364": 0.0,
  "365": 0.0,
  "366": 0.0,
  "367": 0.0,
  "368": 0.0,
  "369": 0.0,
  "370": 0.0,