{
  "0": 0.0,
  "1": 0.07812361757472013,
  "2": 0.014386070461663646,
  "3": 0.12310441845240737,
  "4": 0.049829242829083124,
  "5": 0.029922318758517048,
  "6": 0.09058092828199464,
  "7": 0.2734768991205791,
  "8": 0.07584095694796102,
  "9": 0.008051244846318525,
  "10": 0.045954028276679645,
  "11": 0.11577867039443628,
  "12": 0.023445932794225032,
  "13": 0.0309840213756141,
  "14": 0.09790667633996573,
  "15": 0.019694583547148783,
  "16": 0.013306672800948416,
  "17": 0.03650487498451774,
  "18": 0.004901527082264247,
  "19": 0.07980464671845745,
  "20": 0.027851998655177797,
  "21": 0.07147028117424396,
  "22": 0.1401270504132001,
  "23": 0.008546706067630434,
  "24": 0.0,
  "25": 1.7695043618282518e-05,
  "26": 0.015978624387309102,
  "27": 0.05266044980800804,
  "28": 0.016067099605400523,
  "29": 0.0,
  "30": 0.0008316670500592793,
  "31": 0.01888061154070771,
  "32": 0.008051244846318525,
  "33": 0.0512271512749273,
  "34": 0.019358377718401383,
  "35": 0.003698264116221039,
  "36": 0.005662413957850393,
  "37": 0.038415939695292056,
  "38": 0.03468228549183482,
  "39": 0.003999079857731841,
  "40": 0.003945994726876994,
  "41": 0.008546706067630434,
  "42": 0.004069860032204971,
  "43": 0.10947923486632587,
  "44": 0.2748925026100399,
  "45": 0.04393679330419564,
  "46": 0.0,
  "47": 0.0,
  "48": 0.0,
  "49": 0.03747810238352318,
  "50": 0.003999079857731841,
  "51": 0.07369985667014821,
  "52": 0.011714118875302994,
  "53": 0.12280360271089648,
  "54": 0.004264505512006078,
  "55": 0.0041229451630598185,
  "56": 0.10436536726064073,
  "57": 0.0,
  "58": 0.004264505512006078,
  "59": 0.004105250119441536,
  "60": 0.0,
  "61": 0.007626563799479746,
  "62": 0.015730893776653123,
  "63": 0.16438695521387248,
  "64": 0.0,
  "65": 0.0,
  "66": 0.0,
  "67": 0.0,
  "68": 0.0,
  "69": 0.13963158919188803,
  "70": 0.0,
  "71": 0.0,
  "72": 0.09636720754517471,
  "73": 0.0472811565480507,
  "74": 0.0,
  "75": 0.02528621733052659,
  "76": 0.0006724116574947362,
  "77": 0.0002123405234193902,
  "78": 0.0,
  "79": 0.08456461345177683,
  "80": 0.0,
  "81": 0.01376674393502376,
  "82": 0.003857519508785581,
  "83": 0.011501778351883605,
  "84": 0.0,
  "85": 0.0,
  "86": 0.0,
  "87": 0.007573478668624898,
  "88": 0.0034151434183285197,
  "89": 0.031833383469291626,
  "90": 0.0,
  "91": 0.04903296586626049,
  "92": 0.0,
  "93": 0.0,
  "94": 0.008705961460194976,
  "95": 0.004901527082264247,
  "96": 0.043512112257356905,
  "97": 0.01139560809017391,
  "98": 0.0,
  "99": 0.0,
  "100": 0.004229115424769513,
  "101": 0.0074673084069152035,
  "102": 0.0,
  "103": 0.00014156034894626015,
  "104": 0.0063879107461999735,
  "105": 0.0,
  "106": 0.07235503335515835,
  "107": 0.017765823792755805,
  "108": 0.0,
  "109": 0.14200272503673858,
  "110": 0.005166952736538484,
  "111": 0.0,
  "112": 0.0,
  "113": 0.0,
  "114": 0.0,
  "115": 0.02470228089112321,
  "116": 0.0,
  "117": 0.0,
  "118": 0.0,
  "119": 0.0,
  "120": 0.01543007803514231,
  "121": 0.0,
  "122": 0.06064091447985265,
  "123": 0.0,
  "124": 0.0,
  "125": 0.31065418576254317,
  "126": 0.0,
  "127": 0.0038752145524038636,
  "128": 0.03563781784722198,
  "129": 0.0,
  "130": 0.0,
  "131": 0.0,
  "132": 0.004689186558844857,
  "133": 0.0,
  "134": 0.0,
  "135": 0.0,
  "136": 0.0,
  "137": 3.5390087236565036e-05,
  "138": 0.0,
  "139": 0.0,
  "140": 0.003857519508785581,
  "141": 0.0943676676163082,
  "142": 0.0,
  "143": 0.027851998655177797,
  "144": 0.0,
  "145": 0.0,
  "146": 0.0,
  "147": 0.0,
  "148": 0.027498097782812113,
  "149": 0.04903296586626049,
  "150": 0.0,
  "151": 0.0,
  "152": 0.0,
  "153": 0.00017695043618282517,
  "154": 0.0,
  "155": 0.0,
  "156": 0.007573478668624898,
  "157": 0.0019287597543927928,
  "158": 0.0,
  "159": 0.1435421938315296,
  "160": 0.01212110487852349,
  "161": 0.0,
  "162": 0.0,
  "163": 0.0,
  "164": 0.0,
  "165": 0.001557163838408861,
  "166": 0.03385061844177563,
  "167": 0.0,
  "168": 0.0,
  "169": 0.0,
  "170": 0.03514235662591012,
  "171": 0.0,
  "172": 0.007962769628227112,
  "173": 0.003981384814113559,
  "174": 0.0002654256542742378,
  "175": 0.07538088581388554,
  "176": 0.0,
  "177": 0.003892909596022146,
  "178": 0.0,
  "179": 0.03172721320758194,
  "180": 0.0,
  "181": 0.0,
  "182": 0.027427317608338976,
  "183": 0.0,
  "184": 0.0,
  "185": 0.02824128961478005,
  "186": 0.0,
  "187": 0.0,
  "188": 0.005361598216339591,
  "189": 0.0,
  "190": 0.009042167288942343,
  "191": 0.0012032629660432119,
  "192": 0.004034469944968406,
  "193": 0.03165643303310882,
  "194": 0.0,
  "195": 0.0035567037672747793,
  "196": 0.0041229451630598185,
  "197": 0.003769044290694169,
  "198": 0.0,
  "199": 0.005963229699361194,
  "200": 0.0,
  "201": 0.0,
  "202": 0.0,
  "203": 0.0,
  "204": 0.052005733194131654,
  "205": 0.0,
  "206": 0.009502238423017687,
  "207": 0.0,
  "208": 0.004176030293914666,
  "209": 0.0,
  "210": 0.0,
  "211": 0.008352060587829327,
  "212": 0.0,
  "213": 0.006830286836657035,
  "214": 0.0,
  "215": 0.0,
  "216": 0.0,
  "217": 0.0,
  "218": 0.06264045440871842,
  "219": 0.0,
  "220": 0.0,
  "221": 0.04365367260630315,
  "222": 0.0,
  "223": 0.0,
  "224": 0.004370675773715773,
  "225": 0.0,
  "226": 0.0,
  "227": 0.05018314370144874,
  "228": 0.003769044290694169,
  "229": 0.0,
  "230": 0.0,
  "231": 0.0,
  "232": 0.0,
  "233": 0.0,
  "234": 0.0,
  "235": 0.0,
  "236": 0.0,
  "237": 0.0,
  "238": 0.0,
  "239": 0.0005839364394033234,
  "240": 0.0,
  "241": 0.0,
  "242": 0.10399377134465669,
  "243": 0.0,
  "244": 0.0,
  "245": 0.0,
  "246": 0.0,
  "247": 0.0,
  "248": 0.003963689770495276,
  "249": 0.0,
  "250": 0.008281280413356197,
  "251": 0.0,
  "252": 0.0,
  "253": 0.0,
  "254": 0.7405552704681677,
  "255": 0.0,
  "256": 0.0,
  "257": 0.0,
  "258": 0.0,
  "259": 0.0,
  "260": 3.5390087236565036e-05,
  "261": 0.0,
  "262": 0.0,
  "263": 0.0,
  "264": 0.0,
  "265": 0.0,
  "266": 0.004193725337532948,
  "267": 0.0,
  "268": 0.004016774901350124,
  "269": 0.0,
  "270": 0.0031320227204360003,
  "271": 0.0,
  "272": 0.0,
  "273": 0.0,
  "274": 0.0009909224426238223,
  "275": 0.0,
  "276": 0.007608868755861463,
  "277": 0.0,
  "278": 0.0,
  "279": 0.0,
  "280": 0.0,
  "281": 0.0,
  "282": 0.0,
  "283": 0.0,
  "284": 0.0,
  "285": 0.004140640206678101,
  "286": 0.0,
  "287": 0.0116079486135933,
  "288": 0.007715039017571158,
  "289": 0.0,
  "290": 0.0005839364394033234,
  "291": 0.0,
  "292": 0.008582096154866999,
  "293": 0.0,
  "294": 0.0038398244651672987,
  "295": 0.0,
  "296": 0.0,
  "297": 0.0,
  "298": 0.004193725337532948,
  "299": 0.004193725337532948,
  "300": 0.0020703201033390527,
  "301": 0.0,
  "302": 0.0,
  "303": 0.0,
  "304": 0.0,
  "305": 0.0,
  "306": 0.0,
  "307": 0.0,
  "308": 0.0,
  "309": 0.004176030293914666,
  "310": 0.0,
  "311": 0.0,
  "312": 0.0,
  "313": 0.010298515385840397,
  "314": 0.0,
  "315": 0.0,
  "316": 0.0,
  "317": 0.0,
  "318": 0.0,
  "319": 0.0,
  "320": 0.0,
  "321": 0.0038221294215490162,
  "322": 0.007201882752640967,
  "323": 0.0,
  "324": 0.0,
  "325": 0.0,
  "326": 0.0,
  "327": 1.7695043618282518e-05,
  "328": 0.004211420381151231,
  "329": 7.078017447313007e-05,
  "330": 0.07670801408525711,
  "331": 0.0,
  "332": 0.0,
  "333": 0.0,
  "334": 0.0,
  "335": 3.5390087236565036e-05,
  "336": 1.7695043618282518e-05,
  "337": 0.0,
  "338": 0.0,
  "339": 0.0,
  "340": 0.0035567037672747793,
  "341": 0.02719728204130128,
  "342": 0.004229115424769513,
  "343": 0.0,
  "344": 0.04945764691309923,
  "345": 0.008139720064409937,
  "346": 0.0,
  "347": 0.008387450675065891,
  "348": 0.0,
  "349": 0.007555783625006616,
  "350": 0.0,
  "351": 0.0,
  "352": 0.0,
  "353": 0.0,
  "354": 3.5390087236565036e-05,
  "355": 0.00012386530532797763,
  "356": 0.0,
  "357": 0.0,
  "358": 0.0,
  "359": 0.0,
  "360": 0.0,
  "361": 0.004299895599242643,
  "362": 0.0,
  "363": 0.0,
  "364": 0.0,
  "365": 0.0,
  "366": 0.0,
  "367": 0.0,
  "368": 0.0,
  "369": 0.0,
  "370": 0.0,
  "371": 0.004459150991807185,
  "372": 0.0,