{
  "0": 0.0,
  "1": 0.1816475732627814,
  "2": 0.11986284708659753,
  "3": 0.1895019211497736,
  "4": 0.08083226616515815,
  "5": 0.06816577668867907,
  "6": 0.26486893237871995,
  "7": 0.2750299051676733,
  "8": 0.1048528320857138,
  "9": 0.020235771655113977,
  "10": 0.11561118187683345,
  "11": 0.10308061397536464,
  "12": 0.07302739910745755,
  "13": 0.06391725406004435,
  "14": 0.25609066563969485,
  "15": 0.05704191901815488,
  "16": 0.016878358540935157,
  "17": 0.043414610067199357,
  "18": 0.04622252607094693,
  "19": 0.01678058276202345,
  "20": 0.05664220839255937,
  "21": 0.17284080588231893,
  "22": 0.024855108974683,
  "23": 0.0542790763242533,
  "24": 0.011541564020134064,
  "25": 0.010706902378039564,
  "26": 0.010401133187084723,
  "27": 0.0026615191583060915,
  "28": 0.020678717477064717,
  "29": 0.008854350802279715,
  "30": 0.007726272882474729,
  "31": 0.005680284567638895,
  "32": 0.025925108437578333,
  "33": 0.04434971571746634,
  "34": 0.03960713585304105,
  "35": 0.003253796877885177,
  "36": 0.0015933182795791372,
  "37": 0.06468940007879183,
  "38": 0.0056974501758832495,
  "39": 0.001362565860174608,
  "40": 0.0017271645651643598,
  "41": 0.003990336859497125,
  "42": 0.003875899471201431,
  "43": 0.0022987783314682903,
  "44": 0.00317529164363466,
  "45": 0.003958911048203489,
  "46": 0.00025433166020535187,
  "47": 0.00020587859329569846,
  "48": 0.001807507912905637,
  "49": 0.0540718833809884,
  "50": 0.0010715905181212049,
  "51": 0.0004789965639630636,
  "52": 0.016057690278963862,
  "53": 0.0004516620375359575,
  "54": 0.002476897458121277,
  "55": 0.0024919581299487933,
  "56": 0.4330129135872707,
  "57": 0.0004121722444764072,
  "58": 0.0021066559423615046,
  "59": 0.006229564266797034,
  "60": 1.0534564414784935e-05,
  "61": 0.0009990937408727411,
  "62": 0.0006812186949384333,
  "63": 0.00024651473670432475,
  "64": 0.0006493284141068095,
  "65": 0.00028306947757701656,
  "66": 0.00015129848141684556,
  "67": 0.0003543803751540223,
  "68": 0.0001963520266016528,
  "69": 0.0004446455828131645,
  "70": 3.0052167340863967e-05,
  "71": 2.05848946303912e-05,
  "72": 0.011080326004251082,
  "73": 0.00409938837761828,
  "74": 2.031807170431316e-05,
  "75": 0.0013913333245380592,
  "76": 0.00013583263403491456,
  "77": 8.013581879877207e-05,
  "78": 0.0002823777144353328,
  "79": 4.279049147844162e-06,
  "80": 0.0,
  "81": 0.000599195350995924,
  "82": 1.1769855739220316e-05,
  "83": 0.0024365577846305153,
  "84": 2.362865245379998e-05,
  "85": 0.0001378585118069886,
  "86": 0.0001300415883059615,
  "87": 0.0002931692194456003,
  "88": 0.00025348177977414034,
  "89": 0.0007604947509753984,
  "90": 0.0004517608608419123,
  "91": 3.7750502874745263e-06,
  "92": 4.624930718686069e-06,
  "93": 7.329724602669781e-05,
  "94": 0.0006656243772587611,
  "95": 0.0002892953458521709,
  "96": 0.0010263887379774654,
  "97": 7.205207237166695e-05,
  "98": 0.0,
  "99": 1.17797380698158e-05,
  "100": 0.00793300135620164,
  "101": 7.846570492813545e-06,
  "102": 0.0,
  "103": 4.2889314784396454e-06,
  "104": 8.46718085420988e-05,
  "105": 4.9461064630392685e-05,
  "106": 6.145821397330912e-05,
  "107": 6.789161119096858e-05,
  "108": 6.145821397330912e-05,
  "109": 0.08116107106873106,
  "110": 2.5101119712526956e-06,
  "111": 0.0009358369427310542,
  "112": 4.5458720739222044e-07,
  "113": 0.0010872935414374275,
  "114": 9.54633135523663e-05,
  "115": 0.05768102910242596,
  "116": 2.207712655030914e-05,
  "117": 0.0,
  "118": 8.597627618070257e-07,
  "119": 0.0005502580498870919,
  "120": 0.0007096600423922336,
  "121": 2.885640533881052e-06,
  "122": 0.033958247449704,
  "123": 0.0,
  "124": 3.494392098562808e-05,
  "125": 3.3530747710474e-05,
  "126": 1.9468191273101616e-06,
  "127": 0.00020236048360370649,
  "128": 0.0,
  "129": 8.894097535934748e-07,
  "130": 0.0,
  "131": 0.0,
  "132": 3.2275691724847654e-05,
  "133": 8.004687782341274e-07,
  "134": 0.0,
  "135": 0.0,
  "136": 5.5143404722795436e-05,
  "137": 0.0,
  "138": 0.0009057254814066174,
  "139": 0.0,
  "140": 0.0,
  "141": 0.0005646862525564972,
  "142": 0.0,
  "143": 0.00010835975497947168,
  "144": 0.00012610842072895923,
  "145": 5.306811529774399e-06,
  "146": 0.0002832374771971398,
  "147": 0.0,
  "148": 0.0004551900295585449,
  "149": 0.04761387916014618,
  "150": 0.0,
  "151": 0.0,
  "152": 0.0,
  "153": 6.805961081109179e-05,
  "154": 4.041873213552569e-06,
  "155": 0.0,
  "156": 0.0001961642623203386,
  "157": 0.00033510983049283037,
  "158": 0.0,
  "159": 0.00019462261874744326,
  "160": 0.0009122379372690407,
  "161": 0.0,
  "162": 0.0,
  "163": 0.0,
  "164": 0.0,
  "165": 0.0001103955150821412,
  "166": 0.0031271053996510846,
  "167": 4.279049147844162e-06,
  "168": 0.0,
  "169": 0.0,
  "170": 0.08345481929392626,
  "171": 8.975132646817709e-05,
  "172": 0.00026157540853184095,
  "173": 8.676686262834121e-06,
  "174": 0.0,
  "175": 0.0,
  "176": 0.0,
  "177": 1.5021142505134242e-06,
  "178": 0.0,
  "179": 0.003780989568162412,
  "180": 0.0,
  "181": 0.00016468903937372507,
  "182": 1.058397606776235e-05,
  "183": 8.509674875770457e-05,
  "184": 0.0,
  "185": 0.07205987941283737,
  "186": 0.0,
  "187": 9.379319968172966e-05,
  "188": 8.399981006160595e-05,
  "189": 0.0,
  "190": 0.0007192755500616386,
  "191": 0.0002130334006468282,
  "192": 5.875045539014675e-05,
  "193": 0.07239603677037333,
  "194": 0.00025516177597537245,
  "195": 0.00011387409545175123,
  "196": 0.005402610842567012,
  "197": 4.36799012320351e-06,
  "198": 0.0,
  "199": 0.005635715256653267,
  "200": 0.0,
  "201": 0.0,
  "202": 0.0,
  "203": 0.0,
  "204": 0.0,
  "205": 0.0,
  "206": 4.77020097843967e-05,
  "207": 0.0,
  "208": 0.004518853782074154,
  "209": 0.00016481750967146637,
  "210": 7.348501030801199e-05,
  "211": 1.5357141745380667e-05,
  "212": 3.6070506673513146e-06,
  "213": 0.00013157334954826138,
  "214": 0.0,
  "215": 0.0,
  "216": 0.0,
  "217": 0.00022588043042095615,
  "218": 0.00042461409869612037,
  "219": 0.0,
  "220": 0.0,
  "221": 0.0,
  "222": 0.0,
  "223": 1.1335033193019062e-05,
  "224": 0.00032805384644765543,
  "225": 8.291275369610282e-06,
  "226": 0.0,
  "227": 0.00015584435349076775,
  "228": 0.0005080209689219973,
  "229": 0.0,
  "230": 0.022430666927362546,
  "231": 0.000667403196765948,
  "232": 0.0,
  "233": 0.0,
  "234": 0.0,
  "235": 0.0,
  "236": 0.0,
  "237": 0.0,
  "238": 2.6356175698153305e-05,
  "239": 0.0,
  "240": 0.0,
  "241": 0.0,
  "242": 0.0047921397523616426,
  "243": 9.506802032854698e-06,
  "244": 0.0,
  "245": 0.0,
  "246": 0.0,
  "247": 0.0,
  "248": 7.984923121150308e-06,
  "249": 0.0,
  "250": 0.0018343779697947555,
  "251": 0.0,
  "252": 0.0,
  "253": 0.0,
  "254": 0.025044148076643995,
  "255": 0.0,
  "256": 0.0,
  "257": 7.915746806981926e-06,
  "258": 0.0,
  "259": 0.0,
  "260": 0.00036121894792609657,
  "261": 0.0,
  "262": 0.0,
  "263": 0.0,
  "264": 0.0,
  "265": 0.0,
  "266": 0.0001008887130492865,
  "267": 4.826530262833923e-05,
  "268": 3.0506754548256185e-05,
  "269": 0.0,
  "270": 4.506342751540272e-05,
  "271": 0.0035246616771767722,
  "272": 0.0,
  "273": 0.0,
  "274": 1.65627860780296e-05,
  "275": 8.185534432238614e-05,
  "276": 0.00032548444049282984,
  "277": 0.0,
  "278": 0.0,
  "279": 0.0,
  "280": 0.0,
  "281": 0.0,
  "282": 6.632032062628677e-05,
  "283": 0.0,
  "284": 0.0,
  "285": 0.00805554225558563,
  "286": 0.0,
  "287": 0.024088813295648055,
  "288": 0.00016015304963039835,
  "289": 0.0,
  "290": 0.0,
  "291": 0.0,
  "292": 0.016071752835401236,
  "293": 0.0,
  "294": 1.7096431930185683e-05,
  "295": 0.0,
  "296": 0.0,
  "297": 0.0,
  "298": 0.008053447201499387,
  "299": 0.0,
  "300": 0.0123030667688302,
  "301": 0.0,
  "302": 0.0,
  "303": 0.0,
  "304": 0.0,
  "305": 0.0,
  "306": 0.0,
  "307": 0.0,
  "308": 0.0,
  "309": 0.0,
  "310": 0.0,
  "311": 0.0,
  "312": 0.0,
  "313": 0.00793846628502094,
  "314": 0.00012411218994867168,
  "315": 0.0,
  "316": 0.0,
  "317": 0.0,
  "318": 0.0,
  "319": 0.0,