{
  "0": 0.0,
  "1": 0.08025751384353344,
  "2": 0.014917311581030424,
  "3": 0.12282685914369262,
  "4": 0.051099083556566845,
  "5": 0.029596781653145516,
  "6": 0.09303258324699235,
  "7": 0.2722266808483241,
  "8": 0.08045662557732966,
  "9": 0.008553081493758977,
  "10": 0.04616653927056614,
  "11": 0.11770765774714437,
  "12": 0.02371370629954794,
  "13": 0.03071828728370052,
  "14": 0.09778761164828537,
  "15": 0.020753072187954164,
  "16": 0.013495084806990446,
  "17": 0.03679489935136252,
  "18": 0.004935032327155184,
  "19": 0.08003409772270728,
  "20": 0.028662041245075136,
  "21": 0.06983414332247644,
  "22": 0.14385357245670266,
  "23": 0.007646475581119606,
  "24": 0.0,
  "25": 3.3603584936091185e-05,
  "26": 0.01696296421666057,
  "27": 0.05506382188921176,
  "28": 0.01668882758418025,
  "29": 0.0,
  "30": 0.0010636443753070316,
  "31": 0.019780852023907853,
  "32": 0.008592575817808853,
  "33": 0.05091411731806071,
  "34": 0.01945466167643623,
  "35": 0.0039055028507724455,
  "36": 0.0058266935216496046,
  "37": 0.04065819792033813,
  "38": 0.03442886809469226,
  "39": 0.003781361710182112,
  "40": 0.003631690369914591,
  "41": 0.008079144417511307,
  "42": 0.004003859257454977,
  "43": 0.1114404876800662,
  "44": 0.2769138037421807,
  "45": 0.043014339927582294,
  "46": 0.0,
  "47": 0.0,
  "48": 0.0,
  "49": 0.03678711990832762,
  "50": 0.003454911565851845,
  "51": 0.07551393205032533,
  "52": 0.01174314999224762,
  "53": 0.12471036748706946,
  "54": 0.003978486277609882,
  "55": 0.004265981830900784,
  "56": 0.10591817540529871,
  "57": 0.0,
  "58": 0.0052268893461348866,
  "59": 0.004478964840072468,
  "60": 0.0,
  "61": 0.008181989350238119,
  "62": 0.016178035309395395,
  "63": 0.16420875484694844,
  "64": 0.0,
  "65": 0.0,
  "66": 0.0,
  "67": 0.0,
  "68": 0.0,
  "69": 0.1426875042664937,
  "70": 0.0,
  "71": 0.0,
  "72": 0.0983788937874518,
  "73": 0.04728946516615004,
  "74": 0.0,
  "75": 0.025036680314621886,
  "76": 0.0008492386859684492,
  "77": 0.0002011639001969746,
  "78": 0.0,
  "79": 0.08491723918711895,
  "80": 0.0,
  "81": 0.014365523755716465,
  "82": 0.003998878481463788,
  "83": 0.012159420014585531,
  "84": 0.0,
  "85": 0.0,
  "86": 0.0,
  "87": 0.007964810405846384,
  "88": 0.004033094600938117,
  "89": 0.03142557532934426,
  "90": 0.0,
  "91": 0.04711059920161866,
  "92": 0.0,
  "93": 0.0,
  "94": 0.009104498441927287,
  "95": 0.004833603302813271,
  "96": 0.043703519978147365,
  "97": 0.011990485167936835,
  "98": 0.0,
  "99": 0.0,
  "100": 0.00408250008925305,
  "101": 0.007974817490551392,
  "102": 0.0,
  "103": 0.00021515097417637008,
  "104": 0.006255388333587271,
  "105": 0.0,
  "106": 0.07212105244311709,
  "107": 0.016385478116872448,
  "108": 0.0,
  "109": 0.1399538473350953,
  "110": 0.005002057473817148,
  "111": 0.0,
  "112": 0.0,
  "113": 0.0,
  "114": 0.0,
  "115": 0.023913900273472705,
  "116": 0.0,
  "117": 0.0,
  "118": 0.0,
  "119": 0.0,
  "120": 0.015832566471325492,
  "121": 0.0,
  "122": 0.05906222662352428,
  "123": 0.0,
  "124": 0.0,
  "125": 0.3122446506183293,
  "126": 0.0,
  "127": 0.003451709438491229,
  "128": 0.035417519035606054,
  "129": 0.0,
  "130": 0.0,
  "131": 0.0,
  "132": 0.003994952709457731,
  "133": 0.0,
  "134": 0.0,
  "135": 0.0,
  "136": 0.0,
  "137": 2.6640936960856184e-05,
  "138": 0.0,
  "139": 0.0,
  "140": 0.004770769256851435,
  "141": 0.0970171172988255,
  "142": 0.0,
  "143": 0.027647168937233135,
  "144": 0.0,
  "145": 0.0,
  "146": 0.0,
  "147": 0.0,
  "148": 0.028085616400664492,
  "149": 0.04685495692578292,
  "150": 0.0,
  "151": 0.0,
  "152": 0.0,
  "153": 0.00017867448322085401,
  "154": 0.0,
  "155": 0.0,
  "156": 0.007972228312369154,
  "157": 0.0019557929217437903,
  "158": 0.0,
  "159": 0.14628698957610595,
  "160": 0.012499088923873174,
  "161": 0.0,
  "162": 0.0,
  "163": 0.0,
  "164": 0.0,
  "165": 0.0017168987149016263,
  "166": 0.034424619374538876,
  "167": 0.0,
  "168": 0.0,
  "169": 0.0,
  "170": 0.03518531104770524,
  "171": 0.0,
  "172": 0.008542110816534883,
  "173": 0.004141805749856538,
  "174": 0.00027263220514647335,
  "175": 0.07743358697256138,
  "176": 0.0,
  "177": 0.003986917474805778,
  "178": 0.0,
  "179": 0.0336322843501292,
  "180": 0.0,
  "181": 0.0,
  "182": 0.02815749444347676,
  "183": 0.0,
  "184": 0.0,
  "185": 0.02771155224228001,
  "186": 0.0,
  "187": 0.0,
  "188": 0.005451102666991259,
  "189": 0.0,
  "190": 0.008098110019735294,
  "191": 0.00132745242046708,
  "192": 0.00399492965108148,
  "193": 0.030615598909729282,
  "194": 0.0,
  "195": 0.003954970509130079,
  "196": 0.004556396525779311,
  "197": 0.0040585004064121605,
  "198": 0.0,
  "199": 0.006972573614193834,
  "200": 0.0,
  "201": 0.0,
  "202": 0.0,
  "203": 0.0,
  "204": 0.04930549066184701,
  "205": 0.0,
  "206": 0.009908194068628785,
  "207": 0.0,
  "208": 0.0035987319235299695,
  "209": 0.0,
  "210": 0.0,
  "211": 0.008574397644979323,
  "212": 0.0,
  "213": 0.008065105383470134,
  "214": 0.0,
  "215": 0.0,
  "216": 0.0,
  "217": 0.0,
  "218": 0.06480478190899167,
  "219": 0.0,
  "220": 0.0,
  "221": 0.04399524558474388,
  "222": 0.0,
  "223": 0.0,
  "224": 0.003608585464254563,
  "225": 0.0,
  "226": 0.0,
  "227": 0.0497239370764323,
  "228": 0.003995413135852118,
  "229": 0.0,
  "230": 0.0,
  "231": 0.0,
  "232": 0.0,
  "233": 0.0,
  "234": 0.0,
  "235": 0.0,
  "236": 0.0,
  "237": 0.0,
  "238": 0.0,
  "239": 0.0007722803265357388,
  "240": 0.0,
  "241": 0.0,
  "242": 0.1075772832228126,
  "243": 0.0,
  "244": 0.0,
  "245": 0.0,
  "246": 0.0,
  "247": 0.0,
  "248": 0.003988628570544556,
  "249": 0.0,
  "250": 0.007171952197868432,
  "251": 0.0,
  "252": 0.0,
  "253": 0.0,
  "254": 0.7426747133090567,
  "255": 0.0,
  "256": 0.0,
  "257": 0.0,
  "258": 0.0,
  "259": 0.0,
  "260": 6.0279129169441924e-05,
  "261": 0.0,
  "262": 0.0,
  "263": 0.0,
  "264": 0.0,
  "265": 0.0,
  "266": 0.0038688828924322975,
  "267": 0.0,
  "268": 0.004239118027334033,
  "269": 0.0,
  "270": 0.0039370699494807124,
  "271": 0.0,
  "272": 0.0,
  "273": 0.0,
  "274": 0.0008480335853024838,
  "275": 0.0,
  "276": 0.007676490043434271,
  "277": 0.0,
  "278": 0.0,
  "279": 0.0,
  "280": 0.0,
  "281": 0.0,
  "282": 0.0,
  "283": 0.0,
  "284": 0.0,
  "285": 0.004389188928404004,
  "286": 0.0,
  "287": 0.01191380453479905,
  "288": 0.00828763573191092,
  "289": 0.0,
  "290": 0.0005541024887234613,
  "291": 0.0,
  "292": 0.007960329914127347,
  "293": 0.0,
  "294": 0.004105974194181509,
  "295": 0.0,
  "296": 0.0,
  "297": 0.0,
  "298": 0.00399364830809415,
  "299": 0.003990034975066321,
  "300": 0.0019414860059686577,
  "301": 0.0,
  "302": 0.0,
  "303": 0.0,
  "304": 0.0,
  "305": 0.0,
  "306": 0.0,
  "307": 0.0,
  "308": 0.0,
  "309": 0.004064456811998398,
  "310": 0.0,
  "311": 0.0,
  "312": 0.0,
  "313": 0.011124084118928675,
  "314": 0.0,
  "315": 0.0,
  "316": 0.0,
  "317": 0.0,
  "318": 0.0,
  "319": 0.0,
  "320": 0.0,
  "321": 0.0040218610453412115,
  "322": 0.008011167643923404,
  "323": 0.0,
  "324": 0.0,
  "325": 0.0,
  "326": 0.0,
  "327": 1.4807392642871332e-05,
  "328": 0.004286668628119513,
  "329": 6.630667797498338e-05,
  "330": 0.07602736831547847,
  "331": 0.0,
  "332": 1.2362244896645043e-05,
  "333": 0.0,
  "334": 0.0,
  "335": 5.383970683179001e-06,
  "336": 9.115469054209185e-06,
  "337": 0.0,
  "338": 0.0,
  "339": 0.0,
  "340": 0.004095927907339553,
  "341": 0.027884931452189215,
  "342": 0.003856603504931737,
  "343": 0.0,
  "344": 0.0497239370764323,
  "345": 0.00805593129915053,
  "346": 0.0,
  "347": 0.00705782789962185,
  "348": 0.0,
  "349": 0.007418252371788573,
  "350": 0.0,
  "351": 0.0,
  "352": 0.0,
  "353": 0.0,
  "354": 2.4426591169093075e-05,
  "355": 0.00023821732759718922,
  "356": 0.0,
  "357": 0.0,
  "358": 0.0,
  "359": 0.0,
  "360": 0.0,
  "361": 0.00405936079254373,
  "362": 8.625308088647143e-06,
  "363": 0.0,
  "364": 0.0,
  "365": 0.0,
  "366": 0.0,
  "367": 0.0,
  "368": 0.0,
  "369": 0.0,
  "370": 0.0,