{
  "0": 0.0,
  "1": 0.06467661691542292,
  "2": 0.010945273631840793,
  "3": 0.13432835820895533,
  "4": 0.054726368159204015,
  "5": 0.029850746268656726,
  "6": 0.07761194029850751,
  "7": 0.25572139303482594,
  "8": 0.07661691542288562,
  "9": 0.006965174129353234,
  "10": 0.05771144278606969,
  "11": 0.10945273631840804,
  "12": 0.021890547263681594,
  "13": 0.030845771144278618,
  "14": 0.10447761194029859,
  "15": 0.01990049751243781,
  "16": 0.011940298507462683,
  "17": 0.041791044776119425,
  "18": 0.006965174129353234,
  "19": 0.07164179104477617,
  "20": 0.0328358208955224,
  "21": 0.05771144278606969,
  "22": 0.15522388059701506,
  "23": 0.008955223880597014,
  "24": 0.0,
  "25": 0.0,
  "26": 0.011940298507462683,
  "27": 0.041791044776119425,
  "28": 0.012935323383084573,
  "29": 0.0,
  "30": 0.001990049751243781,
  "31": 0.022885572139303485,
  "32": 0.004975124378109453,
  "33": 0.04577114427860699,
  "34": 0.01890547263681592,
  "35": 0.001990049751243781,
  "36": 0.005970149253731343,
  "37": 0.03184079601990051,
  "38": 0.03781094527363186,
  "39": 0.001990049751243781,
  "40": 0.005970149253731343,
  "41": 0.008955223880597014,
  "42": 0.005970149253731343,
  "43": 0.09253731343283589,
  "44": 0.27761194029850694,
  "45": 0.05074626865671645,
  "46": 0.0,
  "47": 0.0,
  "48": 0.0,
  "49": 0.040796019900497534,
  "50": 0.003980099502487562,
  "51": 0.06268656716417914,
  "52": 0.008955223880597014,
  "53": 0.1034825870646767,
  "54": 0.004975124378109453,
  "55": 0.0029850746268656712,
  "56": 0.10547263681592048,
  "57": 0.0,
  "58": 0.0029850746268656712,
  "59": 0.0029850746268656712,
  "60": 0.0,
  "61": 0.004975124378109453,
  "62": 0.01990049751243781,
  "63": 0.15920398009950262,
  "64": 0.0,
  "65": 0.0,
  "66": 0.0,
  "67": 0.0,
  "68": 0.0,
  "69": 0.15223880597014938,
  "70": 0.0,
  "71": 0.0,
  "72": 0.08159203980099508,
  "73": 0.04676616915422888,
  "74": 0.0,
  "75": 0.020895522388059702,
  "76": 0.001990049751243781,
  "77": 0.0,
  "78": 0.0,
  "79": 0.07363184079601995,
  "80": 0.0,
  "81": 0.015920398009950244,
  "82": 0.004975124378109453,
  "83": 0.009950248756218904,
  "84": 0.0,
  "85": 0.0,
  "86": 0.0,
  "87": 0.014925373134328353,
  "88": 0.004975124378109453,
  "89": 0.027860696517412943,
  "90": 0.0,
  "91": 0.05870646766169158,
  "92": 0.0,
  "93": 0.0,
  "94": 0.008955223880597014,
  "95": 0.003980099502487562,
  "96": 0.05572139303482591,
  "97": 0.017910447761194027,
  "98": 0.0,
  "99": 0.0,
  "100": 0.006965174129353234,
  "101": 0.006965174129353234,
  "102": 0.0,
  "103": 0.0,
  "104": 0.0029850746268656712,
  "105": 0.0,
  "106": 0.05970149253731347,
  "107": 0.012935323383084573,
  "108": 0.0,
  "109": 0.13432835820895533,
  "110": 0.0029850746268656712,
  "111": 0.0,
  "112": 0.0,
  "113": 0.0,
  "114": 0.0,
  "115": 0.02686567164179105,
  "116": 0.0,
  "117": 0.0,
  "118": 0.0,
  "119": 0.0,
  "120": 0.016915422885572136,
  "121": 0.0,
  "122": 0.06368159203980103,
  "123": 0.0,
  "124": 0.0,
  "125": 0.2865671641791037,
  "126": 0.0,
  "127": 0.0029850746268656712,
  "128": 0.03980099502487564,
  "129": 0.0,
  "130": 0.0,
  "131": 0.0,
  "132": 0.005970149253731343,
  "133": 0.0,
  "134": 0.0,
  "135": 0.0,
  "136": 0.0,
  "137": 0.0,
  "138": 0.0,
  "139": 0.0,
  "140": 0.0029850746268656712,
  "141": 0.11940298507462696,
  "142": 0.0,
  "143": 0.02686567164179105,
  "144": 0.0,
  "145": 0.0,
  "146": 0.0,
  "147": 0.0,
  "148": 0.0328358208955224,
  "149": 0.05870646766169158,
  "150": 0.0,
  "151": 0.0,
  "152": 0.0,
  "153": 0.0,
  "154": 0.0,
  "155": 0.0,
  "156": 0.006965174129353234,
  "157": 0.001990049751243781,
  "158": 0.0,
  "159": 0.12437810945273642,
  "160": 0.013930348258706463,
  "161": 0.0,
  "162": 0.0,
  "163": 0.0,
  "164": 0.0,
  "165": 0.0009950248756218905,
  "166": 0.0328358208955224,
  "167": 0.0,
  "168": 0.0,
  "169": 0.0,
  "170": 0.029850746268656726,
  "171": 0.0,
  "172": 0.003980099502487562,
  "173": 0.005970149253731343,
  "174": 0.0,
  "175": 0.05970149253731347,
  "176": 0.0,
  "177": 0.008955223880597014,
  "178": 0.0,
  "179": 0.034825870646766184,
  "180": 0.0,
  "181": 0.0,
  "182": 0.02587064676616916,
  "183": 0.0,
  "184": 0.0,
  "185": 0.020895522388059702,
  "186": 0.0,
  "187": 0.0,
  "188": 0.005970149253731343,
  "189": 0.0,
  "190": 0.005970149253731343,
  "191": 0.0,
  "192": 0.004975124378109453,
  "193": 0.029850746268656726,
  "194": 0.0,
  "195": 0.0029850746268656712,
  "196": 0.005970149253731343,
  "197": 0.004975124378109453,
  "198": 0.0,
  "199": 0.005970149253731343,
  "200": 0.0,
  "201": 0.0,
  "202": 0.0,
  "203": 0.0,
  "204": 0.060696517412935365,
  "205": 0.0,
  "206": 0.014925373134328353,
  "207": 0.0,
  "208": 0.001990049751243781,
  "209": 0.0,
  "210": 0.0,
  "211": 0.012935323383084573,
  "212": 0.0,
  "213": 0.005970149253731343,
  "214": 0.0,
  "215": 0.0,
  "216": 0.0,
  "217": 0.0,
  "218": 0.0676616915422886,
  "219": 0.0,
  "220": 0.0,
  "221": 0.04378109452736321,
  "222": 0.0,
  "223": 0.0,
  "224": 0.004975124378109453,
  "225": 0.0,
  "226": 0.0,
  "227": 0.041791044776119425,
  "228": 0.001990049751243781,
  "229": 0.0,
  "230": 0.0,
  "231": 0.0,
  "232": 0.0,
  "233": 0.0,
  "234": 0.0,
  "235": 0.0,
  "236": 0.0,
  "237": 0.0,
  "238": 0.0,
  "239": 0.0,
  "240": 0.0,
  "241": 0.0,
  "242": 0.12835820895522398,
  "243": 0.0,
  "244": 0.0,
  "245": 0.0,
  "246": 0.0,
  "247": 0.0,
  "248": 0.0029850746268656712,
  "249": 0.0,
  "250": 0.005970149253731343,
  "251": 0.0,
  "252": 0.0,
  "253": 0.0,
  "254": 0.7094527363183959,
  "255": 0.0,
  "256": 0.0,
  "257": 0.0,
  "258": 0.0,
  "259": 0.0,
  "260": 0.0,
  "261": 0.0,
  "262": 0.0,
  "263": 0.0,
  "264": 0.0,
  "265": 0.0,
  "266": 0.001990049751243781,
  "267": 0.0,
  "268": 0.003980099502487562,
  "269": 0.0,
  "270": 0.001990049751243781,
  "271": 0.0,
  "272": 0.0,
  "273": 0.0,
  "274": 0.0009950248756218905,
  "275": 0.0,
  "276": 0.010945273631840793,
  "277": 0.0,
  "278": 0.0,
  "279": 0.0,
  "280": 0.0,
  "281": 0.0,
  "282": 0.0,
  "283": 0.0,
  "284": 0.0,
  "285": 0.006965174129353234,
  "286": 0.0,
  "287": 0.014925373134328353,
  "288": 0.006965174129353234,
  "289": 0.0,
  "290": 0.0009950248756218905,
  "291": 0.0,
  "292": 0.006965174129353234,
  "293": 0.0,
  "294": 0.005970149253731343,
  "295": 0.0,
  "296": 0.0,
  "297": 0.0,
  "298": 0.0009950248756218905,
  "299": 0.003980099502487562,
  "300": 0.001990049751243781,
  "301": 0.0,
  "302": 0.0,
  "303": 0.0,
  "304": 0.0,
  "305": 0.0,
  "306": 0.0,
  "307": 0.0,
  "308": 0.0,
  "309": 0.001990049751243781,
  "310": 0.0,
  "311": 0.0,
  "312": 0.0,
  "313": 0.009950248756218904,
  "314": 0.0,
  "315": 0.0,
  "316": 0.0,
  "317": 0.0,
  "318": 0.0,
  "319": 0.0,
  "320": 0.0,
  "321": 0.0029850746268656712,
  "322": 0.010945273631840793,
  "323": 0.0,
  "324": 0.0,
  "325": 0.0,
  "326": 0.0,
  "327": 0.0,
  "328": 0.001990049751243781,
  "329": 0.0,
  "330": 0.06965174129353238,
  "331": 0.0,
  "332": 0.0,
  "333": 0.0,
  "334": 0.0,
  "335": 0.0,
  "336": 0.0,
  "337": 0.0,
  "338": 0.0,
  "339": 0.0,
  "340": 0.004975124378109453,
  "341": 0.028855721393034835,
  "342": 0.003980099502487562,
  "343": 0.0,
  "344": 0.06368159203980103,
  "345": 0.005970149253731343,
  "346": 0.0,
  "347": 0.007960199004975124,
  "348": 0.0,
  "349": 0.006965174129353234,
  "350": 0.0,
  "351": 0.0,
  "352": 0.0,
  "353": 0.0,
  "354": 0.0,
  "355": 0.0,
  "356": 0.0,
  "357": 0.0,
  "358": 0.0,
  "359": 0.0,
  "360": 0.0,
  "361": 0.010945273631840793,
  "362": 0.0,
  "363": 0.0,
  "364": 0.0,
  "365": 0.0,
  "366": 0.0,
  "367": 0.0,
  "368": 0.0,
  "369": 0.0,
  "370": 0.0,
  "371": 0.004975124378109453,
  "372": 0.0,
  "373": 0.0,
  "374": 0.0,
  "375": 0.0,
  "376": 0.0,
  "377": 0.006965174129353234,
  "378": 0.0,
  "379": 0.0,
  "380": 0.0,
  "381": 0.0029850746268656712,
  "382": 0.0,
  "383": 0.0,
  "384": 0.0,
  "385": 0.0,
  "386": 0.0,
  "387": 0.0,
  "388": 0.0,
  "389": 0.0,