{
  "0": 0.0,
  "1": 0.1823479986384664,
  "2": 0.12045511043141167,
  "3": 0.19034535412948894,
  "4": 0.0811643631281416,
  "5": 0.0684646814063673,
  "6": 0.26606422327101725,
  "7": 0.2762128173296031,
  "8": 0.10530348611734187,
  "9": 0.020298001984662573,
  "10": 0.1161639874148868,
  "11": 0.10352784072575846,
  "12": 0.07331183602421941,
  "13": 0.06419195713197152,
  "14": 0.25737378623004514,
  "15": 0.05730276895331944,
  "16": 0.016983706746411805,
  "17": 0.04361407812508839,
  "18": 0.04642158741625303,
  "19": 0.016839558805902155,
  "20": 0.056913700266425525,
  "21": 0.17363953643388563,
  "22": 0.024951843060304006,
  "23": 0.0545061468076061,
  "24": 0.011563469336194732,
  "25": 0.010759074729259641,
  "26": 0.010432780575880896,
  "27": 0.0026601058806916154,
  "28": 0.02077135265417399,
  "29": 0.008901749062611439,
  "30": 0.007757411344213434,
  "31": 0.005725237587933712,
  "32": 0.025988523454380245,
  "33": 0.04456322106658375,
  "34": 0.0397836574767418,
  "35": 0.0032632083755877324,
  "36": 0.0015831857431336002,
  "37": 0.0649659984841251,
  "38": 0.0057214484343697785,
  "39": 0.0013677243314999168,
  "40": 0.0017237846876995643,
  "41": 0.003999998612422639,
  "42": 0.0038773180947452766,
  "43": 0.0023033784199912753,
  "44": 0.0031867715418983787,
  "45": 0.003989778571472029,
  "46": 0.0002548072350845307,
  "47": 0.00020824334093618992,
  "48": 0.0018131900328823814,
  "49": 0.054315715156838404,
  "50": 0.0010790548719602315,
  "51": 0.0004829703164114005,
  "52": 0.01612504985939038,
  "53": 0.000456646372814072,
  "54": 0.002500080853065484,
  "55": 0.0025105143674563155,
  "56": 0.4347964322610883,
  "57": 0.00041349805370927714,
  "58": 0.0021182302368690617,
  "59": 0.006275398669654868,
  "60": 1.0553593200956318e-05,
  "61": 0.001001990960040227,
  "62": 0.0006847160595108449,
  "63": 0.00024928360981879625,
  "64": 0.0006519612285268401,
  "65": 0.0002854940421163885,
  "66": 0.00015016522310589553,
  "67": 0.0003569943025006172,
  "68": 0.00019708935368461028,
  "69": 0.0004448519652418275,
  "70": 3.176751632297976e-05,
  "71": 2.0786976241580207e-05,
  "72": 0.011110438669774413,
  "73": 0.00414121129312924,
  "74": 2.189436971272986e-05,
  "75": 0.0013869102569398347,
  "76": 0.0001329139007179859,
  "77": 8.273430017589144e-05,
  "78": 0.000283652833694477,
  "79": 4.242784624404689e-06,
  "80": 0.0,
  "81": 0.0006114012748847323,
  "82": 1.0980540081399558e-05,
  "83": 0.002437666555980688,
  "84": 2.4162525015084565e-05,
  "85": 0.0001351820560203406,
  "86": 0.00013231350666736258,
  "87": 0.00029696823952830056,
  "88": 0.0002543135777540182,
  "89": 0.0007668099393660714,
  "90": 0.000455298821722673,
  "91": 3.9092323740584085e-06,
  "92": 4.096021634252326e-06,
  "93": 7.371504732652801e-05,
  "94": 0.0006714006536770213,
  "95": 0.000293072349244256,
  "96": 0.0010364936048160463,
  "97": 7.35816264263895e-05,
  "98": 0.0,
  "99": 1.0860461271274897e-05,
  "100": 0.007962319162646161,
  "101": 8.632332238961741e-06,
  "102": 0.0,
  "103": 4.46960015464016e-06,
  "104": 8.305451033622388e-05,
  "105": 5.135370446331336e-05,
  "106": 6.156040332390955e-05,
  "107": 6.87651319313892e-05,
  "108": 6.10267197233555e-05,
  "109": 0.08151511333251572,
  "110": 2.935259803047269e-06,
  "111": 0.0009403638462662481,
  "112": 3.468943403601318e-07,
  "113": 0.0010963862468882242,
  "114": 9.470215491831598e-05,
  "115": 0.05795052742349192,
  "116": 2.2081158972923774e-05,
  "117": 0.0,
  "118": 7.471570407756686e-07,
  "119": 0.000556992231808247,
  "120": 0.0007122541332994337,
  "121": 2.855207262964162e-06,
  "122": 0.03409768565971885,
  "123": 0.0,
  "124": 3.499630210633176e-05,
  "125": 3.316843577443414e-05,
  "126": 2.214786942299303e-06,
  "127": 0.00020520134441303183,
  "128": 0.0,
  "129": 8.005254008310735e-07,
  "130": 0.0,
  "131": 0.0,
  "132": 3.2074384393298345e-05,
  "133": 9.072621209418833e-07,
  "134": 0.0,
  "135": 0.0,
  "136": 5.464920069673461e-05,
  "137": 0.0,
  "138": 0.0009174955039825071,
  "139": 0.0,
  "140": 0.0,
  "141": 0.0005676258775492865,
  "142": 0.0,
  "143": 0.00010859127062273511,
  "144": 0.00012620282944101873,
  "145": 5.003283755194209e-06,
  "146": 0.0002884559860994635,
  "147": 0.0,
  "148": 0.00045786050300533247,
  "149": 0.047867136158803746,
  "150": 0.0,
  "151": 0.0,
  "152": 0.0,
  "153": 6.91253683617632e-05,
  "154": 4.322837164487797e-06,
  "155": 0.0,
  "156": 0.00019851695731609237,
  "157": 0.00033476638053754105,
  "158": 0.0,
  "159": 0.0001956083816930728,
  "160": 0.0009223386826575351,
  "161": 0.0,
  "162": 0.0,
  "163": 0.0,
  "164": 0.0,
  "165": 0.00010964529573382936,
  "166": 0.003140314384470149,
  "167": 3.9492586440999625e-06,
  "168": 0.0,
  "169": 0.0,
  "170": 0.08384137343688076,
  "171": 9.415512922774809e-05,
  "172": 0.00026250562102252286,
  "173": 8.765753139100253e-06,
  "174": 0.0,
  "175": 0.0,
  "176": 0.0,
  "177": 1.360893181412825e-06,
  "178": 0.0,
  "179": 0.0038122353796577104,
  "180": 0.0,
  "181": 0.000166802809353168,
  "182": 9.939857060319161e-06,
  "183": 8.161356461472794e-05,
  "184": 0.0,
  "185": 0.07233339385305364,
  "186": 0.0,
  "187": 9.190031601540723e-05,
  "188": 8.269427390584988e-05,
  "189": 0.0,
  "190": 0.000724248672221886,
  "191": 0.0002143139918924922,
  "192": 5.8371643810599105e-05,
  "193": 0.07271541791642024,
  "194": 0.00025200539618162193,
  "195": 0.00011524897353964688,
  "196": 0.005408349608014732,
  "197": 3.9359165540861115e-06,
  "198": 0.0,
  "199": 0.005658327006514249,
  "200": 0.0,
  "201": 0.0,
  "202": 0.0,
  "203": 0.0,
  "204": 0.0,
  "205": 0.0,
  "206": 4.8965470350833995e-05,
  "207": 0.0,
  "208": 0.004576296848480928,
  "209": 0.00016660267800296024,
  "210": 7.310131118589086e-05,
  "211": 1.5023193355596479e-05,
  "212": 3.5489959436844255e-06,
  "213": 0.00013119277110619908,
  "214": 0.0,
  "215": 0.0,
  "216": 0.0,
  "217": 0.00022867008074739612,
  "218": 0.0004292684041056493,
  "219": 0.0,
  "220": 0.0,
  "221": 0.0,
  "222": 0.0,
  "223": 1.1327434421759689e-05,
  "224": 0.00032694791578942423,
  "225": 8.045280278352288e-06,
  "226": 0.0,
  "227": 0.0001546615074405634,
  "228": 0.000511615783671139,
  "229": 0.0,
  "230": 0.022540994105251157,
  "231": 0.0006670511323325058,
  "232": 0.0,
  "233": 0.0,
  "234": 0.0,
  "235": 0.0,
  "236": 0.0,
  "237": 0.0,
  "238": 2.6230548967231507e-05,
  "239": 0.0,
  "240": 0.0,
  "241": 0.0,
  "242": 0.0048115312375151395,
  "243": 1.0606961561011724e-05,
  "244": 0.0,
  "245": 0.0,
  "246": 0.0,
  "247": 0.0,
  "248": 8.245411628560056e-06,
  "249": 0.0,
  "250": 0.0018314553541113436,
  "251": 0.0,
  "252": 0.0,
  "253": 0.0,
  "254": 0.02516176750458194,
  "255": 0.0,
  "256": 0.0,
  "257": 8.018596098324586e-06,
  "258": 0.0,
  "259": 0.0,
  "260": 0.0003622911122361161,
  "261": 0.0,
  "262": 0.0,
  "263": 0.0,
  "264": 0.0,
  "265": 0.0,
  "266": 0.00010164004172551863,
  "267": 4.7978155689809e-05,
  "268": 2.932591385044499e-05,
  "269": 0.0,
  "270": 4.5736684567481996e-05,
  "271": 0.003518989583243274,
  "272": 0.0,
  "273": 0.0,
  "274": 1.6304033996926197e-05,
  "275": 8.313456287630697e-05,
  "276": 0.0003293094657218759,
  "277": 0.0,
  "278": 0.0,
  "279": 0.0,
  "280": 0.0,
  "281": 0.0,
  "282": 6.42555055067075e-05,
  "283": 0.0,
  "284": 0.0,
  "285": 0.008072351378990393,
  "286": 0.0,
  "287": 0.02419170416594486,
  "288": 0.00016376081283000991,
  "289": 0.0,
  "290": 0.0,
  "291": 0.0,
  "292": 0.016157324375133886,
  "293": 0.0,
  "294": 1.743811164810355e-05,
  "295": 0.0,
  "296": 0.0,
  "297": 0.0,
  "298": 0.008081544079009935,
  "299": 0.0,
  "300": 0.012372560358814698,
  "301": 0.0,
  "302": 0.0,
  "303": 0.0,
  "304": 0.0,
  "305": 0.0,
  "306": 0.0,
  "307": 0.0,
  "308": 0.0,
  "309": 0.0,
  "310": 0.0,
  "311": 0.0,
  "312": 0.0,
  "313": 0.007953419988606922,
  "314": 0.00012526888314004915,
  "315": 0.0,
  "316": 0.0,
  "317": 0.0,
  "318": 0.0,
  "319": 0.0,