{
  "0": 0.0,
  "1": 0.0768672694778217,
  "2": 0.014439155592518493,
  "3": 0.12197193566083696,
  "4": 0.04947534195671751,
  "5": 0.031090191637323805,
  "6": 0.09187266646612964,
  "7": 0.27009714578949146,
  "8": 0.07568170155539643,
  "9": 0.007555783625006616,
  "10": 0.0472811565480507,
  "11": 0.11452232229753785,
  "12": 0.0228089112239668,
  "13": 0.031567957815017415,
  "14": 0.09341213526092067,
  "15": 0.02043777537911672,
  "16": 0.01247500575088914,
  "17": 0.03638100967918977,
  "18": 0.005202342823775049,
  "19": 0.08084865429193643,
  "20": 0.027798913524322944,
  "21": 0.0693999610709043,
  "22": 0.1422681506910129,
  "23": 0.008263585369737914,
  "24": 0.0,
  "25": 5.308513085484756e-05,
  "26": 0.01601401447454567,
  "27": 0.0555447419177878,
  "28": 0.01689876665545988,
  "29": 0.0,
  "30": 0.0009555323553872573,
  "31": 0.01994231415780476,
  "32": 0.007661953886716311,
  "33": 0.05212959849945962,
  "34": 0.02010156955036932,
  "35": 0.0038398244651672987,
  "36": 0.005556243696140698,
  "37": 0.040857855714614796,
  "38": 0.033779838267302506,
  "39": 0.004105250119441536,
  "40": 0.0038221294215490162,
  "41": 0.00815741510802822,
  "42": 0.003857519508785581,
  "43": 0.11278820802294566,
  "44": 0.2756003043547703,
  "45": 0.042998955992426764,
  "46": 0.0,
  "47": 0.0,
  "48": 0.0,
  "49": 0.039619202661335146,
  "50": 0.003733654203457604,
  "51": 0.07474386424362718,
  "52": 0.011997239573195513,
  "53": 0.12584715021324194,
  "54": 0.004193725337532948,
  "55": 0.003804434377930734,
  "56": 0.10532089961602827,
  "57": 0.0,
  "58": 0.004335285686479208,
  "59": 0.004016774901350124,
  "60": 0.0,
  "61": 0.007679648930334593,
  "62": 0.01622635499796508,
  "63": 0.16513014704584056,
  "64": 0.0,
  "65": 0.0,
  "66": 0.0,
  "67": 0.0,
  "68": 0.0,
  "69": 0.14088793728878646,
  "70": 0.0,
  "71": 0.0,
  "72": 0.09698653407181478,
  "73": 0.04662643993417431,
  "74": 0.0,
  "75": 0.025746288464601978,
  "76": 0.0009555323553872573,
  "77": 0.0002654256542742378,
  "78": 0.0,
  "79": 0.08566170615611067,
  "80": 0.0,
  "81": 0.014032169589297996,
  "82": 0.003945994726876994,
  "83": 0.012651956187071964,
  "84": 0.0,
  "85": 0.0,
  "86": 0.0,
  "87": 0.007661953886716311,
  "88": 0.003963689770495276,
  "89": 0.03061242545963013,
  "90": 0.0,
  "91": 0.05004158335250249,
  "92": 0.0,
  "93": 0.0,
  "94": 0.009077557376178907,
  "95": 0.004972307256737377,
  "96": 0.04306973616689989,
  "97": 0.011377913046555627,
  "98": 0.0,
  "99": 0.0,
  "100": 0.003804434377930734,
  "101": 0.00815741510802822,
  "102": 0.0,
  "103": 0.00024773061065595526,
  "104": 0.005627023870613828,
  "105": 0.0,
  "106": 0.07024932316458211,
  "107": 0.016403305434147922,
  "108": 0.0,
  "109": 0.14028630580576468,
  "110": 0.004724576646081422,
  "111": 0.0,
  "112": 0.0,
  "113": 0.0,
  "114": 0.0,
  "115": 0.024012174190010126,
  "116": 0.0,
  "117": 0.0,
  "118": 0.0,
  "119": 0.0,
  "120": 0.015412382991524028,
  "121": 0.0,
  "122": 0.062021127882078544,
  "123": 0.0,
  "124": 0.0,
  "125": 0.3071859572133642,
  "126": 0.0,
  "127": 0.003308973156618825,
  "128": 0.03510696653867356,
  "129": 0.0,
  "130": 0.0,
  "131": 0.0,
  "132": 0.004016774901350124,
  "133": 0.0,
  "134": 0.0,
  "135": 0.0,
  "136": 0.0,
  "137": 5.308513085484756e-05,
  "138": 0.0,
  "139": 0.0,
  "140": 0.004140640206678101,
  "141": 0.09642029267602957,
  "142": 0.0,
  "143": 0.027055721692355008,
  "144": 0.0,
  "145": 0.0,
  "146": 0.0,
  "147": 0.0,
  "148": 0.027374232477484123,
  "149": 0.04584785801496996,
  "150": 0.0,
  "151": 0.0,
  "152": 0.0,
  "153": 0.0001946454798011077,
  "154": 0.0,
  "155": 0.0,
  "156": 0.008935997027232648,
  "157": 0.0020349300161024877,
  "158": 0.0,
  "159": 0.14732893316584317,
  "160": 0.011767204006157841,
  "161": 0.0,
  "162": 0.0,
  "163": 0.0,
  "164": 0.0,
  "165": 0.001327128271371189,
  "166": 0.03579707323978651,
  "167": 0.0,
  "168": 0.0,
  "169": 0.0,
  "170": 0.035708598021695105,
  "171": 0.0,
  "172": 0.007838904322899135,
  "173": 0.0043529807300974905,
  "174": 0.00033620582874736783,
  "175": 0.0741422327606054,
  "176": 0.0,
  "177": 0.003733654203457604,
  "178": 0.0,
  "179": 0.033302072089608926,
  "180": 0.0,
  "181": 0.0,
  "182": 0.026861076212553882,
  "183": 0.0,
  "184": 0.0,
  "185": 0.02811742430945206,
  "186": 0.0,
  "187": 0.0,
  "188": 0.005308513085484743,
  "189": 0.0,
  "190": 0.008192805195264784,
  "191": 0.0016987241873551208,
  "192": 0.003733654203457604,
  "193": 0.03170951816396366,
  "194": 0.0,
  "195": 0.003308973156618825,
  "196": 0.004193725337532948,
  "197": 0.0038752145524038636,
  "198": 0.0,
  "199": 0.006281740484490279,
  "200": 0.0,
  "201": 0.0,
  "202": 0.0,
  "203": 0.0,
  "204": 0.048891405517314246,
  "205": 0.0,
  "206": 0.009661493815582229,
  "207": 0.0,
  "208": 0.004317590642860926,
  "209": 0.0,
  "210": 0.0,
  "211": 0.008316670500592762,
  "212": 0.0,
  "213": 0.007821209279280853,
  "214": 0.0,
  "215": 0.0,
  "216": 0.0,
  "217": 0.0,
  "218": 0.06370215702581568,
  "219": 0.0,
  "220": 0.0,
  "221": 0.042998955992426764,
  "222": 0.0,
  "223": 0.0,
  "224": 0.004388370817334055,
  "225": 0.0,
  "226": 0.0,
  "227": 0.04830746907791098,
  "228": 0.003910604639640429,
  "229": 0.0,
  "230": 0.0,
  "231": 0.0,
  "232": 0.0,
  "233": 0.0,
  "234": 0.0,
  "235": 0.0,
  "236": 0.0,
  "237": 0.0,
  "238": 0.0,
  "239": 0.0005308513085484757,
  "240": 0.0,
  "241": 0.0,
  "242": 0.10539167979050142,
  "243": 0.0,
  "244": 0.0,
  "245": 0.0,
  "246": 0.0,
  "247": 0.0,
  "248": 0.0037159591598393215,
  "249": 0.0,
  "250": 0.007909684497372265,
  "251": 0.0,
  "252": 0.0,
  "253": 0.0,
  "254": 0.7391042768914704,
  "255": 0.0,
  "256": 0.0,
  "257": 0.0,
  "258": 0.0,
  "259": 0.0,
  "260": 5.308513085484756e-05,
  "261": 0.0,
  "262": 0.0,
  "263": 0.0,
  "264": 0.0,
  "265": 0.0,
  "266": 0.004370675773715773,
  "267": 0.0,
  "268": 0.004193725337532948,
  "269": 0.0,
  "270": 0.003999079857731841,
  "271": 0.0,
  "272": 0.0,
  "273": 0.0,
  "274": 0.0005839364394033234,
  "275": 0.0,
  "276": 0.008422840762302456,
  "277": 0.0,
  "278": 0.0,
  "279": 0.0,
  "280": 0.0,
  "281": 0.0,
  "282": 0.0,
  "283": 0.0,
  "284": 0.0,
  "285": 0.0041229451630598185,
  "286": 0.0,
  "287": 0.011077097305044825,
  "288": 0.008139720064409937,
  "289": 0.0,
  "290": 0.0005485463521667582,
  "291": 0.0,
  "292": 0.007856599366517418,
  "293": 0.0,
  "294": 0.004229115424769513,
  "295": 0.0,
  "296": 0.0,
  "297": 0.0,
  "298": 0.0039282996832587114,
  "299": 0.003999079857731841,
  "300": 0.0023357457576132896,
  "301": 0.0,
  "302": 0.0,
  "303": 0.0,
  "304": 0.0,
  "305": 0.0,
  "306": 0.0,
  "307": 0.0,
  "308": 0.0,
  "309": 0.004034469944968406,
  "310": 0.0,
  "311": 0.0,
  "312": 0.0,
  "313": 0.010687806345442611,
  "314": 0.0,
  "315": 0.0,
  "316": 0.0,
  "317": 0.0,
  "318": 0.0,
  "319": 0.0,
  "320": 0.0,
  "321": 0.004176030293914666,
  "322": 0.007626563799479746,
  "323": 0.0,
  "324": 0.0,
  "325": 0.0,
  "326": 0.0,
  "327": 1.7695043618282518e-05,
  "328": 0.004052164988586689,
  "329": 0.00012386530532797763,
  "330": 0.07661953886716567,
  "331": 0.0,
  "332": 0.0,
  "333": 0.0,
  "334": 0.0,
  "335": 0.0,
  "336": 3.5390087236565036e-05,
  "337": 0.0,
  "338": 0.0,
  "339": 0.0,
  "340": 0.003945994726876994,
  "341": 0.028347459876489754,
  "342": 0.004299895599242643,
  "343": 0.0,
  "344": 0.0472811565480507,
  "345": 0.007980464671845395,
  "346": 0.0,
  "347": 0.008316670500592762,
  "348": 0.0,
  "349": 0.007538088581388333,
  "350": 0.0,
  "351": 0.0,
  "352": 0.0,
  "353": 0.0,
  "354": 3.5390087236565036e-05,
  "355": 0.0002654256542742378,
  "356": 0.0,
  "357": 0.0,
  "358": 0.0,
  "359": 0.0,
  "360": 0.0,
  "361": 0.004069860032204971,
  "362": 3.5390087236565036e-05,
  "363": 0.0,
  "364": 0.0,
  "365": 0.0,
  "366": 0.0,
  "367": 0.0,
  "368": 0.0,
  "369": 0.0,
  "370": 0.0,
  "371": 0.003981384814113559,
  "372": 0.0,