{
  "0": 0.0,
  "1": 0.07778519822428857,
  "2": 0.01565154615525492,
  "3": 0.1242896665424736,
  "4": 0.04697025426052895,
  "5": 0.029223013789380123,
  "6": 0.09201156733515031,
  "7": 0.2650955467617868,
  "8": 0.07390858771833322,
  "9": 0.00879959975806198,
  "10": 0.04636612118466779,
  "11": 0.11448607821949634,
  "12": 0.023370015069626004,
  "13": 0.03342849438146253,
  "14": 0.0946278590205238,
  "15": 0.020724672785232896,
  "16": 0.012980071756595022,
  "17": 0.03708255292237237,
  "18": 0.005022741334297237,
  "19": 0.08081033082194027,
  "20": 0.025924415015198345,
  "21": 0.07324273425970972,
  "22": 0.1436346011943118,
  "23": 0.007540114502944449,
  "24": 0.0,
  "25": 3.5185243263546435e-05,
  "26": 0.015551954704207154,
  "27": 0.05385463198386933,
  "28": 0.016659311196037547,
  "29": 0.0,
  "30": 0.0010143718189319984,
  "31": 0.020490821559014927,
  "32": 0.007902722120819345,
  "33": 0.05284016110160859,
  "34": 0.020470683976445917,
  "35": 0.0038428354350689147,
  "36": 0.00577423411910738,
  "37": 0.03960155419816201,
  "38": 0.03414811249334122,
  "39": 0.0037725508333502802,
  "40": 0.0038818300792845535,
  "41": 0.008062011995887831,
  "42": 0.004004623059824376,
  "43": 0.11216351297928406,
  "44": 0.2783522072550003,
  "45": 0.0419387680663396,
  "46": 0.0,
  "47": 0.0,
  "48": 0.0,
  "49": 0.03946749168977585,
  "50": 0.0037598407374512827,
  "51": 0.07432592342380534,
  "52": 0.011888779588267555,
  "53": 0.1258563587284226,
  "54": 0.00417842723529151,
  "55": 0.004064911585019583,
  "56": 0.10806438966409873,
  "57": 0.0,
  "58": 0.003038033285612825,
  "59": 0.0036756030376548683,
  "60": 0.0,
  "61": 0.008273115809619286,
  "62": 0.016369492698134862,
  "63": 0.16641341184912067,
  "64": 0.0,
  "65": 0.0,
  "66": 0.0,
  "67": 0.0,
  "68": 0.0,
  "69": 0.14272407307419283,
  "70": 0.0,
  "71": 0.0,
  "72": 0.09605112612790359,
  "73": 0.04413848811106195,
  "74": 0.0,
  "75": 0.02502813802615089,
  "76": 0.0007861157873748994,
  "77": 0.0002087183943436455,
  "78": 0.0,
  "79": 0.08575400532479124,
  "80": 0.0,
  "81": 0.014073780136315002,
  "82": 0.004189862344184915,
  "83": 0.011814463685635511,
  "84": 0.0,
  "85": 0.0,
  "86": 0.0,
  "87": 0.007970620895119289,
  "88": 0.00413242499433035,
  "89": 0.03169053659005782,
  "90": 0.0,
  "91": 0.048331417864718125,
  "92": 0.0,
  "93": 0.0,
  "94": 0.009213319926083988,
  "95": 0.004749350130404654,
  "96": 0.0440739368166404,
  "97": 0.011523270736982935,
  "98": 0.0,
  "99": 0.0,
  "100": 0.003788269307129485,
  "101": 0.008083620109043841,
  "102": 0.0,
  "103": 0.00020866808452391168,
  "104": 0.006077969349674086,
  "105": 0.0,
  "106": 0.07574465324319539,
  "107": 0.016663722393419532,
  "108": 0.0,
  "109": 0.14030978436718158,
  "110": 0.0048037973367552255,
  "111": 0.0,
  "112": 0.0,
  "113": 0.0,
  "114": 0.0,
  "115": 0.023778136914265884,
  "116": 0.0,
  "117": 0.0,
  "118": 0.0,
  "119": 0.0,
  "120": 0.01599867049982905,
  "121": 0.0,
  "122": 0.05985532034865625,
  "123": 0.0,
  "124": 0.0,
  "125": 0.3016059950093964,
  "126": 0.0,
  "127": 0.0034325300154933163,
  "128": 0.035148036330979966,
  "129": 0.0,
  "130": 0.0,
  "131": 0.0,
  "132": 0.003988401536032354,
  "133": 0.0,
  "134": 0.0,
  "135": 0.0,
  "136": 0.0,
  "137": 3.293377527249366e-05,
  "138": 0.0,
  "139": 0.0,
  "140": 0.0036450212554724965,
  "141": 0.09727352917589424,
  "142": 0.0,
  "143": 0.027820592111053,
  "144": 0.0,
  "145": 0.0,
  "146": 0.0,
  "147": 0.0,
  "148": 0.025754508740157993,
  "149": 0.04674995545679561,
  "150": 0.0,
  "151": 0.0,
  "152": 0.0,
  "153": 0.00018131254347796924,
  "154": 0.0,
  "155": 0.0,
  "156": 0.008215837435831244,
  "157": 0.001914931239351458,
  "158": 0.0,
  "159": 0.14811092395839737,
  "160": 0.012745236934225891,
  "161": 0.0,
  "162": 0.0,
  "163": 0.0,
  "164": 0.0,
  "165": 0.0016019766693857363,
  "166": 0.0354821225393256,
  "167": 0.0,
  "168": 0.0,
  "169": 0.0,
  "170": 0.03627000294496025,
  "171": 0.0,
  "172": 0.007906087529791933,
  "173": 0.00403148838732345,
  "174": 0.00028039596063805095,
  "175": 0.07490395998345932,
  "176": 0.0,
  "177": 0.0039909225487374834,
  "178": 0.0,
  "179": 0.033163902660864,
  "180": 0.0,
  "181": 0.0,
  "182": 0.026787716805600596,
  "183": 0.0,
  "184": 0.0,
  "185": 0.027423250548663056,
  "186": 0.0,
  "187": 0.0,
  "188": 0.00537591947947988,
  "189": 0.0,
  "190": 0.008305222473888891,
  "191": 0.0013486167508379348,
  "192": 0.003994304273158567,
  "193": 0.0303996294773038,
  "194": 0.0,
  "195": 0.003632139640491109,
  "196": 0.004567885101076899,
  "197": 0.00376456343704221,
  "198": 0.0,
  "199": 0.00648205565726374,
  "200": 0.0,
  "201": 0.0,
  "202": 0.0,
  "203": 0.0,
  "204": 0.05045452390951506,
  "205": 0.0,
  "206": 0.009232421999093252,
  "207": 0.0,
  "208": 0.0037818146901127474,
  "209": 0.0,
  "210": 0.0,
  "211": 0.007979713047918731,
  "212": 0.0,
  "213": 0.007656840536647454,
  "214": 0.0,
  "215": 0.0,
  "216": 0.0,
  "217": 0.0,
  "218": 0.0644545086281222,
  "219": 0.0,
  "220": 0.0,
  "221": 0.04082501679465964,
  "222": 0.0,
  "223": 0.0,
  "224": 0.00405240561827691,
  "225": 0.0,
  "226": 0.0,
  "227": 0.04817257775856115,
  "228": 0.003991645091322298,
  "229": 0.0,
  "230": 0.0,
  "231": 0.0,
  "232": 0.0,
  "233": 0.0,
  "234": 0.0,
  "235": 0.0,
  "236": 0.0,
  "237": 0.0,
  "238": 0.0,
  "239": 0.0007634154994630617,
  "240": 0.0,
  "241": 0.0,
  "242": 0.10781527068532937,
  "243": 0.0,
  "244": 0.0,
  "245": 0.0,
  "246": 0.0,
  "247": 0.0,
  "248": 0.003993196512888419,
  "249": 0.0,
  "250": 0.007745313729434564,
  "251": 0.0,
  "252": 0.0,
  "253": 0.0,
  "254": 0.7380403130055605,
  "255": 0.0,
  "256": 0.0,
  "257": 0.0,
  "258": 0.0,
  "259": 0.0,
  "260": 6.211361058837277e-05,
  "261": 0.0,
  "262": 0.0,
  "263": 0.0,
  "264": 0.0,
  "265": 0.0,
  "266": 0.0038663455702931614,
  "267": 0.0,
  "268": 0.0039781901088608,
  "269": 0.0,
  "270": 0.003899478202006043,
  "271": 0.0,
  "272": 0.0,
  "273": 0.0,
  "274": 0.0007972617522020553,
  "275": 0.0,
  "276": 0.007551650454760246,
  "277": 0.0,
  "278": 0.0,
  "279": 0.0,
  "280": 0.0,
  "281": 0.0,
  "282": 0.0,
  "283": 0.0,
  "284": 0.0,
  "285": 0.00367899227185521,
  "286": 0.0,
  "287": 0.011845405342392994,
  "288": 0.0077643742934623014,
  "289": 0.0,
  "290": 0.000529762306481354,
  "291": 0.0,
  "292": 0.007777009824828058,
  "293": 0.0,
  "294": 0.0038837796753249856,
  "295": 0.0,
  "296": 0.0,
  "297": 0.0,
  "298": 0.003840173282768126,
  "299": 0.003907180774295394,
  "300": 0.0019300369581656087,
  "301": 0.0,
  "302": 0.0,
  "303": 0.0,
  "304": 0.0,
  "305": 0.0,
  "306": 0.0,
  "307": 0.0,
  "308": 0.0,
  "309": 0.0038844633033908002,
  "310": 0.0,
  "311": 0.0,
  "312": 0.0,
  "313": 0.011637148963169563,
  "314": 0.0,
  "315": 0.0,
  "316": 0.0,
  "317": 0.0,
  "318": 0.0,
  "319": 0.0,
  "320": 0.0,
  "321": 0.003909477572926226,
  "322": 0.007725555043864994,
  "323": 0.0,
  "324": 0.0,
  "325": 0.0,
  "326": 0.0,
  "327": 1.5018784486066498e-05,
  "328": 0.004197225855863207,
  "329": 6.853860147463369e-05,
  "330": 0.07687270938267245,
  "331": 0.0,
  "332": 1.546383362142147e-05,
  "333": 0.0,
  "334": 0.0,
  "335": 6.42565130260521e-06,
  "336": 6.024048096192385e-06,
  "337": 0.0,
  "338": 0.0,
  "339": 0.0,
  "340": 0.003918322418219413,
  "341": 0.028735747245578595,
  "342": 0.0046056960707296715,
  "343": 0.0,
  "344": 0.04817257775856115,
  "345": 0.008046764966183884,
  "346": 0.0,
  "347": 0.00709859392497474,
  "348": 0.0,
  "349": 0.008286490717084928,
  "350": 0.0,
  "351": 0.0,
  "352": 0.0,
  "353": 0.0,
  "354": 3.8292362330069626e-05,
  "355": 0.00023491489260392257,
  "356": 0.0,
  "357": 0.0,
  "358": 0.0,
  "359": 0.0,
  "360": 0.0,
  "361": 0.003605177884131203,
  "362": 8.643629787104357e-06,
  "363": 0.0,
  "364": 0.0,
  "365": 0.0,
  "366": 0.0,
  "367": 0.0,
  "368": 0.0,
  "369": 0.0,
  "370": 0.0,
  "371": 0.003967207997814815,