{
  "0": 0.0,
  "1": 0.0773871942312188,
  "2": 0.015182340526987657,
  "3": 0.11964336802470094,
  "4": 0.051643739744500546,
  "5": 0.031500556350309475,
  "6": 0.09268917408281155,
  "7": 0.26712482378354946,
  "8": 0.07702315100688573,
  "9": 0.007977649956504258,
  "10": 0.048792525220538764,
  "11": 0.11371508886518698,
  "12": 0.02234405121613192,
  "13": 0.033893916648185786,
  "14": 0.0933019820915763,
  "15": 0.01731886416820857,
  "16": 0.01363930248980329,
  "17": 0.03651310091214577,
  "18": 0.004556316108278805,
  "19": 0.08029256467411586,
  "20": 0.029278510699198797,
  "21": 0.06687621769535612,
  "22": 0.14209937453002447,
  "23": 0.009059121862590431,
  "24": 0.0,
  "25": 3.568093390540851e-05,
  "26": 0.015804304614430113,
  "27": 0.054452576683970126,
  "28": 0.016583479093025683,
  "29": 0.0,
  "30": 0.001057904395798959,
  "31": 0.02026516769791799,
  "32": 0.008197233923880325,
  "33": 0.05106268899855471,
  "34": 0.01805881116449465,
  "35": 0.0038098084188333847,
  "36": 0.00568620624545444,
  "37": 0.03953374977614233,
  "38": 0.03537425148500589,
  "39": 0.004474404967931708,
  "40": 0.00404308031000765,
  "41": 0.0071693385031705225,
  "42": 0.004008445358757458,
  "43": 0.11091834814015188,
  "44": 0.2765790468727795,
  "45": 0.04416264959728011,
  "46": 0.0,
  "47": 0.0,
  "48": 0.0,
  "49": 0.0399854953600737,
  "50": 0.003983011679136857,
  "51": 0.07506729805333803,
  "52": 0.010632934045533702,
  "53": 0.12405075270501074,
  "54": 0.0039800296227088874,
  "55": 0.00402429149873803,
  "56": 0.10584206762615636,
  "57": 0.0,
  "58": 0.004253596304638874,
  "59": 0.003984801230474871,
  "60": 0.0,
  "61": 0.007863447364780767,
  "62": 0.01640953457618332,
  "63": 0.16813548694709632,
  "64": 0.0,
  "65": 0.0,
  "66": 0.0,
  "67": 0.0,
  "68": 0.0,
  "69": 0.13961553160068427,
  "70": 0.0,
  "71": 0.0,
  "72": 0.09667043754049834,
  "73": 0.048234638377339996,
  "74": 0.0,
  "75": 0.02539807613940675,
  "76": 0.0008532852659729167,
  "77": 0.00020465675693167738,
  "78": 0.0,
  "79": 0.0850862701059052,
  "80": 0.0,
  "81": 0.014412632747185223,
  "82": 0.003509612900716812,
  "83": 0.012174057692469096,
  "84": 0.0,
  "85": 0.0,
  "86": 0.0,
  "87": 0.007974926652356938,
  "88": 0.004170728189173611,
  "89": 0.031019385784390847,
  "90": 0.0,
  "91": 0.05147993732896355,
  "92": 0.0,
  "93": 0.0,
  "94": 0.009266553216877357,
  "95": 0.004578760983633611,
  "96": 0.04404145851913055,
  "97": 0.011570806784580414,
  "98": 0.0,
  "99": 0.0,
  "100": 0.0037823610296841225,
  "101": 0.008124785035781503,
  "102": 0.0,
  "103": 0.00022545582430770798,
  "104": 0.006486180572160398,
  "105": 0.0,
  "106": 0.06722373845111643,
  "107": 0.016586741429337835,
  "108": 0.0,
  "109": 0.13912752282531013,
  "110": 0.004827310610618432,
  "111": 0.0,
  "112": 0.0,
  "113": 0.0,
  "114": 0.0,
  "115": 0.023984096711561854,
  "116": 0.0,
  "117": 0.0,
  "118": 0.0,
  "119": 0.0,
  "120": 0.015576714817214371,
  "121": 0.0,
  "122": 0.06167864054520488,
  "123": 0.0,
  "124": 0.0,
  "125": 0.3049554080166059,
  "126": 0.0,
  "127": 0.003475546276718207,
  "128": 0.03625132884584748,
  "129": 0.0,
  "130": 0.0,
  "131": 0.0,
  "132": 0.003990133902099856,
  "133": 0.0,
  "134": 0.0,
  "135": 0.0,
  "136": 0.0,
  "137": 3.373138855077785e-05,
  "138": 0.0,
  "139": 0.0,
  "140": 0.004136921085448069,
  "141": 0.09774938923136793,
  "142": 0.0,
  "143": 0.02737695432455144,
  "144": 0.0,
  "145": 0.0,
  "146": 0.0,
  "147": 0.0,
  "148": 0.02853789357427986,
  "149": 0.04692954157540337,
  "150": 0.0,
  "151": 0.0,
  "152": 0.0,
  "153": 0.00017860733168329236,
  "154": 0.0,
  "155": 0.0,
  "156": 0.008093848162117476,
  "157": 0.0019501806629947376,
  "158": 0.0,
  "159": 0.14430693839986736,
  "160": 0.011933579656193275,
  "161": 0.0,
  "162": 0.0,
  "163": 0.0,
  "164": 0.0,
  "165": 0.001700578836380394,
  "166": 0.035332700296168036,
  "167": 0.0,
  "168": 0.0,
  "169": 0.0,
  "170": 0.036172588220547384,
  "171": 0.0,
  "172": 0.00838173083680444,
  "173": 0.004030560137701333,
  "174": 0.00021516717643884573,
  "175": 0.07465509989764202,
  "176": 0.0,
  "177": 0.003993274274677971,
  "178": 0.0,
  "179": 0.03372599661231993,
  "180": 0.0,
  "181": 0.0,
  "182": 0.02777044321331955,
  "183": 0.0,
  "184": 0.0,
  "185": 0.027003636984312768,
  "186": 0.0,
  "187": 0.0,
  "188": 0.005431917303128541,
  "189": 0.0,
  "190": 0.007885948258199856,
  "191": 0.0012884846448233346,
  "192": 0.003993910372562436,
  "193": 0.030992869825626882,
  "194": 0.0,
  "195": 0.0036468026383317843,
  "196": 0.004536142456440777,
  "197": 0.003956291397231213,
  "198": 0.0,
  "199": 0.006433832122905476,
  "200": 0.0,
  "201": 0.0,
  "202": 0.0,
  "203": 0.0,
  "204": 0.049038180247240264,
  "205": 0.0,
  "206": 0.009864733534514551,
  "207": 0.0,
  "208": 0.003867484339647459,
  "209": 0.0,
  "210": 0.0,
  "211": 0.00859131398075335,
  "212": 0.0,
  "213": 0.007918236905217516,
  "214": 0.0,
  "215": 0.0,
  "216": 0.0,
  "217": 0.0,
  "218": 0.06525243644048088,
  "219": 0.0,
  "220": 0.0,
  "221": 0.04474497931528931,
  "222": 0.0,
  "223": 0.0,
  "224": 0.004238046336643429,
  "225": 0.0,
  "226": 0.0,
  "227": 0.047493468055473324,
  "228": 0.00399087083285285,
  "229": 0.0,
  "230": 0.0,
  "231": 0.0,
  "232": 0.0,
  "233": 0.0,
  "234": 0.0,
  "235": 0.0,
  "236": 0.0,
  "237": 0.0,
  "238": 0.0,
  "239": 0.0006885813048956849,
  "240": 0.0,
  "241": 0.0,
  "242": 0.10487106888200401,
  "243": 0.0,
  "244": 0.0,
  "245": 0.0,
  "246": 0.0,
  "247": 0.0,
  "248": 0.003989915904261317,
  "249": 0.0,
  "250": 0.007549419239826329,
  "251": 0.0,
  "252": 0.0,
  "253": 0.0,
  "254": 0.732332810835519,
  "255": 0.0,
  "256": 0.0,
  "257": 0.0,
  "258": 0.0,
  "259": 0.0,
  "260": 6.446932696175175e-05,
  "261": 0.0,
  "262": 0.0,
  "263": 0.0,
  "264": 0.0,
  "265": 0.0,
  "266": 0.003838728517791016,
  "267": 0.0,
  "268": 0.004114347363207165,
  "269": 0.0,
  "270": 0.003945541999513594,
  "271": 0.0,
  "272": 0.0,
  "273": 0.0,
  "274": 0.0008508130075638018,
  "275": 0.0,
  "276": 0.007316905470009578,
  "277": 0.0,
  "278": 0.0,
  "279": 0.0,
  "280": 0.0,
  "281": 0.0,
  "282": 0.0,
  "283": 0.0,
  "284": 0.0,
  "285": 0.003752927896000636,
  "286": 0.0,
  "287": 0.011782033747182195,
  "288": 0.008319968670509367,
  "289": 0.0,
  "290": 0.0004978640569557989,
  "291": 0.0,
  "292": 0.006613200610416518,
  "293": 0.0,
  "294": 0.0034453302958343734,
  "295": 0.0,
  "296": 0.0,
  "297": 0.0,
  "298": 0.004138698622386478,
  "299": 0.00399896053180124,
  "300": 0.001931026201929587,
  "301": 0.0,
  "302": 0.0,
  "303": 0.0,
  "304": 0.0,
  "305": 0.0,
  "306": 0.0,
  "307": 0.0,
  "308": 0.0,
  "309": 0.003639127810469948,
  "310": 0.0,
  "311": 0.0,
  "312": 0.0,
  "313": 0.011011445279873418,
  "314": 0.0,
  "315": 0.0,
  "316": 0.0,
  "317": 0.0,
  "318": 0.0,
  "319": 0.0,
  "320": 0.0,
  "321": 0.004079513735446871,
  "322": 0.008172760221188007,
  "323": 0.0,
  "324": 0.0,
  "325": 0.0,
  "326": 0.0,
  "327": 1.5262243107011875e-05,
  "328": 0.0039474144133773955,
  "329": 7.898773075592425e-05,
  "330": 0.07525490669627408,
  "331": 0.0,
  "332": 1.2897897237323411e-05,
  "333": 0.0,
  "334": 0.0,
  "335": 6.868036758971103e-06,
  "336": 9.040690801098361e-06,
  "337": 0.0,
  "338": 0.0,
  "339": 0.0,
  "340": 0.0036276006964408576,
  "341": 0.028426433296918803,
  "342": 0.0039170740077347,
  "343": 0.0,
  "344": 0.047493468055473324,
  "345": 0.007830628505055202,
  "346": 0.0,
  "347": 0.007895892987451757,
  "348": 0.0,
  "349": 0.007607648231835954,
  "350": 0.0,
  "351": 0.0,
  "352": 0.0,
  "353": 0.0,
  "354": 2.602573482586379e-05,
  "355": 0.00023664869166575985,
  "356": 0.0,
  "357": 0.0,
  "358": 0.0,
  "359": 0.0,
  "360": 0.0,
  "361": 0.003535036048744176,
  "362": 6.557483293803128e-06,
  "363": 0.0,
  "364": 0.0,
  "365": 0.0,
  "366": 0.0,
  "367": 0.0,
  "368": 0.0,
  "369": 0.0,
  "370": 0.0,