{
  "0": 0.0,
  "1": 0.07962769628227458,
  "2": 0.015996319430927386,
  "3": 0.12319289367049881,
  "4": 0.048590589775803474,
  "5": 0.03077168085219469,
  "6": 0.09254507812362457,
  "7": 0.27239750145986524,
  "8": 0.07511546015961122,
  "9": 0.007998159715463677,
  "10": 0.04843133438323895,
  "11": 0.115884840656146,
  "12": 0.0244899403677038,
  "13": 0.029869233627662195,
  "14": 0.09601330667280895,
  "15": 0.0186682710172883,
  "16": 0.011979544529577231,
  "17": 0.03590324350149619,
  "18": 0.0045476262098985976,
  "19": 0.08049475341957067,
  "20": 0.026790296038080745,
  "21": 0.06973616689965177,
  "22": 0.13902995770886625,
  "23": 0.007891989453753983,
  "24": 0.0,
  "25": 0.0,
  "26": 0.015943234300072533,
  "27": 0.05212959849945962,
  "28": 0.017075717091642722,
  "29": 0.0,
  "30": 0.001097092704333517,
  "31": 0.02010156955036932,
  "32": 0.007750429104807723,
  "33": 0.053032045723991936,
  "34": 0.01997770424504133,
  "35": 0.0038398244651672987,
  "36": 0.005768584219560087,
  "37": 0.03799125864845332,
  "38": 0.034062958965195,
  "39": 0.003892909596022146,
  "40": 0.003804434377930734,
  "41": 0.007343443101587226,
  "42": 0.003698264116221039,
  "43": 0.11078866809407915,
  "44": 0.27337072885886954,
  "45": 0.042804310512625676,
  "46": 0.0,
  "47": 0.0,
  "48": 0.0,
  "49": 0.03954842248686202,
  "50": 0.003662874028984474,
  "51": 0.07449613363297115,
  "52": 0.012014934616813796,
  "53": 0.12452002194187038,
  "54": 0.003698264116221039,
  "55": 0.004299895599242643,
  "56": 0.10494930370004422,
  "57": 0.0,
  "58": 0.003963689770495276,
  "59": 0.004158335250296383,
  "60": 0.0,
  "61": 0.00822819528250135,
  "62": 0.016456390565002775,
  "63": 0.16302443685526433,
  "64": 0.0,
  "65": 0.0,
  "66": 0.0,
  "67": 0.0,
  "68": 0.0,
  "69": 0.1379505600481507,
  "70": 0.0,
  "71": 0.0,
  "72": 0.09627873232708327,
  "73": 0.0448923256595828,
  "74": 0.0,
  "75": 0.025657813246510557,
  "76": 0.0008493620936775619,
  "77": 0.0002654256542742378,
  "78": 0.0,
  "79": 0.08449383327730368,
  "80": 0.0,
  "81": 0.013890609240351737,
  "82": 0.003999079857731841,
  "83": 0.011590253569975017,
  "84": 0.0,
  "85": 0.0,
  "86": 0.0,
  "87": 0.007909684497372265,
  "88": 0.003892909596022146,
  "89": 0.03040008493621072,
  "90": 0.0,
  "91": 0.051050200838744494,
  "92": 0.0,
  "93": 0.0,
  "94": 0.009555323553872534,
  "95": 0.0052731229982481784,
  "96": 0.04367136764992143,
  "97": 0.011643338700829864,
  "98": 0.0,
  "99": 0.0,
  "100": 0.0039282996832587114,
  "101": 0.008334365544211044,
  "102": 0.0,
  "103": 0.00017695043618282517,
  "104": 0.006299435528108561,
  "105": 0.0,
  "106": 0.07136411091253424,
  "107": 0.015553943340470288,
  "108": 0.0,
  "109": 0.14205581016759344,
  "110": 0.005096172562065354,
  "111": 0.0,
  "112": 0.0,
  "113": 0.0,
  "114": 0.0,
  "115": 0.02302125174738621,
  "116": 0.0,
  "117": 0.0,
  "118": 0.0,
  "119": 0.0,
  "120": 0.014616106028701318,
  "121": 0.0,
  "122": 0.06221577336187963,
  "123": 0.0,
  "124": 0.0,
  "125": 0.3075398580857294,
  "126": 0.0,
  "127": 0.0036451789853661916,
  "128": 0.03501849132058216,
  "129": 0.0,
  "130": 0.0,
  "131": 0.0,
  "132": 0.003999079857731841,
  "133": 0.0,
  "134": 0.0,
  "135": 0.0,
  "136": 0.0,
  "137": 0.0,
  "138": 0.0,
  "139": 0.0,
  "140": 0.0036097888981296267,
  "141": 0.09491621396847512,
  "142": 0.0,
  "143": 0.026524870383806482,
  "144": 0.0,
  "145": 0.0,
  "146": 0.0,
  "147": 0.0,
  "148": 0.02643639516571506,
  "149": 0.04659104984693775,
  "150": 0.0,
  "151": 0.0,
  "152": 0.0,
  "153": 7.078017447313007e-05,
  "154": 0.0,
  "155": 0.0,
  "156": 0.00815741510802822,
  "157": 0.001964149841629358,
  "158": 0.0,
  "159": 0.14633801072321906,
  "160": 0.01167872878806643,
  "161": 0.0,
  "162": 0.0,
  "163": 0.0,
  "164": 0.0,
  "165": 0.0016633341001185558,
  "166": 0.03583246332702307,
  "167": 0.0,
  "168": 0.0,
  "169": 0.0,
  "170": 0.035248526887619806,
  "171": 0.0,
  "172": 0.007485003450533486,
  "173": 0.003733654203457604,
  "174": 0.00023003556703767272,
  "175": 0.07633641816927307,
  "176": 0.0,
  "177": 0.003981384814113559,
  "178": 0.0,
  "179": 0.0326827455629691,
  "180": 0.0,
  "181": 0.0,
  "182": 0.025870153769929967,
  "183": 0.0,
  "184": 0.0,
  "185": 0.02693185638702702,
  "186": 0.0,
  "187": 0.0,
  "188": 0.005184647780156766,
  "189": 0.0,
  "190": 0.008051244846318525,
  "191": 0.0013448233149894716,
  "192": 0.004105250119441536,
  "193": 0.031815688425673345,
  "194": 0.0,
  "195": 0.0035567037672747793,
  "196": 0.00470688160246314,
  "197": 0.003945994726876994,
  "198": 0.0,
  "199": 0.00672411657494734,
  "200": 0.0,
  "201": 0.0,
  "202": 0.0,
  "203": 0.0,
  "204": 0.04972307256737344,
  "205": 0.0,
  "206": 0.009325287986834862,
  "207": 0.0,
  "208": 0.004282200555624361,
  "209": 0.0,
  "210": 0.0,
  "211": 0.008263585369737914,
  "212": 0.0,
  "213": 0.008387450675065891,
  "214": 0.0,
  "215": 0.0,
  "216": 0.0,
  "217": 0.0,
  "218": 0.06306513545555732,
  "219": 0.0,
  "220": 0.0,
  "221": 0.042008033549803044,
  "222": 0.0,
  "223": 0.0,
  "224": 0.004087555075823254,
  "225": 0.0,
  "226": 0.0,
  "227": 0.048838320386459404,
  "228": 0.0041229451630598185,
  "229": 0.0,
  "230": 0.0,
  "231": 0.0,
  "232": 0.0,
  "233": 0.0,
  "234": 0.0,
  "235": 0.0,
  "236": 0.0,
  "237": 0.0,
  "238": 0.0,
  "239": 0.0006547166138764536,
  "240": 0.0,
  "241": 0.0,
  "242": 0.1031267142073606,
  "243": 0.0,
  "244": 0.0,
  "245": 0.0,
  "246": 0.0,
  "247": 0.0,
  "248": 0.0039282996832587114,
  "249": 0.0,
  "250": 0.0072726629271140965,
  "251": 0.0,
  "252": 0.0,
  "253": 0.0,
  "254": 0.7395112628946904,
  "255": 0.0,
  "256": 0.0,
  "257": 0.0,
  "258": 0.0,
  "259": 0.0,
  "260": 1.7695043618282518e-05,
  "261": 0.0,
  "262": 0.0,
  "263": 0.0,
  "264": 0.0,
  "265": 0.0,
  "266": 0.0036451789853661916,
  "267": 0.0,
  "268": 0.004087555075823254,
  "269": 0.0,
  "270": 0.004459150991807185,
  "271": 0.0,
  "272": 0.0,
  "273": 0.0,
  "274": 0.0009732273990055399,
  "275": 0.0,
  "276": 0.008245890326119632,
  "277": 0.0,
  "278": 0.0,
  "279": 0.0,
  "280": 0.0,
  "281": 0.0,
  "282": 0.0,
  "283": 0.0,
  "284": 0.0,
  "285": 0.0041229451630598185,
  "286": 0.0,
  "287": 0.011979544529577231,
  "288": 0.008245890326119632,
  "289": 0.0,
  "290": 0.0005308513085484757,
  "291": 0.0,
  "292": 0.008033549802700242,
  "293": 0.0,
  "294": 0.004653796471608292,
  "295": 0.0,
  "296": 0.0,
  "297": 0.0,
  "298": 0.003999079857731841,
  "299": 0.0038398244651672987,
  "300": 0.0017695043618282506,
  "301": 0.0,
  "302": 0.0,
  "303": 0.0,
  "304": 0.0,
  "305": 0.0,
  "306": 0.0,
  "307": 0.0,
  "308": 0.0,
  "309": 0.004211420381151231,
  "310": 0.0,
  "311": 0.0,
  "312": 0.0,
  "313": 0.011519473395501887,
  "314": 0.0,
  "315": 0.0,
  "316": 0.0,
  "317": 0.0,
  "318": 0.0,
  "319": 0.0,
  "320": 0.0,
  "321": 0.004069860032204971,
  "322": 0.00780351423566257,
  "323": 0.0,
  "324": 0.0,
  "325": 0.0,
  "326": 0.0,
  "327": 0.0,
  "328": 0.003892909596022146,
  "329": 8.847521809141259e-05,
  "330": 0.077008829826768,
  "331": 0.0,
  "332": 0.0,
  "333": 0.0,
  "334": 0.0,
  "335": 3.5390087236565036e-05,
  "336": 0.0,
  "337": 0.0,
  "338": 0.0,
  "339": 0.0,
  "340": 0.003574398810893062,
  "341": 0.028612885530764017,
  "342": 0.0037159591598393215,
  "343": 0.0,
  "344": 0.048749845168368,
  "345": 0.007414223276060356,
  "346": 0.0,
  "347": 0.007679648930334593,
  "348": 0.0,
  "349": 0.00794507458460883,
  "350": 0.0,
  "351": 0.0,
  "352": 0.0,
  "353": 0.0,
  "354": 0.0,
  "355": 0.00017695043618282517,
  "356": 0.0,
  "357": 0.0,
  "358": 0.0,
  "359": 0.0,
  "360": 0.0,
  "361": 0.004034469944968406,
  "362": 0.0,
  "363": 0.0,
  "364": 0.0,
  "365": 0.0,
  "366": 0.0,
  "367": 0.0,
  "368": 0.0,
  "369": 0.0,
  "370": 0.0,
  "371": 0.003539008723656497,
  "372": 0.0,
  "373": 5.308513085484756e-05,
  "374": 0.0,
  "375": 0.0,
  "376": 0.0,
  "377": 0.003733654203457604,