{
  "0": 0.0,
  "1": 0.08026471785253293,
  "2": 0.014970006901066967,
  "3": 0.12482083768338127,
  "4": 0.05089094544617997,
  "5": 0.030577035372393563,
  "6": 0.09208500698954909,
  "7": 0.2699555854405454,
  "8": 0.07707961000124115,
  "9": 0.007290357970732379,
  "10": 0.04696264576292165,
  "11": 0.1180436359775771,
  "12": 0.023888308884682137,
  "13": 0.03169182312034538,
  "14": 0.09521702970998601,
  "15": 0.018933696671562562,
  "16": 0.013005857059437614,
  "17": 0.0365402650717543,
  "18": 0.005556243696140698,
  "19": 0.08065400881213526,
  "20": 0.028064339178597207,
  "21": 0.06805513775591444,
  "22": 0.14214428538568488,
  "23": 0.007573478668624898,
  "24": 0.0,
  "25": 7.078017447313007e-05,
  "26": 0.015341602817050898,
  "27": 0.05258966963353492,
  "28": 0.016084794649018807,
  "29": 0.0,
  "30": 0.001167872878806647,
  "31": 0.019906924070568193,
  "32": 0.007661953886716311,
  "33": 0.051581052147292916,
  "34": 0.019924619114186477,
  "35": 0.003999079857731841,
  "36": 0.006051704917452607,
  "37": 0.039088351352786724,
  "38": 0.034505335055652016,
  "39": 0.004193725337532948,
  "40": 0.004512236122662033,
  "41": 0.007962769628227112,
  "42": 0.004087555075823254,
  "43": 0.10841753224922861,
  "44": 0.2767858722771937,
  "45": 0.04291048077433536,
  "46": 0.0,
  "47": 0.0,
  "48": 0.0,
  "49": 0.039106046396405005,
  "50": 0.003892909596022146,
  "51": 0.07545166598835869,
  "52": 0.011891069311485819,
  "53": 0.12144108435228833,
  "54": 0.003910604639640429,
  "55": 0.003574398810893062,
  "56": 0.10726735441403991,
  "57": 0.0,
  "58": 0.004105250119441536,
  "59": 0.003238192982145695,
  "60": 0.0,
  "61": 0.007325748057968944,
  "62": 0.01681029143736846,
  "63": 0.16502397678413083,
  "64": 0.0,
  "65": 0.0,
  "66": 0.0,
  "67": 0.0,
  "68": 0.0,
  "69": 0.14161343407713625,
  "70": 0.0,
  "71": 0.0,
  "72": 0.09686266876648676,
  "73": 0.046467184541609786,
  "74": 0.0,
  "75": 0.024136039495338116,
  "76": 0.0008670571372958445,
  "77": 0.00014156034894626015,
  "78": 0.0,
  "79": 0.08552014580716437,
  "80": 0.0,
  "81": 0.013749048891405477,
  "82": 0.004140640206678101,
  "83": 0.012315750358324598,
  "84": 0.0,
  "85": 0.0,
  "86": 0.0,
  "87": 0.007980464671845395,
  "88": 0.004317590642860926,
  "89": 0.03199263886185615,
  "90": 0.0,
  "91": 0.04926300143329814,
  "92": 0.0,
  "93": 0.0,
  "94": 0.009289897899598297,
  "95": 0.005078477518447071,
  "96": 0.04391909826057736,
  "97": 0.012740431405163377,
  "98": 0.0,
  "99": 0.0,
  "100": 0.004299895599242643,
  "101": 0.008405145718684174,
  "102": 0.0,
  "103": 0.0002831206978925203,
  "104": 0.006210960310017149,
  "105": 0.0,
  "106": 0.06980694707412492,
  "107": 0.01613787977987366,
  "108": 0.0,
  "109": 0.13872914196735536,
  "110": 0.0047776617769362695,
  "111": 0.0,
  "112": 0.0,
  "113": 0.0,
  "114": 0.0,
  "115": 0.023463627837843316,
  "116": 0.0,
  "117": 0.0,
  "118": 0.0,
  "119": 0.0,
  "120": 0.016084794649018807,
  "121": 0.0,
  "122": 0.061543361704384965,
  "123": 0.0,
  "124": 0.0,
  "125": 0.3081591846123685,
  "126": 0.0,
  "127": 0.003308973156618825,
  "128": 0.03565551289084026,
  "129": 0.0,
  "130": 0.0,
  "131": 0.0,
  "132": 0.004069860032204971,
  "133": 0.0,
  "134": 0.0,
  "135": 0.0,
  "136": 0.0,
  "137": 5.308513085484756e-05,
  "138": 0.0,
  "139": 0.0,
  "140": 0.003910604639640429,
  "141": 0.09712809442076108,
  "142": 0.0,
  "143": 0.02824128961478005,
  "144": 0.0,
  "145": 0.0,
  "146": 0.0,
  "147": 0.0,
  "148": 0.028524410312672596,
  "149": 0.046697220108647436,
  "150": 0.0,
  "151": 0.0,
  "152": 0.0,
  "153": 0.00017695043618282517,
  "154": 0.0,
  "155": 0.0,
  "156": 0.008334365544211044,
  "157": 0.001964149841629358,
  "158": 0.0,
  "159": 0.14318829295916385,
  "160": 0.011820289137012689,
  "161": 0.0,
  "162": 0.0,
  "163": 0.0,
  "164": 0.0,
  "165": 0.0019818448852476403,
  "166": 0.03530161201847465,
  "167": 0.0,
  "168": 0.0,
  "169": 0.0,
  "170": 0.03671721550793711,
  "171": 0.0,
  "172": 0.007909684497372265,
  "173": 0.003981384814113559,
  "174": 0.00023003556703767272,
  "175": 0.07796436218215554,
  "176": 0.0,
  "177": 0.0038752145524038636,
  "178": 0.0,
  "179": 0.03310742660980784,
  "180": 0.0,
  "181": 0.0,
  "182": 0.027887388742414365,
  "183": 0.0,
  "184": 0.0,
  "185": 0.02601171411887624,
  "186": 0.0,
  "187": 0.0,
  "188": 0.005485463521667568,
  "189": 0.0,
  "190": 0.008175110151646502,
  "191": 0.0013802134022260365,
  "192": 0.004459150991807185,
  "193": 0.031125581724560373,
  "194": 0.0,
  "195": 0.0035920938545113443,
  "196": 0.0043529807300974905,
  "197": 0.004016774901350124,
  "198": 0.0,
  "199": 0.007060322403694707,
  "200": 0.0,
  "201": 0.0,
  "202": 0.0,
  "203": 0.0,
  "204": 0.050112363526975616,
  "205": 0.0,
  "206": 0.010298515385840397,
  "207": 0.0,
  "208": 0.00442376090457062,
  "209": 0.0,
  "210": 0.0,
  "211": 0.008334365544211044,
  "212": 0.0,
  "213": 0.0078742944101357,
  "214": 0.0,
  "215": 0.0,
  "216": 0.0,
  "217": 0.0,
  "218": 0.0645338240758752,
  "219": 0.0,
  "220": 0.0,
  "221": 0.04294587086157192,
  "222": 0.0,
  "223": 0.0,
  "224": 0.004140640206678101,
  "225": 0.0,
  "226": 0.0,
  "227": 0.04821899385981958,
  "228": 0.004087555075823254,
  "229": 0.0,
  "230": 0.0,
  "231": 0.0,
  "232": 0.0,
  "233": 0.0,
  "234": 0.0,
  "235": 0.0,
  "236": 0.0,
  "237": 0.0,
  "238": 0.0,
  "239": 0.0007254967883495839,
  "240": 0.0,
  "241": 0.0,
  "242": 0.10601100631714148,
  "243": 0.0,
  "244": 0.0,
  "245": 0.0,
  "246": 0.0,
  "247": 0.0,
  "248": 0.003503618636419932,
  "249": 0.0,
  "250": 0.007679648930334593,
  "251": 0.0,
  "252": 0.0,
  "253": 0.0,
  "254": 0.7390158016733791,
  "255": 0.0,
  "256": 0.0,
  "257": 0.0,
  "258": 0.0,
  "259": 0.0,
  "260": 5.308513085484756e-05,
  "261": 0.0,
  "262": 0.0,
  "263": 0.0,
  "264": 0.0,
  "265": 0.0,
  "266": 0.0038221294215490162,
  "267": 0.0,
  "268": 0.004158335250296383,
  "269": 0.0,
  "270": 0.004069860032204971,
  "271": 0.0,
  "272": 0.0,
  "273": 0.0,
  "274": 0.0009909224426238223,
  "275": 0.0,
  "276": 0.007998159715463677,
  "277": 0.0,
  "278": 0.0,
  "279": 0.0,
  "280": 0.0,
  "281": 0.0,
  "282": 0.0,
  "283": 0.0,
  "284": 0.0,
  "285": 0.004158335250296383,
  "286": 0.0,
  "287": 0.011926459398722384,
  "288": 0.00815741510802822,
  "289": 0.0,
  "290": 0.0005131562649301931,
  "291": 0.0,
  "292": 0.008369755631447609,
  "293": 0.0,
  "294": 0.003945994726876994,
  "295": 0.0,
  "296": 0.0,
  "297": 0.0,
  "298": 0.004193725337532948,
  "299": 0.003981384814113559,
  "300": 0.001999539928865923,
  "301": 0.0,
  "302": 0.0,
  "303": 0.0,
  "304": 0.0,
  "305": 0.0,
  "306": 0.0,
  "307": 0.0,
  "308": 0.0,
  "309": 0.0038221294215490162,
  "310": 0.0,
  "311": 0.0,
  "312": 0.0,
  "313": 0.010563941040114634,
  "314": 0.0,
  "315": 0.0,
  "316": 0.0,
  "317": 0.0,
  "318": 0.0,
  "319": 0.0,
  "320": 0.0,
  "321": 0.003733654203457604,
  "322": 0.008582096154866999,
  "323": 0.0,
  "324": 0.0,
  "325": 0.0,
  "326": 0.0,
  "327": 7.078017447313007e-05,
  "328": 0.003981384814113559,
  "329": 7.078017447313007e-05,
  "330": 0.07433687824040656,
  "331": 0.0,
  "332": 3.5390087236565036e-05,
  "333": 0.0,
  "334": 0.0,
  "335": 1.7695043618282518e-05,
  "336": 0.0,
  "337": 0.0,
  "338": 0.0,
  "339": 0.0,
  "340": 0.003769044290694169,
  "341": 0.02820589952754348,
  "342": 0.003981384814113559,
  "343": 0.0,
  "344": 0.048838320386459404,
  "345": 0.007821209279280853,
  "346": 0.0,
  "347": 0.00874135154743154,
  "348": 0.0,
  "349": 0.00815741510802822,
  "350": 0.0,
  "351": 0.0,
  "352": 0.0,
  "353": 0.0,
  "354": 3.5390087236565036e-05,
  "355": 0.00023003556703767272,
  "356": 0.0,
  "357": 0.0,
  "358": 0.0,
  "359": 0.0,
  "360": 0.0,
  "361": 0.00442376090457062,
  "362": 1.7695043618282518e-05,
  "363": 0.0,
  "364": 0.0,
  "365": 0.0,
  "366": 0.0,
  "367": 0.0,
  "368": 0.0,
  "369": 0.0,
  "370": 0.0,
  "371": 0.003539008723656497,