{
  "0": 0.0,
  "1": 0.18196297896911925,
  "2": 0.1201343969115997,
  "3": 0.18989784953068678,
  "4": 0.08102088909389546,
  "5": 0.06829939704330958,
  "6": 0.265387781938188,
  "7": 0.2754684653571987,
  "8": 0.10507354769508356,
  "9": 0.02023626360133171,
  "10": 0.11582476760699889,
  "11": 0.10327101548218354,
  "12": 0.07314714380769906,
  "13": 0.0640323060806072,
  "14": 0.25665775664360196,
  "15": 0.05711405499414946,
  "16": 0.0169312437532891,
  "17": 0.04354324874593388,
  "18": 0.04634269256540619,
  "19": 0.01681081186249892,
  "20": 0.0567641974346852,
  "21": 0.17321537329499628,
  "22": 0.0249099680397393,
  "23": 0.054367352313287994,
  "24": 0.011554129685484265,
  "25": 0.010733422208233156,
  "26": 0.01040919745979186,
  "27": 0.002658000115273302,
  "28": 0.020710590705442067,
  "29": 0.008857045538410218,
  "30": 0.007731203523158387,
  "31": 0.005696317484680278,
  "32": 0.02597490210376521,
  "33": 0.04441745227724764,
  "34": 0.039667581444997164,
  "35": 0.003277648443857893,
  "36": 0.0015856312778583103,
  "37": 0.0648360508364183,
  "38": 0.0057105464971356846,
  "39": 0.001365733557235156,
  "40": 0.0017276011352510068,
  "41": 0.003997357384146586,
  "42": 0.0038698796158061406,
  "43": 0.0023009136684522744,
  "44": 0.003192423064593231,
  "45": 0.003972307916881842,
  "46": 0.00025317119106751094,
  "47": 0.00020651512852281153,
  "48": 0.001813089591112513,
  "49": 0.054202105896131024,
  "50": 0.0010685828220430142,
  "51": 0.0004787079013534593,
  "52": 0.016068329639413834,
  "53": 0.00045684966758956604,
  "54": 0.0024809724418228696,
  "55": 0.0025069598343459283,
  "56": 0.43381250752842293,
  "57": 0.0004085465167863629,
  "58": 0.0021116815285308456,
  "59": 0.006237454606276191,
  "60": 1.0854769148055837e-05,
  "61": 0.0010018528713478005,
  "62": 0.0006784859813744744,
  "63": 0.0002480354783725931,
  "64": 0.0006495475557215963,
  "65": 0.00028234981709142077,
  "66": 0.00015124616695968635,
  "67": 0.00035530210120764854,
  "68": 0.00019682704689119582,
  "69": 0.00044454225810241317,
  "70": 3.080283805660102e-05,
  "71": 2.0702984360359394e-05,
  "72": 0.011088575613973023,
  "73": 0.004111418246047969,
  "74": 2.0954622844297466e-05,
  "75": 0.0013903369380965556,
  "76": 0.00013378016855180303,
  "77": 8.039849561821337e-05,
  "78": 0.0002837795812047053,
  "79": 4.632435727041743e-06,
  "80": 0.0,
  "81": 0.0006054078780162776,
  "82": 1.1506741583713563e-05,
  "83": 0.002425760670824276,
  "84": 2.356251258692837e-05,
  "85": 0.00013630799150409,
  "86": 0.00013029154411538888,
  "87": 0.000294794483933449,
  "88": 0.0002544408216001076,
  "89": 0.0007570772551534961,
  "90": 0.0004518512122495235,
  "91": 3.820329710696154e-06,
  "92": 4.575245162510364e-06,
  "93": 7.281502676135244e-05,
  "94": 0.0006684318801298578,
  "95": 0.0002898303429321252,
  "96": 0.0010371966402281932,
  "97": 7.243756903544532e-05,
  "98": 0.0,
  "99": 1.2135837793558739e-05,
  "100": 0.007945222053747715,
  "101": 8.727280147488518e-06,
  "102": 0.0,
  "103": 4.712502517385674e-06,
  "104": 8.32809000705949e-05,
  "105": 4.90466281421111e-05,
  "106": 6.191450516167149e-05,
  "107": 6.691296050171407e-05,
  "108": 6.051905538710583e-05,
  "109": 0.08134002388209347,
  "110": 2.8137757749438734e-06,
  "111": 0.0009390919458310646,
  "112": 5.375913065949677e-07,
  "113": 0.0010891256728226856,
  "114": 9.553111899321638e-05,
  "115": 0.05779196906987862,
  "116": 2.2624587328613748e-05,
  "117": 0.0,
  "118": 1.00655393575228e-06,
  "119": 0.0005546569710511314,
  "120": 0.0007102496209152025,
  "121": 3.0997285976007713e-06,
  "122": 0.033984818124110826,
  "123": 0.0,
  "124": 3.521794963842352e-05,
  "125": 3.374243307351393e-05,
  "126": 1.8186599520978694e-06,
  "127": 0.00020238596976364593,
  "128": 0.0,
  "129": 7.5491545181421e-07,
  "130": 0.0,
  "131": 0.0,
  "132": 3.243848820219848e-05,
  "133": 9.036109195957968e-07,
  "134": 0.0,
  "135": 0.0,
  "136": 5.53604664663754e-05,
  "137": 0.0,
  "138": 0.0009086551273874645,
  "139": 0.0,
  "140": 0.0,
  "141": 0.0005682454491837872,
  "142": 0.0,
  "143": 0.00010678622209299188,
  "144": 0.00012404633446856222,
  "145": 4.6896262915731225e-06,
  "146": 0.00028573549851167846,
  "147": 0.0,
  "148": 0.0004540130155888096,
  "149": 0.047725160081823224,
  "150": 0.0,
  "151": 0.0,
  "152": 0.0,
  "153": 6.962379326050146e-05,
  "154": 3.957587065571464e-06,
  "155": 0.0,
  "156": 0.00019701005669769625,
  "157": 0.0003341187161052256,
  "158": 0.0,
  "159": 0.0001985999543916686,
  "160": 0.0009214543757295871,
  "161": 0.0,
  "162": 0.0,
  "163": 0.0,
  "164": 0.0,
  "165": 0.00010987451257768638,
  "166": 0.0031482719487750063,
  "167": 4.197787436603258e-06,
  "168": 0.0,
  "169": 0.0,
  "170": 0.08362474118267045,
  "171": 8.951467160451526e-05,
  "172": 0.0002599768682467451,
  "173": 9.19624277664583e-06,
  "174": 0.0,
  "175": 0.0,
  "176": 0.0,
  "177": 1.4640784520033162e-06,
  "178": 0.0,
  "179": 0.003789092224349114,
  "180": 0.0,
  "181": 0.00016547517941509356,
  "182": 9.596576728365488e-06,
  "183": 8.339528119965765e-05,
  "184": 0.0,
  "185": 0.07215508196099903,
  "186": 0.0,
  "187": 9.346082055718045e-05,
  "188": 8.413875853856558e-05,
  "189": 0.0,
  "190": 0.0007197318165145052,
  "191": 0.00021271458571801307,
  "192": 5.740788867659878e-05,
  "193": 0.072529016748131,
  "194": 0.0002603314497468397,
  "195": 0.00011348895625606956,
  "196": 0.005412732351394979,
  "197": 3.866082162321257e-06,
  "198": 0.0,
  "199": 0.005644274070956723,
  "200": 0.0,
  "201": 0.0,
  "202": 0.0,
  "203": 0.0,
  "204": 0.0,
  "205": 0.0,
  "206": 4.8497598722609854e-05,
  "207": 0.0,
  "208": 0.004540541927952722,
  "209": 0.0001640454153018091,
  "210": 7.378726635838589e-05,
  "211": 1.6162053536567857e-05,
  "212": 3.2026716137572543e-06,
  "213": 0.00012968532413135624,
  "214": 0.0,
  "215": 0.0,
  "216": 0.0,
  "217": 0.00022896814415783115,
  "218": 0.0004287347860659399,
  "219": 0.0,
  "220": 0.0,
  "221": 0.0,
  "222": 0.0,
  "223": 1.0694635567367974e-05,
  "224": 0.00033209417012081474,
  "225": 7.960926582768032e-06,
  "226": 0.0,
  "227": 0.00015579853589638414,
  "228": 0.0005046952938765182,
  "229": 0.0,
  "230": 0.022507666938485795,
  "231": 0.0006645086074030051,
  "232": 0.0,
  "233": 0.0,
  "234": 0.0,
  "235": 0.0,
  "236": 0.0,
  "237": 0.0,
  "238": 2.594164007143376e-05,
  "239": 0.0,
  "240": 0.0,
  "241": 0.0,
  "242": 0.004800884815812468,
  "243": 9.75671030905335e-06,
  "244": 0.0,
  "245": 0.0,
  "246": 0.0,
  "247": 0.0,
  "248": 8.121060163455895e-06,
  "249": 0.0,
  "250": 0.0018340556520697168,
  "251": 0.0,
  "252": 0.0,
  "253": 0.0,
  "254": 0.025062072065166956,
  "255": 0.0,
  "256": 0.0,
  "257": 8.040993373111964e-06,
  "258": 0.0,
  "259": 0.0,
  "260": 0.00035816162943421754,
  "261": 0.0,
  "262": 0.0,
  "263": 0.0,
  "264": 0.0,
  "265": 0.0,
  "266": 0.0001017420143013242,
  "267": 4.957278133579979e-05,
  "268": 3.039106599197509e-05,
  "269": 0.0,
  "270": 4.6427300286573915e-05,
  "271": 0.0035172997854701856,
  "272": 0.0,
  "273": 0.0,
  "274": 1.6127739197849032e-05,
  "275": 8.106190616677736e-05,
  "276": 0.00033074447279787415,
  "277": 0.0,
  "278": 0.0,
  "279": 0.0,
  "280": 0.0,
  "281": 0.0,
  "282": 6.71302846469333e-05,
  "283": 0.0,
  "284": 0.0,
  "285": 0.008074621425056414,
  "286": 0.0,
  "287": 0.024143568722567187,
  "288": 0.00016301598514024425,
  "289": 0.0,
  "290": 0.0,
  "291": 0.0,
  "292": 0.016109701293795835,
  "293": 0.0,
  "294": 1.701991200453855e-05,
  "295": 0.0,
  "296": 0.0,
  "297": 0.0,
  "298": 0.008068559225216088,
  "299": 0.0,
  "300": 0.012312888343234983,
  "301": 0.0,
  "302": 0.0,
  "303": 0.0,
  "304": 0.0,
  "305": 0.0,
  "306": 0.0,
  "307": 0.0,
  "308": 0.0,
  "309": 0.0,
  "310": 0.0,
  "311": 0.0,
  "312": 0.0,
  "313": 0.007950575090587853,
  "314": 0.00012651696685631782,
  "315": 0.0,
  "316": 0.0,
  "317": 0.0,
  "318": 0.0,
  "319": 0.0,