{
  "0": 0.0,
  "1": 0.07950383097694656,
  "2": 0.01557163838408857,
  "3": 0.1251924335993653,
  "4": 0.05037778918124983,
  "5": 0.03040008493621072,
  "6": 0.09357139065348526,
  "7": 0.26859306708193936,
  "8": 0.07681418434696684,
  "9": 0.008210500238883067,
  "10": 0.04894449064816909,
  "11": 0.11730044414560901,
  "12": 0.02411834445171983,
  "13": 0.03174490825120022,
  "14": 0.09456231309610937,
  "15": 0.019588413285439078,
  "16": 0.013607488542459217,
  "17": 0.03784969829950707,
  "18": 0.005078477518447071,
  "19": 0.07999929219825862,
  "20": 0.028595190487145733,
  "21": 0.07024932316458211,
  "22": 0.14490471219013776,
  "23": 0.007750429104807723,
  "24": 0.0,
  "25": 0.0,
  "26": 0.015589333427706853,
  "27": 0.05267814485162632,
  "28": 0.016385610390529638,
  "29": 0.0,
  "30": 0.000884752180914127,
  "31": 0.019464547980111088,
  "32": 0.007661953886716311,
  "33": 0.05147488188558323,
  "34": 0.019287597543928246,
  "35": 0.004388370817334055,
  "36": 0.005839364394033217,
  "37": 0.039619202661335146,
  "38": 0.03443455488117889,
  "39": 0.0038221294215490162,
  "40": 0.003432838461946802,
  "41": 0.007785819192044288,
  "42": 0.0038752145524038636,
  "43": 0.10940845469185272,
  "44": 0.2759542052271355,
  "45": 0.04273353033815255,
  "46": 0.0,
  "47": 0.0,
  "48": 0.0,
  "49": 0.04015005396988357,
  "50": 0.003308973156618825,
  "51": 0.07603560242776218,
  "52": 0.012227275140233185,
  "53": 0.12331675897582682,
  "54": 0.004264505512006078,
  "55": 0.0041229451630598185,
  "56": 0.1088599083396858,
  "57": 0.0,
  "58": 0.004140640206678101,
  "59": 0.003627483941747909,
  "60": 0.0,
  "61": 0.007661953886716311,
  "62": 0.016403305434147922,
  "63": 0.16470546599900165,
  "64": 0.0,
  "65": 0.0,
  "66": 0.0,
  "67": 0.0,
  "68": 0.0,
  "69": 0.14265744165061522,
  "70": 0.0,
  "71": 0.0,
  "72": 0.09679188859201361,
  "73": 0.04698034080653993,
  "74": 0.0,
  "75": 0.02479075610921463,
  "76": 0.0009201422681506922,
  "77": 0.00024773061065595526,
  "78": 0.0,
  "79": 0.08500698954223403,
  "80": 0.0,
  "81": 0.01498770194468525,
  "82": 0.003857519508785581,
  "83": 0.012138799922141773,
  "84": 0.0,
  "85": 0.0,
  "86": 0.0,
  "87": 0.007980464671845395,
  "88": 0.004406065860952338,
  "89": 0.031797993382055065,
  "90": 0.0,
  "91": 0.05119176118769074,
  "92": 0.0,
  "93": 0.0,
  "94": 0.008989082158087495,
  "95": 0.004990002300355659,
  "96": 0.04491002070320108,
  "97": 0.011130182435899673,
  "98": 0.0,
  "99": 0.0,
  "100": 0.004016774901350124,
  "101": 0.008475925893157304,
  "102": 0.0,
  "103": 0.0001061702617096951,
  "104": 0.006087095004689172,
  "105": 0.0,
  "106": 0.07083325960398561,
  "107": 0.015553943340470288,
  "108": 0.0,
  "109": 0.13901226266524797,
  "110": 0.0045476262098985976,
  "111": 0.0,
  "112": 0.0,
  "113": 0.0,
  "114": 0.0,
  "115": 0.022826606267585085,
  "116": 0.0,
  "117": 0.0,
  "118": 0.0,
  "119": 0.0,
  "120": 0.01610248969263709,
  "121": 0.0,
  "122": 0.06126024100649247,
  "123": 0.0,
  "124": 0.0,
  "125": 0.30722134730060074,
  "126": 0.0,
  "127": 0.0034505335055650846,
  "128": 0.03531930706209293,
  "129": 0.0,
  "130": 0.0,
  "131": 0.0,
  "132": 0.004264505512006078,
  "133": 0.0,
  "134": 0.0,
  "135": 0.0,
  "136": 0.0,
  "137": 5.308513085484756e-05,
  "138": 0.0,
  "139": 0.0,
  "140": 0.004034469944968406,
  "141": 0.09893298886982642,
  "142": 0.0,
  "143": 0.027675048218994955,
  "144": 0.0,
  "145": 0.0,
  "146": 0.0,
  "147": 0.0,
  "148": 0.027551182913666965,
  "149": 0.045688602622405435,
  "150": 0.0,
  "151": 0.0,
  "152": 0.0,
  "153": 5.308513085484756e-05,
  "154": 0.0,
  "155": 0.0,
  "156": 0.008210500238883067,
  "157": 0.0020172349724842053,
  "158": 0.0,
  "159": 0.14423230053264283,
  "160": 0.012032629660432078,
  "161": 0.0,
  "162": 0.0,
  "163": 0.0,
  "164": 0.0,
  "165": 0.001362518358607754,
  "166": 0.03540778228018433,
  "167": 0.0,
  "168": 0.0,
  "169": 0.0,
  "170": 0.036186364199388685,
  "171": 0.0,
  "172": 0.007838904322899135,
  "173": 0.003945994726876994,
  "174": 0.00037159591598393286,
  "175": 0.07716808521933259,
  "176": 0.0,
  "177": 0.004317590642860926,
  "178": 0.0,
  "179": 0.03395678870348531,
  "180": 0.0,
  "181": 0.0,
  "182": 0.028648275618000586,
  "183": 0.0,
  "184": 0.0,
  "185": 0.02668412577637104,
  "186": 0.0,
  "187": 0.0,
  "188": 0.005680109001468675,
  "189": 0.0,
  "190": 0.007431918319678639,
  "191": 0.001327128271371189,
  "192": 0.0039282996832587114,
  "193": 0.031214056942651794,
  "194": 0.0,
  "195": 0.003733654203457604,
  "196": 0.004600711340753445,
  "197": 0.003857519508785581,
  "198": 0.0,
  "199": 0.006034009873834324,
  "200": 0.0,
  "201": 0.0,
  "202": 0.0,
  "203": 0.0,
  "204": 0.048891405517314246,
  "205": 0.0,
  "206": 0.01024543025498555,
  "207": 0.0,
  "208": 0.003945994726876994,
  "209": 0.0,
  "210": 0.0,
  "211": 0.008529011024012151,
  "212": 0.0,
  "213": 0.0074673084069152035,
  "214": 0.0,
  "215": 0.0,
  "216": 0.0,
  "217": 0.0,
  "218": 0.06584325730362849,
  "219": 0.0,
  "220": 0.0,
  "221": 0.04363597756268487,
  "222": 0.0,
  "223": 0.0,
  "224": 0.004459150991807185,
  "225": 0.0,
  "226": 0.0,
  "227": 0.04793587316192709,
  "228": 0.003892909596022146,
  "229": 0.0,
  "230": 0.0,
  "231": 0.0,
  "232": 0.0,
  "233": 0.0,
  "234": 0.0,
  "235": 0.0,
  "236": 0.0,
  "237": 0.0,
  "238": 0.0,
  "239": 0.0008139720064409968,
  "240": 0.0,
  "241": 0.0,
  "242": 0.10877143312159436,
  "243": 0.0,
  "244": 0.0,
  "245": 0.0,
  "246": 0.0,
  "247": 0.0,
  "248": 0.003698264116221039,
  "249": 0.0,
  "250": 0.007626563799479746,
  "251": 0.0,
  "252": 0.0,
  "253": 0.0,
  "254": 0.7366092757412958,
  "255": 0.0,
  "256": 0.0,
  "257": 0.0,
  "258": 0.0,
  "259": 0.0,
  "260": 7.078017447313007e-05,
  "261": 0.0,
  "262": 0.0,
  "263": 0.0,
  "264": 0.0,
  "265": 0.0,
  "266": 0.004034469944968406,
  "267": 0.0,
  "268": 0.003999079857731841,
  "269": 0.0,
  "270": 0.004034469944968406,
  "271": 0.0,
  "272": 0.0,
  "273": 0.0,
  "274": 0.0005308513085484757,
  "275": 0.0,
  "276": 0.008033549802700242,
  "277": 0.0,
  "278": 0.0,
  "279": 0.0,
  "280": 0.0,
  "281": 0.0,
  "282": 0.0,
  "283": 0.0,
  "284": 0.0,
  "285": 0.00334436324385539,
  "286": 0.0,
  "287": 0.011855679224249254,
  "288": 0.007768124148426005,
  "289": 0.0,
  "290": 0.0004954612213119105,
  "291": 0.0,
  "292": 0.007891989453753983,
  "293": 0.0,
  "294": 0.004246810468387796,
  "295": 0.0,
  "296": 0.0,
  "297": 0.0,
  "298": 0.004529931166280315,
  "299": 0.004069860032204971,
  "300": 0.002088015146957335,
  "301": 0.0,
  "302": 0.0,
  "303": 0.0,
  "304": 0.0,
  "305": 0.0,
  "306": 0.0,
  "307": 0.0,
  "308": 0.0,
  "309": 0.003733654203457604,
  "310": 0.0,
  "311": 0.0,
  "312": 0.0,
  "313": 0.010793976607152306,
  "314": 0.0,
  "315": 0.0,
  "316": 0.0,
  "317": 0.0,
  "318": 0.0,
  "319": 0.0,
  "320": 0.0,
  "321": 0.004158335250296383,
  "322": 0.008139720064409937,
  "323": 0.0,
  "324": 0.0,
  "325": 0.0,
  "326": 0.0,
  "327": 1.7695043618282518e-05,
  "328": 0.003662874028984474,
  "329": 0.00012386530532797763,
  "330": 0.07522163042132095,
  "331": 0.0,
  "332": 1.7695043618282518e-05,
  "333": 0.0,
  "334": 0.0,
  "335": 1.7695043618282518e-05,
  "336": 0.0,
  "337": 0.0,
  "338": 0.0,
  "339": 0.0,
  "340": 0.0036451789853661916,
  "341": 0.027604268044521818,
  "342": 0.004158335250296383,
  "343": 0.0,
  "344": 0.04800665333640021,
  "345": 0.008458230849539021,
  "346": 0.0,
  "347": 0.007715039017571158,
  "348": 0.0,
  "349": 0.00829897545697448,
  "350": 0.0,
  "351": 0.0,
  "352": 0.0,
  "353": 0.0,
  "354": 0.0,
  "355": 0.00015925539256454266,
  "356": 0.0,
  "357": 0.0,
  "358": 0.0,
  "359": 0.0,
  "360": 0.0,
  "361": 0.0039282996832587114,
  "362": 0.0,
  "363": 0.0,
  "364": 0.0,
  "365": 0.0,
  "366": 0.0,
  "367": 0.0,
  "368": 0.0,
  "369": 0.0,
  "370": 0.0,
  "371": 0.0036805690726027566,
  "372": 0.0,
  "373": 5.308513085484756e-05,