{
  "0": 0.0,
  "1": 0.08513436446675395,
  "2": 0.01608474870240312,
  "3": 0.12191838805567809,
  "4": 0.05142218123160434,
  "5": 0.030073232126273056,
  "6": 0.0933303239169318,
  "7": 0.2754394606838405,
  "8": 0.07779714805850069,
  "9": 0.008945572708098279,
  "10": 0.048343680719089524,
  "11": 0.12269558103163211,
  "12": 0.025914913333932095,
  "13": 0.030469099606996532,
  "14": 0.09880478189477623,
  "15": 0.017646619257102425,
  "16": 0.013255381034668374,
  "17": 0.03639616141866809,
  "18": 0.004613015459472808,
  "19": 0.07857159293227114,
  "20": 0.02788618103421121,
  "21": 0.06685843981349093,
  "22": 0.14232412290522828,
  "23": 0.006260321111562387,
  "24": 0.0,
  "25": 3.4763841764169984e-05,
  "26": 0.01622556542320691,
  "27": 0.05416969701197736,
  "28": 0.016516118077435433,
  "29": 0.0,
  "30": 0.0010200385373374163,
  "31": 0.02011641619392267,
  "32": 0.00868684733784933,
  "33": 0.05305228614270318,
  "34": 0.01871654361145124,
  "35": 0.003851954042437507,
  "36": 0.005798528119047929,
  "37": 0.03941508867679503,
  "38": 0.03481761830750015,
  "39": 0.003952170547852884,
  "40": 0.0037990746965378542,
  "41": 0.007680774381917188,
  "42": 0.0040101133751960895,
  "43": 0.112631092388636,
  "44": 0.2741961740680635,
  "45": 0.044001116566341404,
  "46": 0.0,
  "47": 0.0,
  "48": 0.0,
  "49": 0.04152362837611674,
  "50": 0.003578184814223094,
  "51": 0.07524806833602059,
  "52": 0.011901530742272065,
  "53": 0.12667683503032068,
  "54": 0.004043368720762853,
  "55": 0.004159953500489799,
  "56": 0.10589557240083039,
  "57": 0.0,
  "58": 0.004277984724119999,
  "59": 0.004165620648430833,
  "60": 0.0,
  "61": 0.008051826785048155,
  "62": 0.016325484856864532,
  "63": 0.1634779967305199,
  "64": 0.0,
  "65": 0.0,
  "66": 0.0,
  "67": 0.0,
  "68": 0.0,
  "69": 0.14049055861105647,
  "70": 0.0,
  "71": 0.0,
  "72": 0.09824637970855797,
  "73": 0.04754000189053632,
  "74": 0.0,
  "75": 0.025412437403927287,
  "76": 0.0008332975143203614,
  "77": 0.0002182271136057949,
  "78": 0.0,
  "79": 0.08347319709127941,
  "80": 0.0,
  "81": 0.014199183001373874,
  "82": 0.004066949910656505,
  "83": 0.011768536591924107,
  "84": 0.0,
  "85": 0.0,
  "86": 0.0,
  "87": 0.00797814246666344,
  "88": 0.003770367802497658,
  "89": 0.031370542487669795,
  "90": 0.0,
  "91": 0.05168559797988425,
  "92": 0.0,
  "93": 0.0,
  "94": 0.009255615265635656,
  "95": 0.0048984411684851355,
  "96": 0.04406960975471095,
  "97": 0.012715592025984452,
  "98": 0.0,
  "99": 0.0,
  "100": 0.0039881593213576365,
  "101": 0.00775753661573085,
  "102": 0.0,
  "103": 0.0001817100329639564,
  "104": 0.006353970546256311,
  "105": 0.0,
  "106": 0.06659325654043435,
  "107": 0.015306434307365122,
  "108": 0.0,
  "109": 0.1415475053675798,
  "110": 0.00533660233490048,
  "111": 0.0,
  "112": 0.0,
  "113": 0.0,
  "114": 0.0,
  "115": 0.0238982344188431,
  "116": 0.0,
  "117": 0.0,
  "118": 0.0,
  "119": 0.0,
  "120": 0.01578221580953053,
  "121": 0.0,
  "122": 0.05951684591583878,
  "123": 0.0,
  "124": 0.0,
  "125": 0.3132541476078294,
  "126": 0.0,
  "127": 0.0034293106847962424,
  "128": 0.03588614887687444,
  "129": 0.0,
  "130": 0.0,
  "131": 0.0,
  "132": 0.003992144251276745,
  "133": 0.0,
  "134": 0.0,
  "135": 0.0,
  "136": 0.0,
  "137": 3.784108699948195e-05,
  "138": 0.0,
  "139": 0.0,
  "140": 0.004677711094407524,
  "141": 0.09729070788717782,
  "142": 0.0,
  "143": 0.02758315841279601,
  "144": 0.0,
  "145": 0.0,
  "146": 0.0,
  "147": 0.0,
  "148": 0.02743846553058067,
  "149": 0.04779390308274154,
  "150": 0.0,
  "151": 0.0,
  "152": 0.0,
  "153": 0.00016818968118508857,
  "154": 0.0,
  "155": 0.0,
  "156": 0.007272471266410725,
  "157": 0.002008000774167195,
  "158": 0.0,
  "159": 0.14748352763481468,
  "160": 0.012891850623627877,
  "161": 0.0,
  "162": 0.0,
  "163": 0.0,
  "164": 0.0,
  "165": 0.001671226194778826,
  "166": 0.03575882799930276,
  "167": 0.0,
  "168": 0.0,
  "169": 0.0,
  "170": 0.035255077472295726,
  "171": 0.0,
  "172": 0.008889398815164888,
  "173": 0.004079001605724769,
  "174": 0.00022743725989147004,
  "175": 0.08170707970707036,
  "176": 0.0,
  "177": 0.0039915022459662605,
  "178": 0.0,
  "179": 0.033426119021740815,
  "180": 0.0,
  "181": 0.0,
  "182": 0.02798699740718716,
  "183": 0.0,
  "184": 0.0,
  "185": 0.02731810498949122,
  "186": 0.0,
  "187": 0.0,
  "188": 0.005365098252206165,
  "189": 0.0,
  "190": 0.008040686813204863,
  "191": 0.0014020219797972696,
  "192": 0.003990219942886518,
  "193": 0.03151430856613103,
  "194": 0.0,
  "195": 0.0039124547254355616,
  "196": 0.004537386362676862,
  "197": 0.003901557216873904,
  "198": 0.0,
  "199": 0.006609236978941769,
  "200": 0.0,
  "201": 0.0,
  "202": 0.0,
  "203": 0.0,
  "204": 0.0521302472527093,
  "205": 0.0,
  "206": 0.00979385357823235,
  "207": 0.0,
  "208": 0.004292153705903143,
  "209": 0.0,
  "210": 0.0,
  "211": 0.00840670364396734,
  "212": 0.0,
  "213": 0.008247925151916607,
  "214": 0.0,
  "215": 0.0,
  "216": 0.0,
  "217": 0.0,
  "218": 0.06467365354856447,
  "219": 0.0,
  "220": 0.0,
  "221": 0.04418520700177492,
  "222": 0.0,
  "223": 0.0,
  "224": 0.004667062396979415,
  "225": 0.0,
  "226": 0.0,
  "227": 0.050188143198972086,
  "228": 0.003991074830233526,
  "229": 0.0,
  "230": 0.0,
  "231": 0.0,
  "232": 0.0,
  "233": 0.0,
  "234": 0.0,
  "235": 0.0,
  "236": 0.0,
  "237": 0.0,
  "238": 0.0,
  "239": 0.000689003212027323,
  "240": 0.0,
  "241": 0.0,
  "242": 0.10522263803179646,
  "243": 0.0,
  "244": 0.0,
  "245": 0.0,
  "246": 0.0,
  "247": 0.0,
  "248": 0.003989962699643154,
  "249": 0.0,
  "250": 0.007610437431279931,
  "251": 0.0,
  "252": 0.0,
  "253": 0.0,
  "254": 0.7447176818106598,
  "255": 0.0,
  "256": 0.0,
  "257": 0.0,
  "258": 0.0,
  "259": 0.0,
  "260": 6.0649214020653306e-05,
  "261": 0.0,
  "262": 0.0,
  "263": 0.0,
  "264": 0.0,
  "265": 0.0,
  "266": 0.00390942831373587,
  "267": 0.0,
  "268": 0.003881495526989401,
  "269": 0.0,
  "270": 0.004054229702345551,
  "271": 0.0,
  "272": 0.0,
  "273": 0.0,
  "274": 0.0007919711039298929,
  "275": 0.0,
  "276": 0.009024896729052463,
  "277": 0.0,
  "278": 0.0,
  "279": 0.0,
  "280": 0.0,
  "281": 0.0,
  "282": 0.0,
  "283": 0.0,
  "284": 0.0,
  "285": 0.0036823468653407027,
  "286": 0.0,
  "287": 0.01180436694272835,
  "288": 0.00801945003216946,
  "289": 0.0,
  "290": 0.0005596824260375621,
  "291": 0.0,
  "292": 0.007237613056297842,
  "293": 0.0,
  "294": 0.0044334278712256404,
  "295": 0.0,
  "296": 0.0,
  "297": 0.0,
  "298": 0.003542696168386883,
  "299": 0.003951035684386038,
  "300": 0.0019430659055859757,
  "301": 0.0,
  "302": 0.0,
  "303": 0.0,
  "304": 0.0,
  "305": 0.0,
  "306": 0.0,
  "307": 0.0,
  "308": 0.0,
  "309": 0.0037497912818223768,
  "310": 0.0,
  "311": 0.0,
  "312": 0.0,
  "313": 0.011033952729391254,
  "314": 0.0,
  "315": 0.0,
  "316": 0.0,
  "317": 0.0,
  "318": 0.0,
  "319": 0.0,
  "320": 0.0,
  "321": 0.004209572022451164,
  "322": 0.007873037354750617,
  "323": 0.0,
  "324": 0.0,
  "325": 0.0,
  "326": 0.0,
  "327": 1.584123096554228e-05,
  "328": 0.004041319045232339,
  "329": 6.731040463173922e-05,
  "330": 0.07717781608102056,
  "331": 0.0,
  "332": 1.2718184750923601e-05,
  "333": 0.0,
  "334": 0.0,
  "335": 8.454058459645872e-06,
  "336": 6.070674536367367e-06,
  "337": 0.0,
  "338": 0.0,
  "339": 0.0,
  "340": 0.00399068164066093,
  "341": 0.028386099437397876,
  "342": 0.004340717157246889,
  "343": 0.0,
  "344": 0.050188143198972086,
  "345": 0.007530637515019849,
  "346": 0.0,
  "347": 0.008928859676308583,
  "348": 0.0,
  "349": 0.008416220198264551,
  "350": 0.0,
  "351": 0.0,
  "352": 0.0,
  "353": 0.0,
  "354": 4.017273326809226e-05,
  "355": 0.00023609237932369886,
  "356": 0.0,
  "357": 0.0,
  "358": 0.0,
  "359": 0.0,
  "360": 0.0,
  "361": 0.0037440515002855595,
  "362": 8.57160655868633e-06,
  "363": 0.0,
  "364": 0.0,
  "365": 0.0,
  "366": 0.0,
  "367": 0.0,
  "368": 0.0,
  "369": 0.0,
  "370": 0.0,
  "371": 0.003995500569606049,