{
  "0": 0.0,
  "1": 0.07738042574275204,
  "2": 0.01390830428397002,
  "3": 0.12522782368660187,
  "4": 0.049386866738626106,
  "5": 0.03077168085219469,
  "6": 0.09289897899599033,
  "7": 0.270132535876728,
  "8": 0.07440765841487972,
  "9": 0.008546706067630434,
  "10": 0.04772353263850772,
  "11": 0.11515934386779621,
  "12": 0.024719975934741494,
  "13": 0.03149717764054429,
  "14": 0.0962433422398467,
  "15": 0.020349300161025298,
  "16": 0.011837984180630971,
  "17": 0.03632792454833493,
  "18": 0.005255427954629896,
  "19": 0.08028241289615122,
  "20": 0.027675048218994955,
  "21": 0.07109868525825992,
  "22": 0.1454355634986864,
  "23": 0.008175110151646502,
  "24": 0.0,
  "25": 1.7695043618282518e-05,
  "26": 0.015217737511722921,
  "27": 0.05313821598570162,
  "28": 0.0166510360448039,
  "29": 0.0,
  "30": 0.0011501778351883645,
  "31": 0.020667810946154413,
  "32": 0.007449613363296921,
  "33": 0.05195264806327681,
  "34": 0.02006617946313275,
  "35": 0.0037159591598393215,
  "36": 0.005750889175941805,
  "37": 0.03894679100384048,
  "38": 0.03478845575354451,
  "39": 0.0033620582874736723,
  "40": 0.003733654203457604,
  "41": 0.008051244846318525,
  "42": 0.004299895599242643,
  "43": 0.11068249783236943,
  "44": 0.2780599154177084,
  "45": 0.04308743121051817,
  "46": 0.0,
  "47": 0.0,
  "48": 0.0,
  "49": 0.03905296126555016,
  "50": 0.004335285686479208,
  "51": 0.07626563799479992,
  "52": 0.011484083308265322,
  "53": 0.12283899279813305,
  "54": 0.004176030293914666,
  "55": 0.004476846035425468,
  "56": 0.10502008387451738,
  "57": 0.0,
  "58": 0.003857519508785581,
  "59": 0.003892909596022146,
  "60": 0.0,
  "61": 0.00794507458460883,
  "62": 0.016580255870330764,
  "63": 0.16559021817991604,
  "64": 0.0,
  "65": 0.0,
  "66": 0.0,
  "67": 0.0,
  "68": 0.0,
  "69": 0.14359527896238447,
  "70": 0.0,
  "71": 0.0,
  "72": 0.0979597614708206,
  "73": 0.04657335480331947,
  "74": 0.0,
  "75": 0.024596110629413505,
  "76": 0.0008493620936775619,
  "77": 0.0002654256542742378,
  "78": 0.0,
  "79": 0.08506007467308889,
  "80": 0.0,
  "81": 0.01550085820961544,
  "82": 0.0032912781130005424,
  "83": 0.011855679224249254,
  "84": 0.0,
  "85": 0.0,
  "86": 0.0,
  "87": 0.007715039017571158,
  "88": 0.004069860032204971,
  "89": 0.031284837117124924,
  "90": 0.0,
  "91": 0.050094668483357335,
  "92": 0.0,
  "93": 0.0,
  "94": 0.009325287986834862,
  "95": 0.004795356820554552,
  "96": 0.046184063843717295,
  "97": 0.011731813918921277,
  "98": 0.0,
  "99": 0.0,
  "100": 0.003981384814113559,
  "101": 0.00801585475908196,
  "102": 0.0,
  "103": 0.0002123405234193902,
  "104": 0.0063879107461999735,
  "105": 0.0,
  "106": 0.07200113248279259,
  "107": 0.016120184736255375,
  "108": 0.0,
  "109": 0.1386583617928822,
  "110": 0.004919222125882529,
  "111": 0.0,
  "112": 0.0,
  "113": 0.0,
  "114": 0.0,
  "115": 0.02360518818678959,
  "116": 0.0,
  "117": 0.0,
  "118": 0.0,
  "119": 0.0,
  "120": 0.01610248969263709,
  "121": 0.0,
  "122": 0.062056517969315106,
  "123": 0.0,
  "124": 0.0,
  "125": 0.30598269424732255,
  "126": 0.0,
  "127": 0.0031497177640542827,
  "128": 0.03535469714932949,
  "129": 0.0,
  "130": 0.0,
  "131": 0.0,
  "132": 0.0038221294215490162,
  "133": 0.0,
  "134": 0.0,
  "135": 0.0,
  "136": 0.0,
  "137": 5.308513085484756e-05,
  "138": 0.0,
  "139": 0.0,
  "140": 0.003910604639640429,
  "141": 0.09974696087626765,
  "142": 0.0,
  "143": 0.027498097782812113,
  "144": 0.0,
  "145": 0.0,
  "146": 0.0,
  "147": 0.0,
  "148": 0.02756887795728525,
  "149": 0.04657335480331947,
  "150": 0.0,
  "151": 0.0,
  "152": 0.0,
  "153": 0.0001061702617096951,
  "154": 0.0,
  "155": 0.0,
  "156": 0.008263585369737914,
  "157": 0.00219418540866703,
  "158": 0.0,
  "159": 0.14534708828059495,
  "160": 0.012368835489179445,
  "161": 0.0,
  "162": 0.0,
  "163": 0.0,
  "164": 0.0,
  "165": 0.0014686886203174488,
  "166": 0.03590324350149619,
  "167": 0.0,
  "168": 0.0,
  "169": 0.0,
  "170": 0.03487693097163591,
  "171": 0.0,
  "172": 0.007113407534549554,
  "173": 0.004335285686479208,
  "174": 0.0003185107851290853,
  "175": 0.07469077911277232,
  "176": 0.0,
  "177": 0.004052164988586689,
  "178": 0.0,
  "179": 0.03434607966308749,
  "180": 0.0,
  "181": 0.0,
  "182": 0.02680799108169903,
  "183": 0.0,
  "184": 0.0,
  "185": 0.026489480296569914,
  "186": 0.0,
  "187": 0.0,
  "188": 0.00564471891423211,
  "189": 0.0,
  "190": 0.008316670500592762,
  "191": 0.0014332985330808839,
  "192": 0.0036451789853661916,
  "193": 0.030329304761737584,
  "194": 0.0,
  "195": 0.0037513492470758864,
  "196": 0.004406065860952338,
  "197": 0.003945994726876994,
  "198": 0.0,
  "199": 0.006405605789818256,
  "200": 0.0,
  "201": 0.0,
  "202": 0.0,
  "203": 0.0,
  "204": 0.050324704050394985,
  "205": 0.0,
  "206": 0.009661493815582229,
  "207": 0.0,
  "208": 0.004246810468387796,
  "209": 0.0,
  "210": 0.0,
  "211": 0.008723656503813258,
  "212": 0.0,
  "213": 0.007644258843098028,
  "214": 0.0,
  "215": 0.0,
  "216": 0.0,
  "217": 0.0,
  "218": 0.0649585051227141,
  "219": 0.0,
  "220": 0.0,
  "221": 0.04294587086157192,
  "222": 0.0,
  "223": 0.0,
  "224": 0.004441455948188903,
  "225": 0.0,
  "226": 0.0,
  "227": 0.04882062534284112,
  "228": 0.004105250119441536,
  "229": 0.0,
  "230": 0.0,
  "231": 0.0,
  "232": 0.0,
  "233": 0.0,
  "234": 0.0,
  "235": 0.0,
  "236": 0.0,
  "237": 0.0,
  "238": 0.0,
  "239": 0.0005662413957850408,
  "240": 0.0,
  "241": 0.0,
  "242": 0.1098685258259282,
  "243": 0.0,
  "244": 0.0,
  "245": 0.0,
  "246": 0.0,
  "247": 0.0,
  "248": 0.003945994726876994,
  "249": 0.0,
  "250": 0.007573478668624898,
  "251": 0.0,
  "252": 0.0,
  "253": 0.0,
  "254": 0.7390511917606156,
  "255": 0.0,
  "256": 0.0,
  "257": 0.0,
  "258": 0.0,
  "259": 0.0,
  "260": 7.078017447313007e-05,
  "261": 0.0,
  "262": 0.0,
  "263": 0.0,
  "264": 0.0,
  "265": 0.0,
  "266": 0.003945994726876994,
  "267": 0.0,
  "268": 0.003857519508785581,
  "269": 0.0,
  "270": 0.003769044290694169,
  "271": 0.0,
  "272": 0.0,
  "273": 0.0,
  "274": 0.0007785819192044316,
  "275": 0.0,
  "276": 0.0076973439739528755,
  "277": 0.0,
  "278": 0.0,
  "279": 0.0,
  "280": 0.0,
  "281": 0.0,
  "282": 0.0,
  "283": 0.0,
  "284": 0.0,
  "285": 0.004087555075823254,
  "286": 0.0,
  "287": 0.01212110487852349,
  "288": 0.007838904322899135,
  "289": 0.0,
  "290": 0.0006016314830216059,
  "291": 0.0,
  "292": 0.00815741510802822,
  "293": 0.0,
  "294": 0.004193725337532948,
  "295": 0.0,
  "296": 0.0,
  "297": 0.0,
  "298": 0.003769044290694169,
  "299": 0.004016774901350124,
  "300": 0.0016633341001185558,
  "301": 0.0,
  "302": 0.0,
  "303": 0.0,
  "304": 0.0,
  "305": 0.0,
  "306": 0.0,
  "307": 0.0,
  "308": 0.0,
  "309": 0.004052164988586689,
  "310": 0.0,
  "311": 0.0,
  "312": 0.0,
  "313": 0.010422380691168374,
  "314": 0.0,
  "315": 0.0,
  "316": 0.0,
  "317": 0.0,
  "318": 0.0,
  "319": 0.0,
  "320": 0.0,
  "321": 0.003574398810893062,
  "322": 0.0074673084069152035,
  "323": 0.0,
  "324": 0.0,
  "325": 0.0,
  "326": 0.0,
  "327": 0.0,
  "328": 0.003857519508785581,
  "329": 7.078017447313007e-05,
  "330": 0.07483233946171862,
  "331": 0.0,
  "332": 1.7695043618282518e-05,
  "333": 0.0,
  "334": 0.0,
  "335": 0.0,
  "336": 0.0,
  "337": 0.0,
  "338": 0.0,
  "339": 0.0,
  "340": 0.0034859235928016495,
  "341": 0.028736750836092007,
  "342": 0.004016774901350124,
  "343": 0.0,
  "344": 0.04919222125882502,
  "345": 0.008759046591049823,
  "346": 0.0,
  "347": 0.008564401111248716,
  "348": 0.0,
  "349": 0.008122025020791655,
  "350": 0.0,
  "351": 0.0,
  "352": 0.0,
  "353": 0.0,
  "354": 3.5390087236565036e-05,
  "355": 0.0001946454798011077,
  "356": 0.0,
  "357": 0.0,
  "358": 0.0,
  "359": 0.0,
  "360": 0.0,
  "361": 0.004158335250296383,
  "362": 1.7695043618282518e-05,
  "363": 0.0,
  "364": 0.0,
  "365": 0.0,
  "366": 0.0,
  "367": 0.0,
  "368": 0.0,
  "369": 0.0,
  "370": 0.0,
  "371": 0.003574398810893062,
  "372": 0.0,
  "373": 0.0,
  "374": 0.0,