{
  "0": 0.0,
  "1": 0.18185615634494542,
  "2": 0.12012875906660024,
  "3": 0.18981996669933007,
  "4": 0.08098201655868545,
  "5": 0.0683256924763022,
  "6": 0.2653673144614008,
  "7": 0.2753684564968592,
  "8": 0.10500459468256734,
  "9": 0.020229011369311264,
  "10": 0.11578166683020387,
  "11": 0.1032482588214736,
  "12": 0.07319053059764738,
  "13": 0.0640486364210853,
  "14": 0.2567000066810978,
  "15": 0.05711626393548107,
  "16": 0.016917164533131357,
  "17": 0.0434777983177923,
  "18": 0.04633428679146515,
  "19": 0.016795581095480995,
  "20": 0.05672607035363971,
  "21": 0.1731203241974155,
  "22": 0.024879015128688627,
  "23": 0.05436007031928234,
  "24": 0.011539597509435454,
  "25": 0.010771226467020025,
  "26": 0.010403351738567008,
  "27": 0.002667612517201363,
  "28": 0.020733677263915076,
  "29": 0.008878614576381555,
  "30": 0.0077287960758058005,
  "31": 0.005694275248821619,
  "32": 0.02598940328165759,
  "33": 0.04439742914581549,
  "34": 0.0396584075411878,
  "35": 0.0032613858460304613,
  "36": 0.0015884349233860843,
  "37": 0.0648300202621145,
  "38": 0.005702775002821492,
  "39": 0.001368695565038897,
  "40": 0.0017273874235579272,
  "41": 0.003986362228696867,
  "42": 0.0038713635807064856,
  "43": 0.002300835253691676,
  "44": 0.003183398643322796,
  "45": 0.003958040913985827,
  "46": 0.00025640364635191117,
  "47": 0.00020649138867413042,
  "48": 0.0018078719189427623,
  "49": 0.05418984006822559,
  "50": 0.0010671950684136128,
  "51": 0.00048215666464367297,
  "52": 0.016096171166545433,
  "53": 0.00045347699403276953,
  "54": 0.002490203949525482,
  "55": 0.0024925444614964615,
  "56": 0.4336307291617556,
  "57": 0.00040994795082129683,
  "58": 0.002119876722882778,
  "59": 0.006216578972871809,
  "60": 1.053790318034366e-05,
  "61": 0.0009962629974844984,
  "62": 0.0006836422693415933,
  "63": 0.0002477583102677185,
  "64": 0.0006524317101879081,
  "65": 0.00028230605873887706,
  "66": 0.0001501847179081709,
  "67": 0.0003529245682556115,
  "68": 0.0001976556760181356,
  "69": 0.00044748573133193654,
  "70": 3.118816190994377e-05,
  "71": 2.1008614629463023e-05,
  "72": 0.011095762528833372,
  "73": 0.0041167925776250955,
  "74": 2.1277381554360206e-05,
  "75": 0.0013900065424588693,
  "76": 0.0001339243189518914,
  "77": 7.972298909762647e-05,
  "78": 0.000282227668385782,
  "79": 4.580236345122802e-06,
  "80": 0.0,
  "81": 0.0006038072940252597,
  "82": 1.1836943317346704e-05,
  "83": 0.002427906016058689,
  "84": 2.3416318331666942e-05,
  "85": 0.00013697034410072614,
  "86": 0.00013227812153689618,
  "87": 0.0002956996104962533,
  "88": 0.000255149400702391,
  "89": 0.0007565340990980832,
  "90": 0.00045256990566124153,
  "91": 3.49397002366336e-06,
  "92": 4.759414295054256e-06,
  "93": 7.357494569060345e-05,
  "94": 0.0006635295444617877,
  "95": 0.0002901674912921196,
  "96": 0.0010306651638713376,
  "97": 7.102165990408022e-05,
  "98": 0.0,
  "99": 1.1657765367415248e-05,
  "100": 0.007965378161446544,
  "101": 7.906227040725423e-06,
  "102": 0.0,
  "103": 4.423455638932779e-06,
  "104": 8.31945618775484e-05,
  "105": 5.058417499002371e-05,
  "106": 6.238752244175827e-05,
  "107": 6.723652571177825e-05,
  "108": 5.911752485550922e-05,
  "109": 0.08130549995004295,
  "110": 3.1132168800590195e-06,
  "111": 0.000937190267116472,
  "112": 5.263352279236472e-07,
  "113": 0.00109249275521956,
  "114": 9.57370183727502e-05,
  "115": 0.05780158599810327,
  "116": 2.2576421691363247e-05,
  "117": 0.0,
  "118": 8.174993965622605e-07,
  "119": 0.0005527975714041489,
  "120": 0.0007102389962845437,
  "121": 2.5644844083939406e-06,
  "122": 0.03405016010557702,
  "123": 0.0,
  "124": 3.5298056136496506e-05,
  "125": 3.291274967803402e-05,
  "126": 2.0157519367288616e-06,
  "127": 0.00020438604776243583,
  "128": 0.0,
  "129": 8.622938840451241e-07,
  "130": 0.0,
  "131": 0.0,
  "132": 3.172569575973814e-05,
  "133": 8.286980184329764e-07,
  "134": 0.0,
  "135": 0.0,
  "136": 5.566834931932872e-05,
  "137": 0.0,
  "138": 0.0009091265207084579,
  "139": 0.0,
  "140": 0.0,
  "141": 0.0005691027648479112,
  "142": 0.0,
  "143": 0.00010872741974278064,
  "144": 0.00012599569466742455,
  "145": 5.084174329305017e-06,
  "146": 0.0002816229428047634,
  "147": 0.0,
  "148": 0.0004532978160828381,
  "149": 0.04776117039574429,
  "150": 0.0,
  "151": 0.0,
  "152": 0.0,
  "153": 6.982340736391362e-05,
  "154": 3.7739355704312576e-06,
  "155": 0.0,
  "156": 0.00019621105379681323,
  "157": 0.00033370773312546304,
  "158": 0.0,
  "159": 0.00019435208256627439,
  "160": 0.0009177606581707799,
  "161": 0.0,
  "162": 0.0,
  "163": 0.0,
  "164": 0.0,
  "165": 0.00011132550001678673,
  "166": 0.0031235420094238193,
  "167": 4.154688714035598e-06,
  "168": 0.0,
  "169": 0.0,
  "170": 0.0835826725157218,
  "171": 9.082082337150593e-05,
  "172": 0.0002608494992345854,
  "173": 8.835712655994843e-06,
  "174": 0.0,
  "175": 0.0,
  "176": 0.0,
  "177": 1.6014029275123734e-06,
  "178": 0.0,
  "179": 0.003789132100309819,
  "180": 0.0,
  "181": 0.0001641941938684365,
  "182": 9.989170708678581e-06,
  "183": 8.426962957713713e-05,
  "184": 0.0,
  "185": 0.07210426427618793,
  "186": 0.0,
  "187": 9.315013672061484e-05,
  "188": 8.308257565884124e-05,
  "189": 0.0,
  "190": 0.000721695186458286,
  "191": 0.00021361371218390574,
  "192": 5.775129298728188e-05,
  "193": 0.07251564565060868,
  "194": 0.00025538457176167603,
  "195": 0.00011298289605365269,
  "196": 0.005392315608699636,
  "197": 4.165887335906314e-06,
  "198": 0.0,
  "199": 0.005647073057636552,
  "200": 0.0,
  "201": 0.0,
  "202": 0.0,
  "203": 0.0,
  "204": 0.0,
  "205": 0.0,
  "206": 4.843403959084626e-05,
  "207": 0.0,
  "208": 0.004537771170989047,
  "209": 0.00016377984485921998,
  "210": 7.342936360628414e-05,
  "211": 1.4961358819276439e-05,
  "212": 3.180408611283315e-06,
  "213": 0.0001313822317872389,
  "214": 0.0,
  "215": 0.0,
  "216": 0.0,
  "217": 0.00022912380347484725,
  "218": 0.00042832488931114166,
  "219": 0.0,
  "220": 0.0,
  "221": 0.0,
  "222": 0.0,
  "223": 1.1411395686259499e-05,
  "224": 0.00032994499617690245,
  "225": 8.35417191555406e-06,
  "226": 0.0,
  "227": 0.00015558245364985596,
  "228": 0.0005071295914153694,
  "229": 0.0,
  "230": 0.022493137540510733,
  "231": 0.0006665531723668809,
  "232": 0.0,
  "233": 0.0,
  "234": 0.0,
  "235": 0.0,
  "236": 0.0,
  "237": 0.0,
  "238": 2.6350357261794506e-05,
  "239": 0.0,
  "240": 0.0,
  "241": 0.0,
  "242": 0.00479091601837658,
  "243": 1.0022766574290727e-05,
  "244": 0.0,
  "245": 0.0,
  "246": 0.0,
  "247": 0.0,
  "248": 8.13019947813974e-06,
  "249": 0.0,
  "250": 0.001833662345111021,
  "251": 0.0,
  "252": 0.0,
  "253": 0.0,
  "254": 0.02506536019661734,
  "255": 0.0,
  "256": 0.0,
  "257": 7.682254603311106e-06,
  "258": 0.0,
  "259": 0.0,
  "260": 0.000358501481947228,
  "261": 0.0,
  "262": 0.0,
  "263": 0.0,
  "264": 0.0,
  "265": 0.0,
  "266": 0.00010105636376134025,
  "267": 4.8467635456458404e-05,
  "268": 3.0785011522598005e-05,
  "269": 0.0,
  "270": 4.670945182275601e-05,
  "271": 0.0035067252539741052,
  "272": 0.0,
  "273": 0.0,
  "274": 1.5577283022165813e-05,
  "275": 8.149237135319959e-05,
  "276": 0.0003286795519055116,
  "277": 0.0,
  "278": 0.0,
  "279": 0.0,
  "280": 0.0,
  "281": 0.0,
  "282": 6.576950624671447e-05,
  "283": 0.0,
  "284": 0.0,
  "285": 0.008070678802896886,
  "286": 0.0,
  "287": 0.024105436727103316,
  "288": 0.00016450775528081653,
  "289": 0.0,
  "290": 0.0,
  "291": 0.0,
  "292": 0.016129733436291968,
  "293": 0.0,
  "294": 1.6965912134134585e-05,
  "295": 0.0,
  "296": 0.0,
  "297": 0.0,
  "298": 0.008068517468875838,
  "299": 0.0,
  "300": 0.012316244333413344,
  "301": 0.0,
  "302": 0.0,
  "303": 0.0,
  "304": 0.0,
  "305": 0.0,
  "306": 0.0,
  "307": 0.0,
  "308": 0.0,
  "309": 0.0,
  "310": 0.0,
  "311": 0.0,
  "312": 0.0,
  "313": 0.00794357444466426,
  "314": 0.0001241927165462393,
  "315": 0.0,
  "316": 0.0,
  "317": 0.0,
  "318": 0.0,
  "319": 0.0,