{
  "0": 0.0,
  "1": 0.1821614872998105,
  "2": 0.1203432113079415,
  "3": 0.190197114700783,
  "4": 0.08109046182971062,
  "5": 0.06839015324895284,
  "6": 0.26578438943207267,
  "7": 0.2759101143015237,
  "8": 0.10517440458050968,
  "9": 0.02026624129819148,
  "10": 0.1159868087871439,
  "11": 0.10344647468066748,
  "12": 0.07330556389391409,
  "13": 0.0641882849170708,
  "14": 0.2570503121225841,
  "15": 0.057255067415853296,
  "16": 0.016964514560391036,
  "17": 0.04359041184552192,
  "18": 0.04642209291363095,
  "19": 0.01681325206382678,
  "20": 0.056790424425868444,
  "21": 0.17338633207524437,
  "22": 0.02488486808066369,
  "23": 0.054479870047878395,
  "24": 0.011561082740635761,
  "25": 0.01074310951192906,
  "26": 0.010433238880034775,
  "27": 0.0026776858936421455,
  "28": 0.020761357407356545,
  "29": 0.008878295012560728,
  "30": 0.007750877349430795,
  "31": 0.005702196246962732,
  "32": 0.02602003250959098,
  "33": 0.044503214011537694,
  "34": 0.03968438723464867,
  "35": 0.0032772203832149545,
  "36": 0.001594417274425305,
  "37": 0.06498563770931043,
  "38": 0.005701068077186418,
  "39": 0.0013689212065795815,
  "40": 0.0017322670858711565,
  "41": 0.003993796219470488,
  "42": 0.0038892524868653776,
  "43": 0.0023070194460242653,
  "44": 0.003190063000384819,
  "45": 0.003979368181553404,
  "46": 0.0002536877770338403,
  "47": 0.0002067057734602247,
  "48": 0.001818885454252609,
  "49": 0.054258535672985296,
  "50": 0.001076173684845798,
  "51": 0.00048320765041508435,
  "52": 0.01606703043289366,
  "53": 0.0004556552374335456,
  "54": 0.0024945337980674127,
  "55": 0.002506755637310816,
  "56": 0.43443243351723715,
  "57": 0.0004142263362033429,
  "58": 0.0021188908682140133,
  "59": 0.006247102248922463,
  "60": 1.1544937377614733e-05,
  "61": 0.0010025167336722212,
  "62": 0.0006807752486871645,
  "63": 0.0002481346746904274,
  "64": 0.0006469301553977402,
  "65": 0.00028500075593642624,
  "66": 0.00015009672112872835,
  "67": 0.000353956999708694,
  "68": 0.0001971288655812913,
  "69": 0.00044521339939277137,
  "70": 3.112495060653353e-05,
  "71": 1.985578806312892e-05,
  "72": 0.011091149887921974,
  "73": 0.004126744759999241,
  "74": 2.1109310036811302e-05,
  "75": 0.0013945181252821757,
  "76": 0.00013598206370506473,
  "77": 7.993709626172546e-05,
  "78": 0.0002824937119890615,
  "79": 4.424932567098806e-06,
  "80": 0.0,
  "81": 0.0006034580133504352,
  "82": 1.1356909081562376e-05,
  "83": 0.002435166997393815,
  "84": 2.3177621293387233e-05,
  "85": 0.00013647093727480085,
  "86": 0.00013124375064454532,
  "87": 0.00029778668006798654,
  "88": 0.00025516693296278556,
  "89": 0.0007589072733067873,
  "90": 0.0004561817166624922,
  "91": 3.572537624994787e-06,
  "92": 4.763383499993049e-06,
  "93": 7.379483859068179e-05,
  "94": 0.0006666981969227114,
  "95": 0.0002929355500298357,
  "96": 0.00103220013400902,
  "97": 6.99590613512137e-05,
  "98": 0.0,
  "99": 1.167028957498297e-05,
  "100": 0.007956530164433127,
  "101": 8.411132443408779e-06,
  "102": 0.0,
  "103": 4.3497212486778636e-06,
  "104": 8.404864833540367e-05,
  "105": 5.0379048122294906e-05,
  "106": 6.330285967096026e-05,
  "107": 6.91693425077938e-05,
  "108": 6.080835094333232e-05,
  "109": 0.08145107503109957,
  "110": 2.9457766381535963e-06,
  "111": 0.0009432502147565183,
  "112": 4.638031302624811e-07,
  "113": 0.0010892479190313053,
  "114": 9.461583857354615e-05,
  "115": 0.05792739392643784,
  "116": 2.2337761571020036e-05,
  "117": 0.0,
  "118": 8.77465381577667e-07,
  "119": 0.0005583061518583958,
  "120": 0.0007113611848450146,
  "121": 2.9457766381535963e-06,
  "122": 0.03402725510263982,
  "123": 0.0,
  "124": 3.513622092231715e-05,
  "125": 3.351917757626688e-05,
  "126": 2.0307055973654576e-06,
  "127": 0.00020182957298260022,
  "128": 0.0,
  "129": 7.521131842094288e-07,
  "130": 0.0,
  "131": 0.0,
  "132": 3.171410593416425e-05,
  "133": 8.523949421040193e-07,
  "134": 0.0,
  "135": 0.0,
  "136": 5.382623354992146e-05,
  "137": 0.0,
  "138": 0.00090934244536841,
  "139": 0.0,
  "140": 0.0,
  "141": 0.0005652882692518067,
  "142": 0.0,
  "143": 0.00010647415644458148,
  "144": 0.00012528952126955402,
  "145": 5.239721849992354e-06,
  "146": 0.0002838224452811648,
  "147": 0.0,
  "148": 0.000454915659469073,
  "149": 0.047848701201439386,
  "150": 0.0,
  "151": 0.0,
  "152": 0.0,
  "153": 6.993399091174005e-05,
  "154": 3.8608476789417345e-06,
  "155": 0.0,
  "156": 0.00019488506124839983,
  "157": 0.0003326345909363567,
  "158": 0.0,
  "159": 0.00019942281079313005,
  "160": 0.0009213887915354976,
  "161": 0.0,
  "162": 0.0,
  "163": 0.0,
  "164": 0.0,
  "165": 0.00011244092103930961,
  "166": 0.003134130849919111,
  "167": 3.8608476789417345e-06,
  "168": 0.0,
  "169": 0.0,
  "170": 0.0837856218196659,
  "171": 9.193330154986585e-05,
  "172": 0.0002617228528851444,
  "173": 8.624231178934784e-06,
  "174": 0.0,
  "175": 0.0,
  "176": 0.0,
  "177": 1.416479830261091e-06,
  "178": 0.0,
  "179": 0.003805329190727342,
  "180": 0.0,
  "181": 0.00016398574459712914,
  "182": 9.815077053933047e-06,
  "183": 8.547766338540159e-05,
  "184": 0.0,
  "185": 0.07225716825600509,
  "186": 0.0,
  "187": 9.623288191959642e-05,
  "188": 8.371019740250943e-05,
  "189": 0.0,
  "190": 0.000722504995191051,
  "191": 0.00021051648026021913,
  "192": 5.949215287096582e-05,
  "193": 0.07266769670238607,
  "194": 0.0002529356638496309,
  "195": 0.00011264148455509878,
  "196": 0.005424415777594716,
  "197": 4.2243690513096255e-06,
  "198": 0.0,
  "199": 0.005647078885779918,
  "200": 0.0,
  "201": 0.0,
  "202": 0.0,
  "203": 0.0,
  "204": 0.0,
  "205": 0.0,
  "206": 4.7445806703878134e-05,
  "207": 0.0,
  "208": 0.004555486880657826,
  "209": 0.0001651264495931801,
  "210": 7.41708951827865e-05,
  "211": 1.5706630330240238e-05,
  "212": 3.8608476789417345e-06,
  "213": 0.00013304882228664796,
  "214": 0.0,
  "215": 0.0,
  "216": 0.0,
  "217": 0.00022964522557861227,
  "218": 0.00042987029043489906,
  "219": 0.0,
  "220": 0.0,
  "221": 0.0,
  "222": 0.0,
  "223": 1.0918176390773542e-05,
  "224": 0.0003280467005126792,
  "225": 8.273245026303718e-06,
  "226": 0.0,
  "227": 0.00015694095110503414,
  "228": 0.0005110985143295173,
  "229": 0.0,
  "230": 0.02252729409344081,
  "231": 0.000663301152374032,
  "232": 0.0,
  "233": 0.0,
  "234": 0.0,
  "235": 0.0,
  "236": 0.0,
  "237": 0.0,
  "238": 2.5459031285489164e-05,
  "239": 0.0,
  "240": 0.0,
  "241": 0.0,
  "242": 0.0048083974740679835,
  "243": 9.940429251301284e-06,
  "244": 0.0,
  "245": 0.0,
  "246": 0.0,
  "247": 0.0,
  "248": 8.172963268409127e-06,
  "249": 0.0,
  "250": 0.001827860671584175,
  "251": 0.0,
  "252": 0.0,
  "253": 0.0,
  "254": 0.02510512442665942,
  "255": 0.0,
  "256": 0.0,
  "257": 7.65901925919935e-06,
  "258": 0.0,
  "259": 0.0,
  "260": 0.00036421080945341593,
  "261": 0.0,
  "262": 0.0,
  "263": 0.0,
  "264": 0.0,
  "265": 0.0,
  "266": 9.924133465643414e-05,
  "267": 4.7984821152561556e-05,
  "268": 3.0310161323639983e-05,
  "269": 0.0,
  "270": 4.5076650173618435e-05,
  "271": 0.003530419286679059,
  "272": 0.0,
  "273": 0.0,
  "274": 1.623310955918684e-05,
  "275": 8.259456284593211e-05,
  "276": 0.00032542683958768304,
  "277": 0.0,
  "278": 0.0,
  "279": 0.0,
  "280": 0.0,
  "281": 0.0,
  "282": 6.639905894595574e-05,
  "283": 0.0,
  "284": 0.0,
  "285": 0.008088638845239512,
  "286": 0.0,
  "287": 0.024149552090901603,
  "288": 0.00016294532135897275,
  "289": 0.0,
  "290": 0.0,
  "291": 0.0,
  "292": 0.016152808941552747,
  "293": 0.0,
  "294": 1.5932264285503068e-05,
  "295": 0.0,
  "296": 0.0,
  "297": 0.0,
  "298": 0.008086194477390831,
  "299": 0.0,
  "300": 0.012338842984426732,
  "301": 0.0,
  "302": 0.0,
  "303": 0.0,
  "304": 0.0,
  "305": 0.0,
  "306": 0.0,
  "307": 0.0,
  "308": 0.0,
  "309": 0.0,
  "310": 0.0,
  "311": 0.0,
  "312": 0.0,
  "313": 0.007943932268597619,
  "314": 0.00012095233524061298,
  "315": 0.0,
  "316": 0.0,
  "317": 0.0,
  "318": 0.0,
  "319": 0.0,