{
  "0": 0.0,
  "1": 0.07974460562590317,
  "2": 0.014559886696421121,
  "3": 0.12092478878567188,
  "4": 0.04996936670902127,
  "5": 0.03140734144908218,
  "6": 0.09166920496556583,
  "7": 0.2695138967430326,
  "8": 0.07566694907007382,
  "9": 0.0073513491974253765,
  "10": 0.04566194079024993,
  "11": 0.113515395421521,
  "12": 0.023104844317086547,
  "13": 0.0301427513643844,
  "14": 0.10342602406445663,
  "15": 0.02098574344674499,
  "16": 0.012869540081625427,
  "17": 0.03607406699345589,
  "18": 0.005053730849858851,
  "19": 0.08068235695558171,
  "20": 0.029685709556961395,
  "21": 0.07008413033973687,
  "22": 0.1423201092559916,
  "23": 0.007823042199262545,
  "24": 0.0,
  "25": 3.7858102168394075e-05,
  "26": 0.015824535375002897,
  "27": 0.05405647463061912,
  "28": 0.016144783754539295,
  "29": 0.0,
  "30": 0.0010791091118952355,
  "31": 0.02097843814381339,
  "32": 0.0082569778469097,
  "33": 0.05179284316824996,
  "34": 0.01834583778135902,
  "35": 0.003945001302593796,
  "36": 0.005856175746666767,
  "37": 0.0395436590390436,
  "38": 0.03453397629232654,
  "39": 0.003770933674571721,
  "40": 0.0043213648158651335,
  "41": 0.007392119914096152,
  "42": 0.00400586140248993,
  "43": 0.11129991941548223,
  "44": 0.2770062390671409,
  "45": 0.0431790892912364,
  "46": 0.0,
  "47": 0.0,
  "48": 0.0,
  "49": 0.0379392464669979,
  "50": 0.0037710736716749225,
  "51": 0.07412430174067325,
  "52": 0.009629417150162882,
  "53": 0.12381303164234068,
  "54": 0.004376245329728711,
  "55": 0.004111047881625173,
  "56": 0.10329483255937705,
  "57": 0.0,
  "58": 0.003446791727449621,
  "59": 0.004154302203416216,
  "60": 0.0,
  "61": 0.007732545642940355,
  "62": 0.016375641502713697,
  "63": 0.16447326385207425,
  "64": 0.0,
  "65": 0.0,
  "66": 0.0,
  "67": 0.0,
  "68": 0.0,
  "69": 0.141961422804752,
  "70": 0.0,
  "71": 0.0,
  "72": 0.09527845669729816,
  "73": 0.047432696541473904,
  "74": 0.0,
  "75": 0.023785595816947572,
  "76": 0.000862550698059575,
  "77": 0.0001827149934146737,
  "78": 0.0,
  "79": 0.08570609032986719,
  "80": 0.0,
  "81": 0.014553378893045919,
  "82": 0.003719745359241883,
  "83": 0.012187341588100906,
  "84": 0.0,
  "85": 0.0,
  "86": 0.0,
  "87": 0.00796965251990428,
  "88": 0.003916687262222287,
  "89": 0.03139273976992884,
  "90": 0.0,
  "91": 0.047257331131374425,
  "92": 0.0,
  "93": 0.0,
  "94": 0.009257232061132424,
  "95": 0.005078553229017879,
  "96": 0.044127213611963305,
  "97": 0.012145865788514718,
  "98": 0.0,
  "99": 0.0,
  "100": 0.003983633741081051,
  "101": 0.007815119404616638,
  "102": 0.0,
  "103": 0.00020939868313999126,
  "104": 0.006289462564682725,
  "105": 0.0,
  "106": 0.07097425721212947,
  "107": 0.015767919267299903,
  "108": 0.0,
  "109": 0.14115561465913984,
  "110": 0.004929183215950079,
  "111": 0.0,
  "112": 0.0,
  "113": 0.0,
  "114": 0.0,
  "115": 0.024091690484569543,
  "116": 0.0,
  "117": 0.0,
  "118": 0.0,
  "119": 0.0,
  "120": 0.015774841147098675,
  "121": 0.0,
  "122": 0.06313973694503243,
  "123": 0.0,
  "124": 0.0,
  "125": 0.30650776271838226,
  "126": 0.0,
  "127": 0.0033811815152555865,
  "128": 0.03549718206627073,
  "129": 0.0,
  "130": 0.0,
  "131": 0.0,
  "132": 0.00399279667126397,
  "133": 0.0,
  "134": 0.0,
  "135": 0.0,
  "136": 0.0,
  "137": 2.7531207075098684e-05,
  "138": 0.0,
  "139": 0.0,
  "140": 0.0042518201629916765,
  "141": 0.09614519460096975,
  "142": 0.0,
  "143": 0.027581712124371292,
  "144": 0.0,
  "145": 0.0,
  "146": 0.0,
  "147": 0.0,
  "148": 0.028765780501892733,
  "149": 0.04890232110755916,
  "150": 0.0,
  "151": 0.0,
  "152": 0.0,
  "153": 0.00017064931749821295,
  "154": 0.0,
  "155": 0.0,
  "156": 0.00859446673755645,
  "157": 0.0019606560214589295,
  "158": 0.0,
  "159": 0.14435517141467807,
  "160": 0.011309916757635576,
  "161": 0.0,
  "162": 0.0,
  "163": 0.0,
  "164": 0.0,
  "165": 0.0016665561576244652,
  "166": 0.036085079728955895,
  "167": 0.0,
  "168": 0.0,
  "169": 0.0,
  "170": 0.0356484002912857,
  "171": 0.0,
  "172": 0.007866662929828733,
  "173": 0.004242330573615213,
  "174": 0.0002672937985559143,
  "175": 0.07696081721035601,
  "176": 0.0,
  "177": 0.003992503516988054,
  "178": 0.0,
  "179": 0.03266378967468294,
  "180": 0.0,
  "181": 0.0,
  "182": 0.027135513944733215,
  "183": 0.0,
  "184": 0.0,
  "185": 0.02793723887869536,
  "186": 0.0,
  "187": 0.0,
  "188": 0.005581936495930188,
  "189": 0.0,
  "190": 0.007675071367242053,
  "191": 0.0012358381183922328,
  "192": 0.003991658737794664,
  "193": 0.031033015007160436,
  "194": 0.0,
  "195": 0.004048309051687738,
  "196": 0.004590681862384433,
  "197": 0.0039911691979207424,
  "198": 0.0,
  "199": 0.007171675362587707,
  "200": 0.0,
  "201": 0.0,
  "202": 0.0,
  "203": 0.0,
  "204": 0.05485638305209948,
  "205": 0.0,
  "206": 0.009894677008542444,
  "207": 0.0,
  "208": 0.004765436063623211,
  "209": 0.0,
  "210": 0.0,
  "211": 0.008596665756494197,
  "212": 0.0,
  "213": 0.007726545500972505,
  "214": 0.0,
  "215": 0.0,
  "216": 0.0,
  "217": 0.0,
  "218": 0.06314087650972289,
  "219": 0.0,
  "220": 0.0,
  "221": 0.043797856128136185,
  "222": 0.0,
  "223": 0.0,
  "224": 0.0047615478725335355,
  "225": 0.0,
  "226": 0.0,
  "227": 0.052468911187134815,
  "228": 0.003992720895612314,
  "229": 0.0,
  "230": 0.0,
  "231": 0.0,
  "232": 0.0,
  "233": 0.0,
  "234": 0.0,
  "235": 0.0,
  "236": 0.0,
  "237": 0.0,
  "238": 0.0,
  "239": 0.0007410316130147697,
  "240": 0.0,
  "241": 0.0,
  "242": 0.10700844766691674,
  "243": 0.0,
  "244": 0.0,
  "245": 0.0,
  "246": 0.0,
  "247": 0.0,
  "248": 0.003991169001090593,
  "249": 0.0,
  "250": 0.007654631890446747,
  "251": 0.0,
  "252": 0.0,
  "253": 0.0,
  "254": 0.7390304921567001,
  "255": 0.0,
  "256": 0.0,
  "257": 0.0,
  "258": 0.0,
  "259": 0.0,
  "260": 7.926741442697837e-05,
  "261": 0.0,
  "262": 0.0,
  "263": 0.0,
  "264": 0.0,
  "265": 0.0,
  "266": 0.003973005269823123,
  "267": 0.0,
  "268": 0.004046232171699909,
  "269": 0.0,
  "270": 0.003918803240700115,
  "271": 0.0,
  "272": 0.0,
  "273": 0.0,
  "274": 0.0008053068934602603,
  "275": 0.0,
  "276": 0.0074579746348205,
  "277": 0.0,
  "278": 0.0,
  "279": 0.0,
  "280": 0.0,
  "281": 0.0,
  "282": 0.0,
  "283": 0.0,
  "284": 0.0,
  "285": 0.0037565207181148503,
  "286": 0.0,
  "287": 0.01196426752643963,
  "288": 0.007930885230493906,
  "289": 0.0,
  "290": 0.0004986656449872058,
  "291": 0.0,
  "292": 0.0080075136945934,
  "293": 0.0,
  "294": 0.003670695516458521,
  "295": 0.0,
  "296": 0.0,
  "297": 0.0,
  "298": 0.003534748633231158,
  "299": 0.004008224495568273,
  "300": 0.001916395441220402,
  "301": 0.0,
  "302": 0.0,
  "303": 0.0,
  "304": 0.0,
  "305": 0.0,
  "306": 0.0,
  "307": 0.0,
  "308": 0.0,
  "309": 0.0038830151417486546,
  "310": 0.0,
  "311": 0.0,
  "312": 0.0,
  "313": 0.011264922373688103,
  "314": 0.0,
  "315": 0.0,
  "316": 0.0,
  "317": 0.0,
  "318": 0.0,
  "319": 0.0,
  "320": 0.0,
  "321": 0.003926279491288994,
  "322": 0.007814763159932542,
  "323": 0.0,
  "324": 0.0,
  "325": 0.0,
  "326": 0.0,
  "327": 1.904764326129484e-05,
  "328": 0.0041162260808032,
  "329": 7.303401113361254e-05,
  "330": 0.0770736699676976,
  "331": 0.0,
  "332": 1.7361195859998747e-05,
  "333": 0.0,
  "334": 0.0,
  "335": 5.68361826470916e-06,
  "336": 1.0479072493288879e-05,
  "337": 0.0,
  "338": 0.0,
  "339": 0.0,
  "340": 0.003578900967167201,
  "341": 0.029210078138947763,
  "342": 0.004263610850497596,
  "343": 0.0,
  "344": 0.052468911187134815,
  "345": 0.008342004664317629,
  "346": 0.0,
  "347": 0.0072673201457721754,
  "348": 0.0,
  "349": 0.007981077336333037,
  "350": 0.0,
  "351": 0.0,
  "352": 0.0,
  "353": 0.0,
  "354": 3.548259432648974e-05,
  "355": 0.00023505029088675042,
  "356": 0.0,
  "357": 0.0,
  "358": 0.0,
  "359": 0.0,
  "360": 0.0,
  "361": 0.0034136405110886587,
  "362": 8.763247312664131e-06,
  "363": 0.0,
  "364": 0.0,
  "365": 0.0,
  "366": 0.0,
  "367": 0.0,
  "368": 0.0,
  "369": 0.0,
  "370": 0.0,