{
  "0": 0.0,
  "1": 0.07801102402706353,
  "2": 0.01640941530801441,
  "3": 0.12747335268025517,
  "4": 0.05135085470150041,
  "5": 0.03233806605055726,
  "6": 0.09327533589920269,
  "7": 0.26786214379383555,
  "8": 0.07687139012870867,
  "9": 0.006513700852684024,
  "10": 0.04772222839961905,
  "11": 0.11550164452121822,
  "12": 0.022535900013209216,
  "13": 0.03221393916370889,
  "14": 0.0982818137926073,
  "15": 0.019501920670816804,
  "16": 0.01286939305868261,
  "17": 0.03663020889462898,
  "18": 0.005122391892090142,
  "19": 0.08123799493544404,
  "20": 0.028081251039161894,
  "21": 0.06964963075573212,
  "22": 0.14311927267053717,
  "23": 0.007426124513763825,
  "24": 0.0,
  "25": 2.9580153188980193e-05,
  "26": 0.015564627248453526,
  "27": 0.051607836094664926,
  "28": 0.016487281177643878,
  "29": 0.0,
  "30": 0.0009404899073983856,
  "31": 0.019246620664799378,
  "32": 0.008437336160284503,
  "33": 0.053745682799726455,
  "34": 0.019907484213182242,
  "35": 0.0038561113446167242,
  "36": 0.005770740770173373,
  "37": 0.036875036727844875,
  "38": 0.034047970890872525,
  "39": 0.004113992887855083,
  "40": 0.0033636150608184843,
  "41": 0.008021547408942432,
  "42": 0.004008014681786878,
  "43": 0.1109846001621323,
  "44": 0.2779270470614011,
  "45": 0.04194852233834587,
  "46": 0.0,
  "47": 0.0,
  "48": 0.0,
  "49": 0.04095951367852502,
  "50": 0.004984097341426306,
  "51": 0.07595011164126451,
  "52": 0.010276092787393047,
  "53": 0.12510452644059386,
  "54": 0.003738178564659325,
  "55": 0.00411580966361679,
  "56": 0.10690363549148624,
  "57": 0.0,
  "58": 0.005090915475716837,
  "59": 0.0035217432868087997,
  "60": 0.0,
  "61": 0.0077076474189616655,
  "62": 0.01650334666428623,
  "63": 0.16572880318744465,
  "64": 0.0,
  "65": 0.0,
  "66": 0.0,
  "67": 0.0,
  "68": 0.0,
  "69": 0.14197464194762013,
  "70": 0.0,
  "71": 0.0,
  "72": 0.09718423339104011,
  "73": 0.04768389810080073,
  "74": 0.0,
  "75": 0.024413872795913727,
  "76": 0.0007862050715082168,
  "77": 0.00020742284914218687,
  "78": 0.0,
  "79": 0.08617471676511397,
  "80": 0.0,
  "81": 0.014322787361587484,
  "82": 0.0037943035446965263,
  "83": 0.011830671141552868,
  "84": 0.0,
  "85": 0.0,
  "86": 0.0,
  "87": 0.007974762032060588,
  "88": 0.003669844475231954,
  "89": 0.03129279128259272,
  "90": 0.0,
  "91": 0.050572338189333495,
  "92": 0.0,
  "93": 0.0,
  "94": 0.009245441973628667,
  "95": 0.0050471340493300505,
  "96": 0.04455083925661915,
  "97": 0.010812588608133585,
  "98": 0.0,
  "99": 0.0,
  "100": 0.003893161366569615,
  "101": 0.007613114428891333,
  "102": 0.0,
  "103": 0.00020909309069091958,
  "104": 0.006203825867467965,
  "105": 0.0,
  "106": 0.07076638825437645,
  "107": 0.016657457023747248,
  "108": 0.0,
  "109": 0.14079344192687723,
  "110": 0.004850980446367255,
  "111": 0.0,
  "112": 0.0,
  "113": 0.0,
  "114": 0.0,
  "115": 0.024106195915255882,
  "116": 0.0,
  "117": 0.0,
  "118": 0.0,
  "119": 0.0,
  "120": 0.015785184879849874,
  "121": 0.0,
  "122": 0.06387471077732652,
  "123": 0.0,
  "124": 0.0,
  "125": 0.30619836928241806,
  "126": 0.0,
  "127": 0.00345154348221462,
  "128": 0.035113649172026674,
  "129": 0.0,
  "130": 0.0,
  "131": 0.0,
  "132": 0.00399206593644693,
  "133": 0.0,
  "134": 0.0,
  "135": 0.0,
  "136": 0.0,
  "137": 3.406769592705903e-05,
  "138": 0.0,
  "139": 0.0,
  "140": 0.003960934165183941,
  "141": 0.09792361232834858,
  "142": 0.0,
  "143": 0.027584899506365775,
  "144": 0.0,
  "145": 0.0,
  "146": 0.0,
  "147": 0.0,
  "148": 0.02767854774132355,
  "149": 0.0476057978585679,
  "150": 0.0,
  "151": 0.0,
  "152": 0.0,
  "153": 0.00016922548893575073,
  "154": 0.0,
  "155": 0.0,
  "156": 0.009241414038076707,
  "157": 0.001900079352867056,
  "158": 0.0,
  "159": 0.14681216361938196,
  "160": 0.010460682633026887,
  "161": 0.0,
  "162": 0.0,
  "163": 0.0,
  "164": 0.0,
  "165": 0.0016906259466059723,
  "166": 0.03407379284678956,
  "167": 0.0,
  "168": 0.0,
  "169": 0.0,
  "170": 0.035508906528612084,
  "171": 0.0,
  "172": 0.007953375798981073,
  "173": 0.004074727253776154,
  "174": 0.0002634388850634637,
  "175": 0.07523811525273072,
  "176": 0.0,
  "177": 0.003996505159508599,
  "178": 0.0,
  "179": 0.03372531303395335,
  "180": 0.0,
  "181": 0.0,
  "182": 0.027123020864251723,
  "183": 0.0,
  "184": 0.0,
  "185": 0.027049713363773167,
  "186": 0.0,
  "187": 0.0,
  "188": 0.005294194460254775,
  "189": 0.0,
  "190": 0.007659140317366815,
  "191": 0.001375753988521032,
  "192": 0.0039935663498609185,
  "193": 0.032454141902652556,
  "194": 0.0,
  "195": 0.0038696433681959623,
  "196": 0.004558111051902387,
  "197": 0.00409206943920416,
  "198": 0.0,
  "199": 0.007222340180415837,
  "200": 0.0,
  "201": 0.0,
  "202": 0.0,
  "203": 0.0,
  "204": 0.05221166752845136,
  "205": 0.0,
  "206": 0.009752634043254925,
  "207": 0.0,
  "208": 0.004387457378136767,
  "209": 0.0,
  "210": 0.0,
  "211": 0.008478249277788993,
  "212": 0.0,
  "213": 0.007782233510264887,
  "214": 0.0,
  "215": 0.0,
  "216": 0.0,
  "217": 0.0,
  "218": 0.06494495636958937,
  "219": 0.0,
  "220": 0.0,
  "221": 0.044248132208934164,
  "222": 0.0,
  "223": 0.0,
  "224": 0.004024083493422302,
  "225": 0.0,
  "226": 0.0,
  "227": 0.04995652486531649,
  "228": 0.003991184762514833,
  "229": 0.0,
  "230": 0.0,
  "231": 0.0,
  "232": 0.0,
  "233": 0.0,
  "234": 0.0,
  "235": 0.0,
  "236": 0.0,
  "237": 0.0,
  "238": 0.0,
  "239": 0.0006980878044621275,
  "240": 0.0,
  "241": 0.0,
  "242": 0.10808832090809647,
  "243": 0.0,
  "244": 0.0,
  "245": 0.0,
  "246": 0.0,
  "247": 0.0,
  "248": 0.003996363137462468,
  "249": 0.0,
  "250": 0.008424004015405278,
  "251": 0.0,
  "252": 0.0,
  "253": 0.0,
  "254": 0.7430043321665066,
  "255": 0.0,
  "256": 0.0,
  "257": 0.0,
  "258": 0.0,
  "259": 0.0,
  "260": 6.977177274075544e-05,
  "261": 0.0,
  "262": 0.0,
  "263": 0.0,
  "264": 0.0,
  "265": 0.0,
  "266": 0.003797377862636976,
  "267": 0.0,
  "268": 0.003671788051399533,
  "269": 0.0,
  "270": 0.0038676345621023464,
  "271": 0.0,
  "272": 0.0,
  "273": 0.0,
  "274": 0.0008303689996361799,
  "275": 0.0,
  "276": 0.007905036466307086,
  "277": 0.0,
  "278": 0.0,
  "279": 0.0,
  "280": 0.0,
  "281": 0.0,
  "282": 0.0,
  "283": 0.0,
  "284": 0.0,
  "285": 0.00368221673200241,
  "286": 0.0,
  "287": 0.011818366074097012,
  "288": 0.0072966750963101065,
  "289": 0.0,
  "290": 0.0005396855180861994,
  "291": 0.0,
  "292": 0.007975565106637328,
  "293": 0.0,
  "294": 0.0033527844347696137,
  "295": 0.0,
  "296": 0.0,
  "297": 0.0,
  "298": 0.0043768875743540395,
  "299": 0.004018299851540385,
  "300": 0.001934187759491835,
  "301": 0.0,
  "302": 0.0,
  "303": 0.0,
  "304": 0.0,
  "305": 0.0,
  "306": 0.0,
  "307": 0.0,
  "308": 0.0,
  "309": 0.003994121737450136,
  "310": 0.0,
  "311": 0.0,
  "312": 0.0,
  "313": 0.01082736894426011,
  "314": 0.0,
  "315": 0.0,
  "316": 0.0,
  "317": 0.0,
  "318": 0.0,
  "319": 0.0,
  "320": 0.0,
  "321": 0.004026641283609288,
  "322": 0.007959528986867389,
  "323": 0.0,
  "324": 0.0,
  "325": 0.0,
  "326": 0.0,
  "327": 1.8407054376159298e-05,
  "328": 0.004036864090160021,
  "329": 7.809535003269858e-05,
  "330": 0.07607425100917567,
  "331": 0.0,
  "332": 2.2466384218339505e-05,
  "333": 0.0,
  "334": 0.0,
  "335": 8.154410878115714e-06,
  "336": 8.751254974351772e-06,
  "337": 0.0,
  "338": 0.0,
  "339": 0.0,
  "340": 0.003919781969039187,
  "341": 0.027498162909436664,
  "342": 0.0038563628637898585,
  "343": 0.0,
  "344": 0.04995652486531649,
  "345": 0.007660329294429456,
  "346": 0.0,
  "347": 0.008015729437683443,
  "348": 0.0,
  "349": 0.0077328252338594245,
  "350": 0.0,
  "351": 0.0,
  "352": 0.0,
  "353": 0.0,
  "354": 2.811658439945009e-05,
  "355": 0.00023003708207460167,
  "356": 0.0,
  "357": 0.0,
  "358": 0.0,
  "359": 0.0,
  "360": 0.0,
  "361": 0.003995438576502474,
  "362": 6.353628074187179e-06,
  "363": 0.0,
  "364": 0.0,
  "365": 0.0,
  "366": 0.0,
  "367": 0.0,
  "368": 0.0,
  "369": 0.0,
  "370": 0.0,