{
  "0": 0.0,
  "1": 0.07957131791404094,
  "2": 0.015352158068514156,
  "3": 0.12233836245868467,
  "4": 0.04989962411366693,
  "5": 0.03080359381160825,
  "6": 0.09379816818304627,
  "7": 0.27736849260696733,
  "8": 0.07867877297748241,
  "9": 0.0077702147781574405,
  "10": 0.04753348019324185,
  "11": 0.11739272789796992,
  "12": 0.02422554612445617,
  "13": 0.029592034988729688,
  "14": 0.09547355851058582,
  "15": 0.018825658529407933,
  "16": 0.013330752109624262,
  "17": 0.03634170691957836,
  "18": 0.0049108960748956345,
  "19": 0.08011322158979066,
  "20": 0.028949701404610645,
  "21": 0.06840004244182872,
  "22": 0.14386080043139465,
  "23": 0.007322689294248876,
  "24": 0.0,
  "25": 3.2960940243589824e-05,
  "26": 0.01600878888238189,
  "27": 0.05536959244607061,
  "28": 0.016552874537322352,
  "29": 0.0,
  "30": 0.0010218754841465438,
  "31": 0.020001320730054048,
  "32": 0.00802286963680321,
  "33": 0.05189343430347564,
  "34": 0.02075499204079086,
  "35": 0.003884539864388118,
  "36": 0.005793036390967433,
  "37": 0.041572109131342856,
  "38": 0.03468918546755043,
  "39": 0.0039541483253610525,
  "40": 0.003975178524595129,
  "41": 0.008143025534373573,
  "42": 0.004012830893974582,
  "43": 0.11280159119289034,
  "44": 0.2760741983723573,
  "45": 0.04401486425973973,
  "46": 0.0,
  "47": 0.0,
  "48": 0.0,
  "49": 0.04107701000463317,
  "50": 0.0032467187379277805,
  "51": 0.0761755534826529,
  "52": 0.011128946836446605,
  "53": 0.1260916940462972,
  "54": 0.004246185130145635,
  "55": 0.0040035632569200424,
  "56": 0.10553980048094731,
  "57": 0.0,
  "58": 0.004001863756448773,
  "59": 0.003842169176192597,
  "60": 0.0,
  "61": 0.008604022612326219,
  "62": 0.016226139972981408,
  "63": 0.16437279446763006,
  "64": 0.0,
  "65": 0.0,
  "66": 0.0,
  "67": 0.0,
  "68": 0.0,
  "69": 0.1419524185925599,
  "70": 0.0,
  "71": 0.0,
  "72": 0.09813712925462025,
  "73": 0.04678375077848334,
  "74": 0.0,
  "75": 0.02512081436033023,
  "76": 0.0008436670066339497,
  "77": 0.00021047900252209138,
  "78": 0.0,
  "79": 0.08526163080614527,
  "80": 0.0,
  "81": 0.014587947076185553,
  "82": 0.0036649480219743966,
  "83": 0.0122411871037006,
  "84": 0.0,
  "85": 0.0,
  "86": 0.0,
  "87": 0.008000990555994044,
  "88": 0.004034275984256048,
  "89": 0.03138983365104759,
  "90": 0.0,
  "91": 0.049426848103529875,
  "92": 0.0,
  "93": 0.0,
  "94": 0.009109090878552101,
  "95": 0.00462620850153668,
  "96": 0.04462679994613129,
  "97": 0.012583815664403416,
  "98": 0.0,
  "99": 0.0,
  "100": 0.003942083714799995,
  "101": 0.00794998072607118,
  "102": 0.0,
  "103": 0.0002069030374429643,
  "104": 0.006378462612045828,
  "105": 0.0,
  "106": 0.06802663609491022,
  "107": 0.01621966022692198,
  "108": 0.0,
  "109": 0.14219681315921848,
  "110": 0.004963884884409215,
  "111": 0.0,
  "112": 0.0,
  "113": 0.0,
  "114": 0.0,
  "115": 0.02411703107361766,
  "116": 0.0,
  "117": 0.0,
  "118": 0.0,
  "119": 0.0,
  "120": 0.015762130017787788,
  "121": 0.0,
  "122": 0.061531190889863585,
  "123": 0.0,
  "124": 0.0,
  "125": 0.3151978431968335,
  "126": 0.0,
  "127": 0.003399322605670531,
  "128": 0.03572190845253917,
  "129": 0.0,
  "130": 0.0,
  "131": 0.0,
  "132": 0.003993573212541048,
  "133": 0.0,
  "134": 0.0,
  "135": 0.0,
  "136": 0.0,
  "137": 3.400435111751803e-05,
  "138": 0.0,
  "139": 0.0,
  "140": 0.004368804479108788,
  "141": 0.09779116506824469,
  "142": 0.0,
  "143": 0.027587938931917265,
  "144": 0.0,
  "145": 0.0,
  "146": 0.0,
  "147": 0.0,
  "148": 0.02816540393266631,
  "149": 0.04730155900288645,
  "150": 0.0,
  "151": 0.0,
  "152": 0.0,
  "153": 0.00017573188721106562,
  "154": 0.0,
  "155": 0.0,
  "156": 0.008227509623194166,
  "157": 0.001990837445182104,
  "158": 0.0,
  "159": 0.1486889679886807,
  "160": 0.011730099296238663,
  "161": 0.0,
  "162": 0.0,
  "163": 0.0,
  "164": 0.0,
  "165": 0.0016832994892126709,
  "166": 0.03547085665602408,
  "167": 0.0,
  "168": 0.0,
  "169": 0.0,
  "170": 0.03529234326036423,
  "171": 0.0,
  "172": 0.007846532126914952,
  "173": 0.003910327390083964,
  "174": 0.0002427940615206431,
  "175": 0.07660062937143752,
  "176": 0.0,
  "177": 0.00400541170288806,
  "178": 0.0,
  "179": 0.03347580221787091,
  "180": 0.0,
  "181": 0.0,
  "182": 0.02824034158918092,
  "183": 0.0,
  "184": 0.0,
  "185": 0.027865175008652234,
  "186": 0.0,
  "187": 0.0,
  "188": 0.005570401413546931,
  "189": 0.0,
  "190": 0.008356289950144966,
  "191": 0.0012280781238681769,
  "192": 0.003998109121539409,
  "193": 0.032191739929836115,
  "194": 0.0,
  "195": 0.003950219636293334,
  "196": 0.004552035096846442,
  "197": 0.004157485978634902,
  "198": 0.0,
  "199": 0.006426900077988061,
  "200": 0.0,
  "201": 0.0,
  "202": 0.0,
  "203": 0.0,
  "204": 0.050004252609726525,
  "205": 0.0,
  "206": 0.009860538283619016,
  "207": 0.0,
  "208": 0.003602415915726182,
  "209": 0.0,
  "210": 0.0,
  "211": 0.008535051964436437,
  "212": 0.0,
  "213": 0.008146707483044318,
  "214": 0.0,
  "215": 0.0,
  "216": 0.0,
  "217": 0.0,
  "218": 0.0646335163562161,
  "219": 0.0,
  "220": 0.0,
  "221": 0.04331212718194877,
  "222": 0.0,
  "223": 0.0,
  "224": 0.004887845342536016,
  "225": 0.0,
  "226": 0.0,
  "227": 0.04862392159960683,
  "228": 0.003992594795649429,
  "229": 0.0,
  "230": 0.0,
  "231": 0.0,
  "232": 0.0,
  "233": 0.0,
  "234": 0.0,
  "235": 0.0,
  "236": 0.0,
  "237": 0.0,
  "238": 0.0,
  "239": 0.0006803937228817275,
  "240": 0.0,
  "241": 0.0,
  "242": 0.10707651604937511,
  "243": 0.0,
  "244": 0.0,
  "245": 0.0,
  "246": 0.0,
  "247": 0.0,
  "248": 0.003996077434313061,
  "249": 0.0,
  "250": 0.008084006932769809,
  "251": 0.0,
  "252": 0.0,
  "253": 0.0,
  "254": 0.7424040208392594,
  "255": 0.0,
  "256": 0.0,
  "257": 0.0,
  "258": 0.0,
  "259": 0.0,
  "260": 7.420886831136104e-05,
  "261": 0.0,
  "262": 0.0,
  "263": 0.0,
  "264": 0.0,
  "265": 0.0,
  "266": 0.0039366007676577665,
  "267": 0.0,
  "268": 0.004030625653493891,
  "269": 0.0,
  "270": 0.003968032829703059,
  "271": 0.0,
  "272": 0.0,
  "273": 0.0,
  "274": 0.0008389068595902252,
  "275": 0.0,
  "276": 0.009891073345683888,
  "277": 0.0,
  "278": 0.0,
  "279": 0.0,
  "280": 0.0,
  "281": 0.0,
  "282": 0.0,
  "283": 0.0,
  "284": 0.0,
  "285": 0.003840752565127495,
  "286": 0.0,
  "287": 0.011853666850085114,
  "288": 0.008008261828265986,
  "289": 0.0,
  "290": 0.0005551828016151253,
  "291": 0.0,
  "292": 0.006663023564572743,
  "293": 0.0,
  "294": 0.003569871493096378,
  "295": 0.0,
  "296": 0.0,
  "297": 0.0,
  "298": 0.0039955496188846815,
  "299": 0.004010466646217234,
  "300": 0.0019236786078833438,
  "301": 0.0,
  "302": 0.0,
  "303": 0.0,
  "304": 0.0,
  "305": 0.0,
  "306": 0.0,
  "307": 0.0,
  "308": 0.0,
  "309": 0.003682846357728934,
  "310": 0.0,
  "311": 0.0,
  "312": 0.0,
  "313": 0.01111641981706578,
  "314": 0.0,
  "315": 0.0,
  "316": 0.0,
  "317": 0.0,
  "318": 0.0,
  "319": 0.0,
  "320": 0.0,
  "321": 0.003998613343675957,
  "322": 0.0081328125871342,
  "323": 0.0,
  "324": 0.0,
  "325": 0.0,
  "326": 0.0,
  "327": 1.2264580127805477e-05,
  "328": 0.003832303233254495,
  "329": 7.354678474290475e-05,
  "330": 0.07756083987892791,
  "331": 0.0,
  "332": 1.645337461074967e-05,
  "333": 0.0,
  "334": 0.0,
  "335": 9.795386660602242e-06,
  "336": 9.872049026859854e-06,
  "337": 0.0,
  "338": 0.0,
  "339": 0.0,
  "340": 0.003359592965517625,
  "341": 0.028142528791263284,
  "342": 0.003997106658795876,
  "343": 0.0,
  "344": 0.04862392159960683,
  "345": 0.008177886803844996,
  "346": 0.0,
  "347": 0.008142148350914516,
  "348": 0.0,
  "349": 0.008128914977120531,
  "350": 0.0,
  "351": 0.0,
  "352": 0.0,
  "353": 0.0,
  "354": 3.603875523818746e-05,
  "355": 0.00023469003602319977,
  "356": 0.0,
  "357": 0.0,
  "358": 0.0,
  "359": 0.0,
  "360": 0.0,
  "361": 0.004126736222876681,
  "362": 8.301835343471421e-06,
  "363": 0.0,
  "364": 0.0,
  "365": 0.0,
  "366": 0.0,
  "367": 0.0,
  "368": 0.0,
  "369": 0.0,
  "370": 0.0,