{
  "0": 0.0,
  "1": 0.18184894550899014,
  "2": 0.12009406352558694,
  "3": 0.18982413997053596,
  "4": 0.08096890920014609,
  "5": 0.06828460687811681,
  "6": 0.2652552226375578,
  "7": 0.2754015315965701,
  "8": 0.10504603168485939,
  "9": 0.020250128655772286,
  "10": 0.1158073220795251,
  "11": 0.10322314440193898,
  "12": 0.0731300409467173,
  "13": 0.06398311994423823,
  "14": 0.2565777757098236,
  "15": 0.05716156793479383,
  "16": 0.01692955608614334,
  "17": 0.04349339102228152,
  "18": 0.04627316587081281,
  "19": 0.016785929470473283,
  "20": 0.05675266721113314,
  "21": 0.17313604263847546,
  "22": 0.024859045099792285,
  "23": 0.05435311450354274,
  "24": 0.011539540548628076,
  "25": 0.01073474851659558,
  "26": 0.010410826317439503,
  "27": 0.0026631797724135783,
  "28": 0.020658829063372068,
  "29": 0.008877696216620542,
  "30": 0.00774052419619369,
  "31": 0.005684825135819575,
  "32": 0.02598664646397582,
  "33": 0.04438791352093014,
  "34": 0.039654734347127726,
  "35": 0.003259509557062573,
  "36": 0.0015915556185833967,
  "37": 0.06482573832577194,
  "38": 0.005701162023453516,
  "39": 0.0013736006156469301,
  "40": 0.0017265686436344668,
  "41": 0.003991787175046869,
  "42": 0.0038757707897717772,
  "43": 0.002309655310923523,
  "44": 0.003173173334811814,
  "45": 0.003972378774479026,
  "46": 0.00025129649840737047,
  "47": 0.00020297581304867056,
  "48": 0.0018260923398949122,
  "49": 0.05412917227611917,
  "50": 0.001074050203901162,
  "51": 0.00047921166103891675,
  "52": 0.016079425852325642,
  "53": 0.0004572102803493383,
  "54": 0.002479723646633254,
  "55": 0.002499866539424421,
  "56": 0.4337344176501063,
  "57": 0.0004119054645742882,
  "58": 0.002106568211174349,
  "59": 0.006238042452693443,
  "60": 1.1050769360015892e-05,
  "61": 0.0010013466024621047,
  "62": 0.0006804959162399313,
  "63": 0.00024862561759528203,
  "64": 0.0006467760459873148,
  "65": 0.00028568408886300904,
  "66": 0.00015183957416722743,
  "67": 0.00035565003746967564,
  "68": 0.00019722229063263007,
  "69": 0.00044387813362899685,
  "70": 3.107124678062878e-05,
  "71": 2.1367046496707465e-05,
  "72": 0.01109263541674538,
  "73": 0.004128536272625796,
  "74": 2.0298694171872092e-05,
  "75": 0.0013968038927019485,
  "76": 0.000135124311751574,
  "77": 7.888001331701172e-05,
  "78": 0.00028035345590888254,
  "79": 4.050835898334124e-06,
  "80": 0.0,
  "81": 0.0006033742327908778,
  "82": 1.1251085420922525e-05,
  "83": 0.0024365777928479753,
  "84": 2.4115827999148478e-05,
  "85": 0.00013687151294948182,
  "86": 0.0001333548532135654,
  "87": 0.0002994836397254659,
  "88": 0.0002538338351788545,
  "89": 0.0007575396989986323,
  "90": 0.00045704335029858275,
  "91": 3.683589786671964e-06,
  "92": 4.618398070902916e-06,
  "93": 7.367179573343928e-05,
  "94": 0.0006632687350019609,
  "95": 0.00029182711473081245,
  "96": 0.0010365577145014706,
  "97": 7.304859021061866e-05,
  "98": 0.0,
  "99": 1.1050769360015892e-05,
  "100": 0.007943410979881958,
  "101": 8.802778009841462e-06,
  "102": 0.0,
  "103": 4.329052649593336e-06,
  "104": 8.091655993622916e-05,
  "105": 5.029045995761512e-05,
  "106": 6.237619563231528e-05,
  "107": 6.977676121581032e-05,
  "108": 6.074028113491112e-05,
  "109": 0.0812817917586122,
  "110": 3.1048989440528037e-06,
  "111": 0.0009367446728197157,
  "112": 4.785328121658443e-07,
  "113": 0.0010964856027227048,
  "114": 9.425983532662096e-05,
  "115": 0.05775339060807242,
  "116": 2.278038759310426e-05,
  "117": 0.0,
  "118": 1.0794809948857418e-06,
  "119": 0.0005493334110262885,
  "120": 0.0007041999834472162,
  "121": 2.848939532894329e-06,
  "122": 0.03400828086564182,
  "123": 0.0,
  "124": 3.556722948097764e-05,
  "125": 3.429856109523563e-05,
  "126": 2.147833319721115e-06,
  "127": 0.0002001046161756755,
  "128": 0.0,
  "129": 8.235215837272669e-07,
  "130": 0.0,
  "131": 0.0,
  "132": 3.248458787702557e-05,
  "133": 8.123929136768984e-07,
  "134": 0.0,
  "135": 0.0,
  "136": 5.6277684444713366e-05,
  "137": 0.0,
  "138": 0.0009084333362115784,
  "139": 0.0,
  "140": 0.0,
  "141": 0.0005663602762033523,
  "142": 0.0,
  "143": 0.00010706893455459507,
  "144": 0.00012603218832042294,
  "145": 5.163702903370971e-06,
  "146": 0.0002848939532894329,
  "147": 0.0,
  "148": 0.0004529368710499968,
  "149": 0.04771765611468059,
  "150": 0.0,
  "151": 0.0,
  "152": 0.0,
  "153": 6.958757382495406e-05,
  "154": 4.384695999845178e-06,
  "155": 0.0,
  "156": 0.00019755615073414112,
  "157": 0.0003365532396632433,
  "158": 0.0,
  "159": 0.00019754502206409074,
  "160": 0.0009197400649827527,
  "161": 0.0,
  "162": 0.0,
  "163": 0.0,
  "164": 0.0,
  "165": 0.00011096396907222404,
  "166": 0.003134356533676129,
  "167": 4.106479248585966e-06,
  "168": 0.0,
  "169": 0.0,
  "170": 0.08362009226624538,
  "171": 8.966369459581878e-05,
  "172": 0.00026163503288416276,
  "173": 9.192281461604358e-06,
  "174": 0.0,
  "175": 0.0,
  "176": 0.0,
  "177": 1.5691424771019546e-06,
  "178": 0.0,
  "179": 0.0037910259673382216,
  "180": 0.0,
  "181": 0.00016648490395351233,
  "182": 1.0294019796590836e-05,
  "183": 8.457789238280039e-05,
  "184": 0.0,
  "185": 0.0721725746902638,
  "186": 0.0,
  "187": 9.596252184432734e-05,
  "188": 8.40437162203827e-05,
  "189": 0.0,
  "190": 0.0007240201448069224,
  "191": 0.00021506154872337073,
  "192": 5.9961274231385325e-05,
  "193": 0.07250758104479003,
  "194": 0.0002560595691889282,
  "195": 0.00011274455628028299,
  "196": 0.005387756417495039,
  "197": 4.240023289190388e-06,
  "198": 0.0,
  "199": 0.00564509578373976,
  "200": 0.0,
  "201": 0.0,
  "202": 0.0,
  "203": 0.0,
  "204": 0.0,
  "205": 0.0,
  "206": 4.876583216071464e-05,
  "207": 0.0,
  "208": 0.004531171555048128,
  "209": 0.0001649491474865615,
  "210": 7.402791317505108e-05,
  "211": 1.601415620248023e-05,
  "212": 3.1716709643550146e-06,
  "213": 0.00013273164769074476,
  "214": 0.0,
  "215": 0.0,
  "216": 0.0,
  "217": 0.00022873868421527358,
  "218": 0.00042963343596452523,
  "219": 0.0,
  "220": 0.0,
  "221": 0.0,
  "222": 0.0,
  "223": 1.1050769360015892e-05,
  "224": 0.00032672662400876795,
  "225": 8.37988854792746e-06,
  "226": 0.0,
  "227": 0.0001536869333955886,
  "228": 0.0005081462031698748,
  "229": 0.0,
  "230": 0.02253988590464575,
  "231": 0.0006664181486262152,
  "232": 0.0,
  "233": 0.0,
  "234": 0.0,
  "235": 0.0,
  "236": 0.0,
  "237": 0.0,
  "238": 2.549578308539417e-05,
  "239": 0.0,
  "240": 0.0,
  "241": 0.0,
  "242": 0.004804335890104473,
  "243": 9.359211512359884e-06,
  "244": 0.0,
  "245": 0.0,
  "246": 0.0,
  "247": 0.0,
  "248": 7.879098395660879e-06,
  "249": 0.0,
  "250": 0.0018330811446865436,
  "251": 0.0,
  "252": 0.0,
  "253": 0.0,
  "254": 0.02506998904059702,
  "255": 0.0,
  "256": 0.0,
  "257": 8.37988854792746e-06,
  "258": 0.0,
  "259": 0.0,
  "260": 0.00035976764538831195,
  "261": 0.0,
  "262": 0.0,
  "263": 0.0,
  "264": 0.0,
  "265": 0.0,
  "266": 9.894500541782608e-05,
  "267": 4.806472594754143e-05,
  "268": 3.058158529841256e-05,
  "269": 0.0,
  "270": 4.567206188671221e-05,
  "271": 0.0035045294855615356,
  "272": 0.0,
  "273": 0.0,
  "274": 1.6125442902983917e-05,
  "275": 8.180685354025864e-05,
  "276": 0.00032905251604929496,
  "277": 0.0,
  "278": 0.0,
  "279": 0.0,
  "280": 0.0,
  "281": 0.0,
  "282": 6.772908592654252e-05,
  "283": 0.0,
  "284": 0.0,
  "285": 0.008062331948040196,
  "286": 0.0,
  "287": 0.024111743777239993,
  "288": 0.00016258986943588338,
  "289": 0.0,
  "290": 0.0,
  "291": 0.0,
  "292": 0.016127824438374693,
  "293": 0.0,
  "294": 1.624785827353797e-05,
  "295": 0.0,
  "296": 0.0,
  "297": 0.0,
  "298": 0.008082307910780606,
  "299": 0.0,
  "300": 0.012326593480600286,
  "301": 0.0,
  "302": 0.0,
  "303": 0.0,
  "304": 0.0,
  "305": 0.0,
  "306": 0.0,
  "307": 0.0,
  "308": 0.0,
  "309": 0.0,
  "310": 0.0,
  "311": 0.0,
  "312": 0.0,
  "313": 0.007925538335781065,
  "314": 0.00012461884722402616,
  "315": 0.0,
  "316": 0.0,
  "317": 0.0,
  "318": 0.0,