{
  "0": 0.0,
  "1": 0.1824227966334209,
  "2": 0.12046529620577266,
  "3": 0.19033927310834353,
  "4": 0.08119732657084965,
  "5": 0.06842690269615355,
  "6": 0.26599176516613354,
  "7": 0.27627042176910493,
  "8": 0.10527834662796501,
  "9": 0.020313824240280044,
  "10": 0.11611717044579417,
  "11": 0.10356852662509394,
  "12": 0.07327661226050033,
  "13": 0.06419294528869174,
  "14": 0.25729027632126245,
  "15": 0.05727741089258036,
  "16": 0.01695108850268852,
  "17": 0.04358601742459332,
  "18": 0.046459603007040086,
  "19": 0.01683613388510839,
  "20": 0.056901509559623864,
  "21": 0.17357462271137564,
  "22": 0.0249358500993919,
  "23": 0.05451506182682051,
  "24": 0.011576207182070256,
  "25": 0.01078653052784719,
  "26": 0.010450768692705599,
  "27": 0.002674580562237624,
  "28": 0.020725587256045272,
  "29": 0.008895416458484112,
  "30": 0.007774469008549606,
  "31": 0.005704699524941314,
  "32": 0.026048628388582535,
  "33": 0.04458697282993108,
  "34": 0.03976077125832848,
  "35": 0.003273101520359441,
  "36": 0.0015862431226461022,
  "37": 0.06504465692376753,
  "38": 0.005728180864632502,
  "39": 0.001364596333915205,
  "40": 0.0017315955471703865,
  "41": 0.0040056340289549176,
  "42": 0.00388520220898371,
  "43": 0.0023114193886141464,
  "44": 0.00319859291070369,
  "45": 0.00398019368986838,
  "46": 0.00025745516543363426,
  "47": 0.00020636126283657676,
  "48": 0.0018112215430017425,
  "49": 0.05428335351058289,
  "50": 0.0010682277111045734,
  "51": 0.0004814607493548495,
  "52": 0.01610470747821233,
  "53": 0.00045682000185825084,
  "54": 0.002487636048510049,
  "55": 0.0025025084520829016,
  "56": 0.4349189483323638,
  "57": 0.00041111001596677793,
  "58": 0.0021130007355709564,
  "59": 0.006247102479975961,
  "60": 1.1474139315614633e-05,
  "61": 0.0009990896916279083,
  "62": 0.0006840372786657183,
  "63": 0.00025357714622243347,
  "64": 0.000648868575234932,
  "65": 0.0002845479938060437,
  "66": 0.0001515759123993041,
  "67": 0.00035680442048346826,
  "68": 0.00019507369489194773,
  "69": 0.00044405318947223594,
  "70": 3.106413326910303e-05,
  "71": 2.0149708066445208e-05,
  "72": 0.011153103292254404,
  "73": 0.00412392027815979,
  "74": 2.1309115871855746e-05,
  "75": 0.0013989121396500571,
  "76": 0.0001338649586821707,
  "77": 7.957268972536001e-05,
  "78": 0.0002873598908973267,
  "79": 4.677610801139066e-06,
  "80": 0.0,
  "81": 0.000600360018778675,
  "82": 1.1127649626641368e-05,
  "83": 0.0024431787561094796,
  "84": 2.4214298648631577e-05,
  "85": 0.0001365968966144599,
  "86": 0.00012892081735105222,
  "87": 0.00029643525544312645,
  "88": 0.00025989391978294607,
  "89": 0.0007598518879183684,
  "90": 0.00045590047152982183,
  "91": 3.7447539462110473e-06,
  "92": 4.70426385413701e-06,
  "93": 7.50549972422086e-05,
  "94": 0.0006730029147245698,
  "95": 0.000291451134532511,
  "96": 0.0010327125179848138,
  "97": 7.171003909096671e-05,
  "98": 0.0,
  "99": 1.1540771948109491e-05,
  "100": 0.007965504765912367,
  "101": 8.595609591836746e-06,
  "102": 0.0,
  "103": 4.291141532668887e-06,
  "104": 8.375721904603713e-05,
  "105": 4.9614658155671635e-05,
  "106": 6.226153180319578e-05,
  "107": 6.803191777725052e-05,
  "108": 6.203498085271326e-05,
  "109": 0.0815595948671977,
  "110": 2.651978773295368e-06,
  "111": 0.0009364283640297433,
  "112": 5.064080069609245e-07,
  "113": 0.001091535805951275,
  "114": 9.644407227305818e-05,
  "115": 0.057919949367728284,
  "116": 2.244187062426834e-05,
  "117": 0.0,
  "118": 7.862650634393303e-07,
  "119": 0.0005568222567065345,
  "120": 0.0007128092493769982,
  "121": 2.7585909852871416e-06,
  "122": 0.03410679249324225,
  "123": 0.0,
  "124": 3.404927520487269e-05,
  "125": 3.303645919095084e-05,
  "126": 2.03895855434267e-06,
  "127": 0.00020406910027875362,
  "128": 0.0,
  "129": 6.796528514475566e-07,
  "130": 0.0,
  "131": 0.0,
  "132": 3.1343990325581436e-05,
  "133": 9.328568549280189e-07,
  "134": 0.0,
  "135": 0.0,
  "136": 5.522512581173872e-05,
  "137": 0.0,
  "138": 0.0009106415352542331,
  "139": 0.0,
  "140": 0.0,
  "141": 0.0005666305802097776,
  "142": 0.0,
  "143": 0.00010763835453219442,
  "144": 0.00012668196089922498,
  "145": 4.637631221642151e-06,
  "146": 0.0002866136054133843,
  "147": 0.0,
  "148": 0.0004544345536149349,
  "149": 0.04786751055207695,
  "150": 0.0,
  "151": 0.0,
  "152": 0.0,
  "153": 7.003089675209628e-05,
  "154": 4.331121112165802e-06,
  "155": 0.0,
  "156": 0.00019728589829077703,
  "157": 0.0003388802423423513,
  "158": 0.0,
  "159": 0.00019799220419522252,
  "160": 0.0009175180229277025,
  "161": 0.0,
  "162": 0.0,
  "163": 0.0,
  "164": 0.0,
  "165": 0.00011351535271824093,
  "166": 0.0031388500924088,
  "167": 4.251161953171972e-06,
  "168": 0.0,
  "169": 0.0,
  "170": 0.08385796758636935,
  "171": 9.249942042936256e-05,
  "172": 0.0002652112038560358,
  "173": 9.008731913304868e-06,
  "174": 0.0,
  "175": 0.0,
  "176": 0.0,
  "177": 1.4259383353899717e-06,
  "178": 0.0,
  "179": 0.003799446010962827,
  "180": 0.0,
  "181": 0.0001654221734317357,
  "182": 1.0421343722195868e-05,
  "183": 8.559627970289522e-05,
  "184": 0.0,
  "185": 0.07239158430917712,
  "186": 0.0,
  "187": 9.399199139724739e-05,
  "188": 8.499658601044149e-05,
  "189": 0.0,
  "190": 0.0007200455532659399,
  "191": 0.0002169291983502613,
  "192": 5.896987975794977e-05,
  "193": 0.072723561410793,
  "194": 0.0002566555738436959,
  "195": 0.00011318218955576663,
  "196": 0.005413235063882304,
  "197": 4.237835426673e-06,
  "198": 0.0,
  "199": 0.005660415477385231,
  "200": 0.0,
  "201": 0.0,
  "202": 0.0,
  "203": 0.0,
  "204": 0.0,
  "205": 0.0,
  "206": 4.877508698623642e-05,
  "207": 0.0,
  "208": 0.0045541405331260935,
  "209": 0.0001677276625160578,
  "210": 7.230973278342044e-05,
  "211": 1.5392138106312313e-05,
  "212": 3.5848356282233868e-06,
  "213": 0.00013147951043885478,
  "214": 0.0,
  "215": 0.0,
  "216": 0.0,
  "217": 0.0002290829905173235,
  "218": 0.00042754162314001006,
  "219": 0.0,
  "220": 0.0,
  "221": 0.0,
  "222": 0.0,
  "223": 1.098105783515268e-05,
  "224": 0.0003344691620711917,
  "225": 7.902630213890217e-06,
  "226": 0.0,
  "227": 0.00015573378866698328,
  "228": 0.0005094064754231932,
  "229": 0.0,
  "230": 0.022580573112069638,
  "231": 0.0006679521611814594,
  "232": 0.0,
  "233": 0.0,
  "234": 0.0,
  "235": 0.0,
  "236": 0.0,
  "237": 0.0,
  "238": 2.7106154898908435e-05,
  "239": 0.0,
  "240": 0.0,
  "241": 0.0,
  "242": 0.004814660799654491,
  "243": 9.40852770827402e-06,
  "244": 0.0,
  "245": 0.0,
  "246": 0.0,
  "247": 0.0,
  "248": 7.902630213890217e-06,
  "249": 0.0,
  "250": 0.001838394330533146,
  "251": 0.0,
  "252": 0.0,
  "253": 0.0,
  "254": 0.025136694180257903,
  "255": 0.0,
  "256": 0.0,
  "257": 8.262446429362453e-06,
  "258": 0.0,
  "259": 0.0,
  "260": 0.00035792384870938186,
  "261": 0.0,
  "262": 0.0,
  "263": 0.0,
  "264": 0.0,
  "265": 0.0,
  "266": 0.00010012219358677437,
  "267": 4.87351074067395e-05,
  "268": 3.0544398735643134e-05,
  "269": 0.0,
  "270": 4.5763291997468816e-05,
  "271": 0.003527464931645314,
  "272": 0.0,
  "273": 0.0,
  "274": 1.5711974742287633e-05,
  "275": 8.129181164372736e-05,
  "276": 0.0003308043672839745,
  "277": 0.0,
  "278": 0.0,
  "279": 0.0,
  "280": 0.0,
  "281": 0.0,
  "282": 6.633944891188111e-05,
  "283": 0.0,
  "284": 0.0,
  "285": 0.008087882258752423,
  "286": 0.0,
  "287": 0.02418266147472302,
  "288": 0.00016347650056288584,
  "289": 0.0,
  "290": 0.0,
  "291": 0.0,
  "292": 0.01615340260603957,
  "293": 0.0,
  "294": 1.7537708872646754e-05,
  "295": 0.0,
  "296": 0.0,
  "297": 0.0,
  "298": 0.008088348687179886,
  "299": 0.0,
  "300": 0.01234959882091158,
  "301": 0.0,
  "302": 0.0,
  "303": 0.0,
  "304": 0.0,
  "305": 0.0,
  "306": 0.0,
  "307": 0.0,
  "308": 0.0,
  "309": 0.0,
  "310": 0.0,
  "311": 0.0,
  "312": 0.0,
  "313": 0.007971088580515436,
  "314": 0.00012625551205125787,
  "315": 0.0,
  "316": 0.0,
  "317": 0.0,
  "318": 0.0,
  "319": 0.0,