{
  "0": 0.0,
  "1": 0.18161429386260178,
  "2": 0.11996152175734162,
  "3": 0.18953870603550527,
  "4": 0.08080986131272509,
  "5": 0.06818877646056716,
  "6": 0.2649736633608018,
  "7": 0.27506438287837526,
  "8": 0.10484684040622404,
  "9": 0.02022048317000595,
  "10": 0.11563717904477315,
  "11": 0.1031581537643582,
  "12": 0.07303855149718128,
  "13": 0.06396185700498701,
  "14": 0.25620380055467146,
  "15": 0.05704806196483193,
  "16": 0.016880404568833222,
  "17": 0.043458296272922324,
  "18": 0.046236800685769124,
  "19": 0.016776256538552692,
  "20": 0.05668480285775966,
  "21": 0.17290092926456707,
  "22": 0.024832615842158224,
  "23": 0.05429174424762893,
  "24": 0.011548893065911314,
  "25": 0.010738077543249595,
  "26": 0.010389259001983777,
  "27": 0.0026580551276082867,
  "28": 0.020650686636769167,
  "29": 0.008837140876375691,
  "30": 0.007732872427147245,
  "31": 0.005677842383691658,
  "32": 0.025910288571449027,
  "33": 0.04435795970256965,
  "34": 0.03960247306622116,
  "35": 0.0032645487790380263,
  "36": 0.0015847914226113293,
  "37": 0.0647337497420822,
  "38": 0.005713215702452829,
  "39": 0.001363753686338695,
  "40": 0.001722543094470869,
  "41": 0.003992209699020181,
  "42": 0.003867624425395931,
  "43": 0.0022963027742511203,
  "44": 0.003187835801301536,
  "45": 0.003964137562690561,
  "46": 0.00025255821499721117,
  "47": 0.00020372523721056324,
  "48": 0.001806203319202478,
  "49": 0.054103582057180355,
  "50": 0.0010738300016952496,
  "51": 0.0004787027339955148,
  "52": 0.016032941559839177,
  "53": 0.0004552418707805587,
  "54": 0.0024761929879282127,
  "55": 0.0024895717474253624,
  "56": 0.4330254142227762,
  "57": 0.0004114853383964573,
  "58": 0.002102892226902305,
  "59": 0.006223661388875821,
  "60": 1.0800087031712574e-05,
  "61": 0.0010062788955418414,
  "62": 0.0006805470571724652,
  "63": 0.00024866492519645336,
  "64": 0.0006446478914771659,
  "65": 0.00028483712679985775,
  "66": 0.0001509787447410756,
  "67": 0.000355391627942422,
  "68": 0.000196312817927562,
  "69": 0.00044654517148535946,
  "70": 3.051934706152486e-05,
  "71": 2.1175451539706114e-05,
  "72": 0.011069593697894384,
  "73": 0.004113457867100925,
  "74": 2.123612618595169e-05,
  "75": 0.0013882965807450304,
  "76": 0.0001337269203252501,
  "77": 7.989839666438301e-05,
  "78": 0.0002813483346407371,
  "79": 4.196663031985692e-06,
  "80": 0.0,
  "81": 0.000600395849482059,
  "82": 1.1791106253723653e-05,
  "83": 0.0024358746854980275,
  "84": 2.3996822590125412e-05,
  "85": 0.00013434377922874678,
  "86": 0.00012986396784761507,
  "87": 0.00029326079018695194,
  "88": 0.00025723016275812057,
  "89": 0.0007638128967034777,
  "90": 0.000451763191062479,
  "91": 3.7618280672257283e-06,
  "92": 4.7022850840321605e-06,
  "93": 7.341632195714728e-05,
  "94": 0.0006681593168973267,
  "95": 0.00028893266542143414,
  "96": 0.0010315903354672876,
  "97": 7.233429076576783e-05,
  "98": 0.0,
  "99": 1.1669756961232502e-05,
  "100": 0.007918506507335586,
  "101": 8.13040259690722e-06,
  "102": 0.0,
  "103": 4.510148704254502e-06,
  "104": 8.2618643304393e-05,
  "105": 5.004647071155949e-05,
  "106": 6.130161759011388e-05,
  "107": 6.787470426671798e-05,
  "108": 5.996677537271121e-05,
  "109": 0.08111554018051031,
  "110": 2.770808845214649e-06,
  "111": 0.0009385053156855327,
  "112": 5.662966982920451e-07,
  "113": 0.0010907683404388063,
  "114": 9.602774012466537e-05,
  "115": 0.05766735796661948,
  "116": 2.126646350907448e-05,
  "117": 0.0,
  "118": 8.494450474380677e-07,
  "119": 0.0005506021897965228,
  "120": 0.0007078910977471383,
  "121": 2.7404715220918612e-06,
  "122": 0.03396333099439314,
  "123": 0.0,
  "124": 3.4837359386001704e-05,
  "125": 3.2410373536178656e-05,
  "126": 2.083162854431452e-06,
  "127": 0.00020098476568847137,
  "128": 0.0,
  "129": 5.966340214148332e-07,
  "130": 0.0,
  "131": 0.0,
  "132": 3.308790708592092e-05,
  "133": 1.0516938682566552e-06,
  "134": 0.0,
  "135": 0.0,
  "136": 5.5143140996187894e-05,
  "137": 0.0,
  "138": 0.0009031623342474845,
  "139": 0.0,
  "140": 0.0,
  "141": 0.0005699371770667797,
  "142": 0.0,
  "143": 0.00010589748258061244,
  "144": 0.0001271942834128097,
  "145": 4.580935791541008e-06,
  "146": 0.0002837449831674374,
  "147": 0.0,
  "148": 0.0004553531076320089,
  "149": 0.047671038086163096,
  "150": 0.0,
  "151": 0.0,
  "152": 0.0,
  "153": 6.831965167251887e-05,
  "154": 4.085426180535468e-06,
  "155": 0.0,
  "156": 0.00019654540407150337,
  "157": 0.0003295543410828475,
  "158": 0.0,
  "159": 0.00019495775082807747,
  "160": 0.0009167332301244117,
  "161": 0.0,
  "162": 0.0,
  "163": 0.0,
  "164": 0.0,
  "165": 0.00011166157397394219,
  "166": 0.003126524071270381,
  "167": 3.842727595553163e-06,
  "168": 0.0,
  "169": 0.0,
  "170": 0.08347734123538353,
  "171": 9.10524191325281e-05,
  "172": 0.00025908073946861066,
  "173": 8.494450474380676e-06,
  "174": 0.0,
  "175": 0.0,
  "176": 0.0,
  "177": 1.5876532434259123e-06,
  "178": 0.0,
  "179": 0.003791649655855429,
  "180": 0.0,
  "181": 0.00016644066709265663,
  "182": 1.02236778923796e-05,
  "183": 8.526810285711651e-05,
  "184": 0.0,
  "185": 0.07201360503547788,
  "186": 0.0,
  "187": 9.560301760094633e-05,
  "188": 8.323550220788971e-05,
  "189": 0.0,
  "190": 0.0007193687183285931,
  "191": 0.00021223991256702577,
  "192": 5.875328244779968e-05,
  "193": 0.0724044003195046,
  "194": 0.0002538020452452455,
  "195": 0.00011154022468145102,
  "196": 0.005397495180713973,
  "197": 3.933739564921528e-06,
  "198": 0.0,
  "199": 0.005644400541169305,
  "200": 0.0,
  "201": 0.0,
  "202": 0.0,
  "203": 0.0,
  "204": 0.0,
  "205": 0.0,
  "206": 4.904533904850748e-05,
  "207": 0.0,
  "208": 0.004549283851082899,
  "209": 0.00016463054014633025,
  "210": 7.295114966926453e-05,
  "211": 1.4966412740575477e-05,
  "212": 3.4382299539159883e-06,
  "213": 0.00012941902044181418,
  "214": 0.0,
  "215": 0.0,
  "216": 0.0,
  "217": 0.0002294310623366057,
  "218": 0.000427139397127816,
  "219": 0.0,
  "220": 0.0,
  "221": 0.0,
  "222": 0.0,
  "223": 1.1760768930600866e-05,
  "224": 0.0003289779319435145,
  "225": 7.736017396310973e-06,
  "226": 0.0,
  "227": 0.0001531832568879982,
  "228": 0.0005093535427905718,
  "229": 0.0,
  "230": 0.022453805661454163,
  "231": 0.0006674817833475844,
  "232": 0.0,
  "233": 0.0,
  "234": 0.0,
  "235": 0.0,
  "236": 0.0,
  "237": 0.0,
  "238": 2.5614813156674112e-05,
  "239": 0.0,
  "240": 0.0,
  "241": 0.0,
  "242": 0.004798424061008276,
  "243": 9.525919460555473e-06,
  "244": 0.0,
  "245": 0.0,
  "246": 0.0,
  "247": 0.0,
  "248": 8.191077243152795e-06,
  "249": 0.0,
  "250": 0.0018287237254006276,
  "251": 0.0,
  "252": 0.0,
  "253": 0.0,
  "254": 0.025029029784496195,
  "255": 0.0,
  "256": 0.0,
  "257": 7.675342750065397e-06,
  "258": 0.0,
  "259": 0.0,
  "260": 0.0003584556975778236,
  "261": 0.0,
  "262": 0.0,
  "263": 0.0,
  "264": 0.0,
  "265": 0.0,
  "266": 0.00010125587214282585,
  "267": 4.8661066288952165e-05,
  "268": 3.035754800486999e-05,
  "269": 0.0,
  "270": 4.638576705474305e-05,
  "271": 0.0035053260002225546,
  "272": 0.0,
  "273": 0.0,
  "274": 1.5815857788013546e-05,
  "275": 8.20624590471419e-05,
  "276": 0.00032810826201399456,
  "277": 0.0,
  "278": 0.0,
  "279": 0.0,
  "280": 0.0,
  "281": 0.0,
  "282": 6.599379023310511e-05,
  "283": 0.0,
  "284": 0.0,
  "285": 0.00803139168667548,
  "286": 0.0,
  "287": 0.024082889575824763,
  "288": 0.00016318446107747736,
  "289": 0.0,
  "290": 0.0,
  "291": 0.0,
  "292": 0.01606944747199693,
  "293": 0.0,
  "294": 1.6928226302515777e-05,
  "295": 0.0,
  "296": 0.0,
  "297": 0.0,
  "298": 0.008051151396469456,
  "299": 0.0,
  "300": 0.012299064279650577,
  "301": 0.0,
  "302": 0.0,
  "303": 0.0,
  "304": 0.0,
  "305": 0.0,
  "306": 0.0,
  "307": 0.0,
  "308": 0.0,
  "309": 0.0,
  "310": 0.0,
  "311": 0.0,
  "312": 0.0,
  "313": 0.007920791919010834,
  "314": 0.0001235436921970342,
  "315": 0.0,
  "316": 0.0,
  "317": 0.0,
  "318": 0.0,