{
  "0": 0.0,
  "1": 0.08026471785253293,
  "2": 0.014580715941464753,
  "3": 0.12459080211634353,
  "4": 0.04894449064816909,
  "5": 0.030134659281936458,
  "6": 0.09231504255658683,
  "7": 0.2725921469396661,
  "8": 0.0740006724116591,
  "9": 0.008033549802700242,
  "10": 0.04726346150443242,
  "11": 0.11696423831686155,
  "12": 0.02418912462619297,
  "13": 0.03160334790225398,
  "14": 0.09452692300887279,
  "15": 0.018951391715180847,
  "16": 0.011997239573195513,
  "17": 0.036699520464318826,
  "18": 0.005432378390812721,
  "19": 0.07835365314175786,
  "20": 0.02677260099446246,
  "21": 0.06805513775591444,
  "22": 0.14233893086548605,
  "23": 0.007909684497372265,
  "24": 0.0,
  "25": 5.308513085484756e-05,
  "26": 0.015146957337249791,
  "27": 0.054695379824110324,
  "28": 0.016881071611841596,
  "29": 0.0,
  "30": 0.0010263125298603873,
  "31": 0.02019004476846074,
  "32": 0.007573478668624898,
  "33": 0.05216498858669618,
  "34": 0.020154654681224172,
  "35": 0.003733654203457604,
  "36": 0.00550315856528585,
  "37": 0.0399377134464642,
  "38": 0.03358519278750142,
  "39": 0.003733654203457604,
  "40": 0.004016774901350124,
  "41": 0.00815741510802822,
  "42": 0.0037867393343124513,
  "43": 0.11255817245590792,
  "44": 0.274149310778073,
  "45": 0.04283970059986224,
  "46": 0.0,
  "47": 0.0,
  "48": 0.0,
  "49": 0.03770813795056083,
  "50": 0.0038752145524038636,
  "51": 0.07460230389468088,
  "52": 0.012439615663652575,
  "53": 0.12542246916640304,
  "54": 0.0038221294215490162,
  "55": 0.004158335250296383,
  "56": 0.1064179923203621,
  "57": 0.0,
  "58": 0.0032912781130005424,
  "59": 0.004317590642860926,
  "60": 0.0,
  "61": 0.007608868755861463,
  "62": 0.016845681524605027,
  "63": 0.1635022030329581,
  "64": 0.0,
  "65": 0.0,
  "66": 0.0,
  "67": 0.0,
  "68": 0.0,
  "69": 0.14019783058767324,
  "70": 0.0,
  "71": 0.0,
  "72": 0.09619025710899183,
  "73": 0.0459009431458248,
  "74": 0.0,
  "75": 0.025640118202892272,
  "76": 0.0010086174862421048,
  "77": 0.0002123405234193902,
  "78": 0.0,
  "79": 0.08353830092191615,
  "80": 0.0,
  "81": 0.013749048891405477,
  "82": 0.004016774901350124,
  "83": 0.01219188505299662,
  "84": 0.0,
  "85": 0.0,
  "86": 0.0,
  "87": 0.007485003450533486,
  "88": 0.004264505512006078,
  "89": 0.03086015607028611,
  "90": 0.0,
  "91": 0.05041317926848639,
  "92": 0.0,
  "93": 0.0,
  "94": 0.00930759294321658,
  "95": 0.004140640206678101,
  "96": 0.044219914002088134,
  "97": 0.012227275140233185,
  "98": 0.0,
  "99": 0.0,
  "100": 0.004052164988586689,
  "101": 0.008122025020791655,
  "102": 0.0,
  "103": 0.0001946454798011077,
  "104": 0.005980924742979477,
  "105": 0.0,
  "106": 0.06901067011130198,
  "107": 0.016421000477766207,
  "108": 0.0,
  "109": 0.1417019092952277,
  "110": 0.004990002300355659,
  "111": 0.0,
  "112": 0.0,
  "113": 0.0,
  "114": 0.0,
  "115": 0.022879691398439938,
  "116": 0.0,
  "117": 0.0,
  "118": 0.0,
  "119": 0.0,
  "120": 0.015359297860669181,
  "121": 0.0,
  "122": 0.06051704917452468,
  "123": 0.0,
  "124": 0.0,
  "125": 0.3077345035655303,
  "126": 0.0,
  "127": 0.00327358306938226,
  "128": 0.03491232105887247,
  "129": 0.0,
  "130": 0.0,
  "131": 0.0,
  "132": 0.004105250119441536,
  "133": 0.0,
  "134": 0.0,
  "135": 0.0,
  "136": 0.0,
  "137": 1.7695043618282518e-05,
  "138": 0.0,
  "139": 0.0,
  "140": 0.003981384814113559,
  "141": 0.0979597614708206,
  "142": 0.0,
  "143": 0.026754905950844177,
  "144": 0.0,
  "145": 0.0,
  "146": 0.0,
  "147": 0.0,
  "148": 0.026188664555059082,
  "149": 0.04662643993417431,
  "150": 0.0,
  "151": 0.0,
  "152": 0.0,
  "153": 0.00017695043618282517,
  "154": 0.0,
  "155": 0.0,
  "156": 0.007750429104807723,
  "157": 0.001857979579919663,
  "158": 0.0,
  "159": 0.14777130925630036,
  "160": 0.0116079486135933,
  "161": 0.0,
  "162": 0.0,
  "163": 0.0,
  "164": 0.0,
  "165": 0.0017341142745916857,
  "166": 0.03420451931414124,
  "167": 0.0,
  "168": 0.0,
  "169": 0.0,
  "170": 0.037088811423921,
  "171": 0.0,
  "172": 0.007626563799479746,
  "173": 0.0038752145524038636,
  "174": 0.0002831206978925203,
  "175": 0.0768672694778217,
  "176": 0.0,
  "177": 0.003769044290694169,
  "178": 0.0,
  "179": 0.03261196538849598,
  "180": 0.0,
  "181": 0.0,
  "182": 0.026861076212553882,
  "183": 0.0,
  "184": 0.0,
  "185": 0.02778121848070466,
  "186": 0.0,
  "187": 0.0,
  "188": 0.005396988303576156,
  "189": 0.0,
  "190": 0.008334365544211044,
  "191": 0.0012740431405163417,
  "192": 0.004105250119441536,
  "193": 0.03192185868738303,
  "194": 0.0,
  "195": 0.003857519508785581,
  "196": 0.004795356820554552,
  "197": 0.004193725337532948,
  "198": 0.0,
  "199": 0.006175570222780584,
  "200": 0.0,
  "201": 0.0,
  "202": 0.0,
  "203": 0.0,
  "204": 0.05000619326526593,
  "205": 0.0,
  "206": 0.00996230955709303,
  "207": 0.0,
  "208": 0.004016774901350124,
  "209": 0.0,
  "210": 0.0,
  "211": 0.008564401111248716,
  "212": 0.0,
  "213": 0.007378833188823791,
  "214": 0.0,
  "215": 0.0,
  "216": 0.0,
  "217": 0.0,
  "218": 0.06504698034080554,
  "219": 0.0,
  "220": 0.0,
  "221": 0.0424150195530235,
  "222": 0.0,
  "223": 0.0,
  "224": 0.0041229451630598185,
  "225": 0.0,
  "226": 0.0,
  "227": 0.047882788031072245,
  "228": 0.004087555075823254,
  "229": 0.0,
  "230": 0.0,
  "231": 0.0,
  "232": 0.0,
  "233": 0.0,
  "234": 0.0,
  "235": 0.0,
  "236": 0.0,
  "237": 0.0,
  "238": 0.0,
  "239": 0.0008316670500592793,
  "240": 0.0,
  "241": 0.0,
  "242": 0.10694884362891073,
  "243": 0.0,
  "244": 0.0,
  "245": 0.0,
  "246": 0.0,
  "247": 0.0,
  "248": 0.004282200555624361,
  "249": 0.0,
  "250": 0.006883371967511882,
  "251": 0.0,
  "252": 0.0,
  "253": 0.0,
  "254": 0.7380956594052296,
  "255": 0.0,
  "256": 0.0,
  "257": 0.0,
  "258": 0.0,
  "259": 0.0,
  "260": 7.078017447313007e-05,
  "261": 0.0,
  "262": 0.0,
  "263": 0.0,
  "264": 0.0,
  "265": 0.0,
  "266": 0.003539008723656497,
  "267": 0.0,
  "268": 0.003981384814113559,
  "269": 0.0,
  "270": 0.003892909596022146,
  "271": 0.0,
  "272": 0.0,
  "273": 0.0,
  "274": 0.0008316670500592793,
  "275": 0.0,
  "276": 0.008175110151646502,
  "277": 0.0,
  "278": 0.0,
  "279": 0.0,
  "280": 0.0,
  "281": 0.0,
  "282": 0.0,
  "283": 0.0,
  "284": 0.0,
  "285": 0.003963689770495276,
  "286": 0.0,
  "287": 0.011784899049776124,
  "288": 0.0078742944101357,
  "289": 0.0,
  "290": 0.0004954612213119105,
  "291": 0.0,
  "292": 0.0076973439739528755,
  "293": 0.0,
  "294": 0.004795356820554552,
  "295": 0.0,
  "296": 0.0,
  "297": 0.0,
  "298": 0.004034469944968406,
  "299": 0.004335285686479208,
  "300": 0.0018402845363013804,
  "301": 0.0,
  "302": 0.0,
  "303": 0.0,
  "304": 0.0,
  "305": 0.0,
  "306": 0.0,
  "307": 0.0,
  "308": 0.0,
  "309": 0.003963689770495276,
  "310": 0.0,
  "311": 0.0,
  "312": 0.0,
  "313": 0.010581636083732917,
  "314": 0.0,
  "315": 0.0,
  "316": 0.0,
  "317": 0.0,
  "318": 0.0,
  "319": 0.0,
  "320": 0.0,
  "321": 0.0036451789853661916,
  "322": 0.0078742944101357,
  "323": 0.0,
  "324": 0.0,
  "325": 0.0,
  "326": 0.0,
  "327": 0.0,
  "328": 0.003945994726876994,
  "329": 5.308513085484756e-05,
  "330": 0.07654875869269252,
  "331": 0.0,
  "332": 0.0,
  "333": 0.0,
  "334": 0.0,
  "335": 0.0,
  "336": 0.0,
  "337": 0.0,
  "338": 0.0,
  "339": 0.0,
  "340": 0.004211420381151231,
  "341": 0.02820589952754348,
  "342": 0.004512236122662033,
  "343": 0.0,
  "344": 0.04843133438323895,
  "345": 0.007414223276060356,
  "346": 0.0,
  "347": 0.00822819528250135,
  "348": 0.0,
  "349": 0.007131102578167837,
  "350": 0.0,
  "351": 0.0,
  "352": 0.0,
  "353": 0.0,
  "354": 5.308513085484756e-05,
  "355": 0.00017695043618282517,
  "356": 0.0,
  "357": 0.0,
  "358": 0.0,
  "359": 0.0,
  "360": 0.0,
  "361": 0.004052164988586689,
  "362": 1.7695043618282518e-05,
  "363": 0.0,
  "364": 0.0,
  "365": 0.0,
  "366": 0.0,
  "367": 0.0,
  "368": 0.0,
  "369": 0.0,
  "370": 0.0,
  "371": 0.003539008723656497,
  "372": 0.0,
  "373": 1.7695043618282518e-05,
  "374": 0.0,
  "375": 0.0,