{
  "0": 0.0,
  "1": 0.18158394669343011,
  "2": 0.11989725795780054,
  "3": 0.1894280961155577,
  "4": 0.08083916217180874,
  "5": 0.06812425488517576,
  "6": 0.26488613989791904,
  "7": 0.27491887202809295,
  "8": 0.10480926018254218,
  "9": 0.02020431415006112,
  "10": 0.11562707620982728,
  "11": 0.10312198107702426,
  "12": 0.07301327394140221,
  "13": 0.0639127957859967,
  "14": 0.2561479288159297,
  "15": 0.05703200035638302,
  "16": 0.01689797755091486,
  "17": 0.04344295270994759,
  "18": 0.04625792671034258,
  "19": 0.016774569615685412,
  "20": 0.056647493725109736,
  "21": 0.1729192518883855,
  "22": 0.024804071607250587,
  "23": 0.05428844048391274,
  "24": 0.011524383676184179,
  "25": 0.010718307758251094,
  "26": 0.010369576952823993,
  "27": 0.0026610357887432573,
  "28": 0.02065822116837541,
  "29": 0.008848043456724733,
  "30": 0.0077291599061046655,
  "31": 0.005698375898331036,
  "32": 0.025927090694026954,
  "33": 0.04433315388118841,
  "34": 0.03960326947040629,
  "35": 0.003258596205512964,
  "36": 0.0015787826759541706,
  "37": 0.06471461829025835,
  "38": 0.0056949672735181235,
  "39": 0.0013637544420790901,
  "40": 0.0017167190149251106,
  "41": 0.003987531112910598,
  "42": 0.0038610780085399313,
  "43": 0.0022906646361609806,
  "44": 0.0031773196588212142,
  "45": 0.003959908481861867,
  "46": 0.0002523462905444011,
  "47": 0.0002082993923856135,
  "48": 0.001806679205232465,
  "49": 0.05410132957487425,
  "50": 0.0010762315363904834,
  "51": 0.0004788577590197542,
  "52": 0.016014181057996867,
  "53": 0.00045283629755172824,
  "54": 0.0024772058038762743,
  "55": 0.0024915475682187878,
  "56": 0.4330252031459348,
  "57": 0.0004097029501353062,
  "58": 0.002104870026041599,
  "59": 0.00622434537090332,
  "60": 1.1227833317460798e-05,
  "61": 0.000997469710021804,
  "62": 0.000675634624300047,
  "63": 0.00025096122974145975,
  "64": 0.0006463322386605145,
  "65": 0.00028265063506265704,
  "66": 0.0001500187842731945,
  "67": 0.00035389776984091003,
  "68": 0.00019760200788630045,
  "69": 0.00044542966035018367,
  "70": 2.968548756375025e-05,
  "71": 2.0972374569360285e-05,
  "72": 0.011080122967859173,
  "73": 0.004113738639124716,
  "74": 2.124742210469616e-05,
  "75": 0.0013928898345721688,
  "76": 0.00013135484437540315,
  "77": 7.920386705046931e-05,
  "78": 0.00028281762820911096,
  "79": 4.4302299441599475e-06,
  "80": 0.0,
  "81": 0.0006013423203805754,
  "82": 1.1247479569984789e-05,
  "83": 0.0024281196419450833,
  "84": 2.3310278619715202e-05,
  "85": 0.00013564755055189517,
  "86": 0.00013001889920377177,
  "87": 0.0002921299519054827,
  "88": 0.0002516095560747514,
  "89": 0.0007563316065423396,
  "90": 0.0004492017408347899,
  "91": 3.7229648532962752e-06,
  "92": 4.557930585565889e-06,
  "93": 7.332963754579602e-05,
  "94": 0.0006665384093814392,
  "95": 0.0002903617891783235,
  "96": 0.0010259076605502807,
  "97": 7.084438660151118e-05,
  "98": 0.0,
  "99": 1.1463588347748689e-05,
  "100": 0.007941486780257696,
  "101": 8.241602933814181e-06,
  "102": 0.0,
  "103": 4.665984974447838e-06,
  "104": 8.54710216056224e-05,
  "105": 5.182681415828799e-05,
  "106": 6.126683849606562e-05,
  "107": 6.851630567741825e-05,
  "108": 6.21607429859072e-05,
  "109": 0.08117341368912566,
  "110": 2.8683528685026713e-06,
  "111": 0.0009402499995456804,
  "112": 5.108025656237634e-07,
  "113": 0.0010889328386472436,
  "114": 9.340810762531473e-05,
  "115": 0.0576782638331597,
  "116": 2.2239557857157697e-05,
  "117": 0.0,
  "118": 9.331969948895677e-07,
  "119": 0.0005516667708736644,
  "120": 0.0007121275383633601,
  "121": 2.7013597220487487e-06,
  "122": 0.03394130790112847,
  "123": 0.0,
  "124": 3.564812520478149e-05,
  "125": 3.491139073513183e-05,
  "126": 2.0923258938050308e-06,
  "127": 0.00020208135346177038,
  "128": 0.0,
  "129": 7.760269746976405e-07,
  "130": 0.0,
  "131": 0.0,
  "132": 3.13063033969795e-05,
  "133": 8.447888585316086e-07,
  "134": 0.0,
  "135": 0.0,
  "136": 5.716077171855152e-05,
  "137": 0.0,
  "138": 0.0009062325133003901,
  "139": 0.0,
  "140": 0.0,
  "141": 0.0005643877193829486,
  "142": 0.0,
  "143": 0.00010580489296795298,
  "144": 0.0001254609686182059,
  "145": 4.960678762307702e-06,
  "146": 0.00028438932841103027,
  "147": 0.0,
  "148": 0.00045142176737000085,
  "149": 0.04760657318423072,
  "150": 0.0,
  "151": 0.0,
  "152": 0.0,
  "153": 6.92923326521159e-05,
  "154": 4.096243651252102e-06,
  "155": 0.0,
  "156": 0.00019468453938648782,
  "157": 0.00033434974857953913,
  "158": 0.0,
  "159": 0.0001953623350985655,
  "160": 0.0009105055732243582,
  "161": 0.0,
  "162": 0.0,
  "163": 0.0,
  "164": 0.0,
  "165": 0.0001090072321293635,
  "166": 0.003136298283551121,
  "167": 4.331998681539993e-06,
  "168": 0.0,
  "169": 0.0,
  "170": 0.08345167171681774,
  "171": 9.04317003679301e-05,
  "172": 0.00026279809688716427,
  "173": 9.076568666083795e-06,
  "174": 0.0,
  "175": 0.0,
  "176": 0.0,
  "177": 1.5913464544432628e-06,
  "178": 0.0,
  "179": 0.0037865892420952197,
  "180": 0.0,
  "181": 0.0001674941258932844,
  "182": 1.0451806342763158e-05,
  "183": 8.407613767641905e-05,
  "184": 0.0,
  "185": 0.07203794555797494,
  "186": 0.0,
  "187": 9.274013503949904e-05,
  "188": 8.412525330772903e-05,
  "189": 0.0,
  "190": 0.0007193966517972367,
  "191": 0.00021258227543584352,
  "192": 5.8280608112419e-05,
  "193": 0.07243570358657565,
  "194": 0.00025306337876152674,
  "195": 0.0001139679108916712,
  "196": 0.00539136391013863,
  "197": 3.870311747226207e-06,
  "198": 0.0,
  "199": 0.005642610010541688,
  "200": 0.0,
  "201": 0.0,
  "202": 0.0,
  "203": 0.0,
  "204": 0.0,
  "205": 0.0,
  "206": 4.9292447582693166e-05,
  "207": 0.0,
  "208": 0.00453741007480458,
  "209": 0.00016375151478746413,
  "210": 7.386990949020578e-05,
  "211": 1.499991380206705e-05,
  "212": 3.8310192421782254e-06,
  "213": 0.0001324943270217946,
  "214": 0.0,
  "215": 0.0,
  "216": 0.0,
  "217": 0.00022936999821759373,
  "218": 0.0004285633525583375,
  "219": 0.0,
  "220": 0.0,
  "221": 0.0,
  "222": 0.0,
  "223": 1.1276948948770776e-05,
  "224": 0.00032905508352432355,
  "225": 8.163017923718219e-06,
  "226": 0.0,
  "227": 0.0001545275992274504,
  "228": 0.0005071385395280391,
  "229": 0.0,
  "230": 0.022452513411391498,
  "231": 0.0006630119070533828,
  "232": 0.0,
  "233": 0.0,
  "234": 0.0,
  "235": 0.0,
  "236": 0.0,
  "237": 0.0,
  "238": 2.635544776093379e-05,
  "239": 0.0,
  "240": 0.0,
  "241": 0.0,
  "242": 0.004784422407788718,
  "243": 9.783833756947468e-06,
  "244": 0.0,
  "245": 0.0,
  "246": 0.0,
  "247": 0.0,
  "248": 8.359480448958127e-06,
  "249": 0.0,
  "250": 0.0018294099194027225,
  "251": 0.0,
  "252": 0.0,
  "253": 0.0,
  "254": 0.025024296274918263,
  "255": 0.0,
  "256": 0.0,
  "257": 8.133548544932232e-06,
  "258": 0.0,
  "259": 0.0,
  "260": 0.0003621786652797722,
  "261": 0.0,
  "262": 0.0,
  "263": 0.0,
  "264": 0.0,
  "265": 0.0,
  "266": 0.00010061828230161938,
  "267": 4.7848448022179834e-05,
  "268": 2.9842657583942173e-05,
  "269": 0.0,
  "270": 4.654197222933444e-05,
  "271": 0.003512121271208805,
  "272": 0.0,
  "273": 0.0,
  "274": 1.6355505226222422e-05,
  "275": 8.127654669175035e-05,
  "276": 0.0003312063481757006,
  "277": 0.0,
  "278": 0.0,
  "279": 0.0,
  "280": 0.0,
  "281": 0.0,
  "282": 6.623734038463531e-05,
  "283": 0.0,
  "284": 0.0,
  "285": 0.008047949822685203,
  "286": 0.0,
  "287": 0.02406897759968668,
  "288": 0.0001627790252875266,
  "289": 0.0,
  "290": 0.0,
  "291": 0.0,
  "292": 0.016057648391706196,
  "293": 0.0,
  "294": 1.7406579736255935e-05,
  "295": 0.0,
  "296": 0.0,
  "297": 0.0,
  "298": 0.008065611803704272,
  "299": 0.0,
  "300": 0.012298524610639516,
  "301": 0.0,
  "302": 0.0,
  "303": 0.0,
  "304": 0.0,
  "305": 0.0,
  "306": 0.0,
  "307": 0.0,
  "308": 0.0,
  "309": 0.0,
  "310": 0.0,
  "311": 0.0,
  "312": 0.0,
  "313": 0.007934207843697558,
  "314": 0.00012412502344657448,
  "315": 0.0,
  "316": 0.0,
  "317": 0.0,
  "318": 0.0,