{
  "0": 0.0,
  "1": 0.07460797944392707,
  "2": 0.014325214871558054,
  "3": 0.1266915994601783,
  "4": 0.05013469315135661,
  "5": 0.03319994560688613,
  "6": 0.09067865570240038,
  "7": 0.27598306663593475,
  "8": 0.0761975739811242,
  "9": 0.007841811383957242,
  "10": 0.048609600986398264,
  "11": 0.11172063382384871,
  "12": 0.023046025352182618,
  "13": 0.029834750736810772,
  "14": 0.09333304056013927,
  "15": 0.019456251181940453,
  "16": 0.013735954430001753,
  "17": 0.03807645385584603,
  "18": 0.004718474147129932,
  "19": 0.07969112204351413,
  "20": 0.02832025308098011,
  "21": 0.06799513381377711,
  "22": 0.14316249104766482,
  "23": 0.008935641294200125,
  "24": 0.0,
  "25": 3.0856419235779004e-05,
  "26": 0.015187660073334067,
  "27": 0.05449749824313065,
  "28": 0.016584767296818473,
  "29": 0.0,
  "30": 0.0010538752973005222,
  "31": 0.020094157407401222,
  "32": 0.00749341285177899,
  "33": 0.04947385842863444,
  "34": 0.018849876755435167,
  "35": 0.00383372672947893,
  "36": 0.00580958298525843,
  "37": 0.039380300904351774,
  "38": 0.03432089594034474,
  "39": 0.0036204950883617533,
  "40": 0.00370367579927556,
  "41": 0.008529071099075126,
  "42": 0.004008598215754381,
  "43": 0.10973485514624579,
  "44": 0.2749507629038372,
  "45": 0.04339548716903458,
  "46": 0.0,
  "47": 0.0,
  "48": 0.0,
  "49": 0.04086643552862784,
  "50": 0.00389137647199054,
  "51": 0.07319038577153328,
  "52": 0.010102042993110972,
  "53": 0.12209463309578635,
  "54": 0.0041885904351942555,
  "55": 0.004175720813430315,
  "56": 0.10789593441657983,
  "57": 0.0,
  "58": 0.004674545026137994,
  "59": 0.004471855828906966,
  "60": 0.0,
  "61": 0.007826113227113119,
  "62": 0.016516971510040744,
  "63": 0.16358310735154066,
  "64": 0.0,
  "65": 0.0,
  "66": 0.0,
  "67": 0.0,
  "68": 0.0,
  "69": 0.14066335839294428,
  "70": 0.0,
  "71": 0.0,
  "72": 0.09488455443141967,
  "73": 0.04746765701090045,
  "74": 0.0,
  "75": 0.02492950694818412,
  "76": 0.0008538927691764364,
  "77": 0.00021420998654085084,
  "78": 0.0,
  "79": 0.08475151263697706,
  "80": 0.0,
  "81": 0.014363278231431072,
  "82": 0.0035229569887185227,
  "83": 0.012289157201015274,
  "84": 0.0,
  "85": 0.0,
  "86": 0.0,
  "87": 0.007951621064928593,
  "88": 0.004233483214627556,
  "89": 0.031479675284505786,
  "90": 0.0,
  "91": 0.05182906996325067,
  "92": 0.0,
  "93": 0.0,
  "94": 0.009252560610818339,
  "95": 0.004859816476482845,
  "96": 0.044929647072322866,
  "97": 0.010630193683610194,
  "98": 0.0,
  "99": 0.0,
  "100": 0.003540405858661737,
  "101": 0.008232325266278736,
  "102": 0.0,
  "103": 0.0001899310242324592,
  "104": 0.0064437810168057625,
  "105": 0.0,
  "106": 0.06776108077241659,
  "107": 0.016755557760069366,
  "108": 0.0,
  "109": 0.14088984559708922,
  "110": 0.0045316522476710076,
  "111": 0.0,
  "112": 0.0,
  "113": 0.0,
  "114": 0.0,
  "115": 0.02361747569942173,
  "116": 0.0,
  "117": 0.0,
  "118": 0.0,
  "119": 0.0,
  "120": 0.015918533002721492,
  "121": 0.0,
  "122": 0.06476902001714269,
  "123": 0.0,
  "124": 0.0,
  "125": 0.31172825010099636,
  "126": 0.0,
  "127": 0.003349600615796821,
  "128": 0.03535074574459122,
  "129": 0.0,
  "130": 0.0,
  "131": 0.0,
  "132": 0.00398364788407715,
  "133": 0.0,
  "134": 0.0,
  "135": 0.0,
  "136": 0.0,
  "137": 3.7612596022513745e-05,
  "138": 0.0,
  "139": 0.0,
  "140": 0.0035478557961095185,
  "141": 0.09803244129705681,
  "142": 0.0,
  "143": 0.02773131133276344,
  "144": 0.0,
  "145": 0.0,
  "146": 0.0,
  "147": 0.0,
  "148": 0.027704918522786684,
  "149": 0.045766846655956095,
  "150": 0.0,
  "151": 0.0,
  "152": 0.0,
  "153": 0.00016322411447213087,
  "154": 0.0,
  "155": 0.0,
  "156": 0.0072975166844500595,
  "157": 0.0019778789374990313,
  "158": 0.0,
  "159": 0.14308864328725415,
  "160": 0.011790556426023096,
  "161": 0.0,
  "162": 0.0,
  "163": 0.0,
  "164": 0.0,
  "165": 0.0017577582266109272,
  "166": 0.03476230807113795,
  "167": 0.0,
  "168": 0.0,
  "169": 0.0,
  "170": 0.03631580345133338,
  "171": 0.0,
  "172": 0.007680590534770464,
  "173": 0.00406206875244691,
  "174": 0.00025562814404999403,
  "175": 0.07206698748056714,
  "176": 0.0,
  "177": 0.003985483836597785,
  "178": 0.0,
  "179": 0.03281296986841831,
  "180": 0.0,
  "181": 0.0,
  "182": 0.028048059124530882,
  "183": 0.0,
  "184": 0.0,
  "185": 0.027372088881169994,
  "186": 0.0,
  "187": 0.0,
  "188": 0.005377776583746325,
  "189": 0.0,
  "190": 0.008427665092763041,
  "191": 0.0015113184083688335,
  "192": 0.003990826930650952,
  "193": 0.03185278257677404,
  "194": 0.0,
  "195": 0.003576785717904436,
  "196": 0.0045835928769624775,
  "197": 0.004152233478971982,
  "198": 0.0,
  "199": 0.006887130819846493,
  "200": 0.0,
  "201": 0.0,
  "202": 0.0,
  "203": 0.0,
  "204": 0.049490757873722126,
  "205": 0.0,
  "206": 0.009855066617688863,
  "207": 0.0,
  "208": 0.004182938039522855,
  "209": 0.0,
  "210": 0.0,
  "211": 0.008545408410900438,
  "212": 0.0,
  "213": 0.007832182644477033,
  "214": 0.0,
  "215": 0.0,
  "216": 0.0,
  "217": 0.0,
  "218": 0.06521922634591137,
  "219": 0.0,
  "220": 0.0,
  "221": 0.043817944446586814,
  "222": 0.0,
  "223": 0.0,
  "224": 0.004590612652007971,
  "225": 0.0,
  "226": 0.0,
  "227": 0.04760985979274392,
  "228": 0.003990161392530325,
  "229": 0.0,
  "230": 0.0,
  "231": 0.0,
  "232": 0.0,
  "233": 0.0,
  "234": 0.0,
  "235": 0.0,
  "236": 0.0,
  "237": 0.0,
  "238": 0.0,
  "239": 0.0006267386797779783,
  "240": 0.0,
  "241": 0.0,
  "242": 0.10686118860457483,
  "243": 0.0,
  "244": 0.0,
  "245": 0.0,
  "246": 0.0,
  "247": 0.0,
  "248": 0.003992826357466176,
  "249": 0.0,
  "250": 0.007630655658803648,
  "251": 0.0,
  "252": 0.0,
  "253": 0.0,
  "254": 0.7385759148893126,
  "255": 0.0,
  "256": 0.0,
  "257": 0.0,
  "258": 0.0,
  "259": 0.0,
  "260": 5.543585077274734e-05,
  "261": 0.0,
  "262": 0.0,
  "263": 0.0,
  "264": 0.0,
  "265": 0.0,
  "266": 0.0038504867887444055,
  "267": 0.0,
  "268": 0.004090846457634059,
  "269": 0.0,
  "270": 0.003871119855229447,
  "271": 0.0,
  "272": 0.0,
  "273": 0.0,
  "274": 0.0008577595509027497,
  "275": 0.0,
  "276": 0.007064908854788181,
  "277": 0.0,
  "278": 0.0,
  "279": 0.0,
  "280": 0.0,
  "281": 0.0,
  "282": 0.0,
  "283": 0.0,
  "284": 0.0,
  "285": 0.004541657469163817,
  "286": 0.0,
  "287": 0.011903118424481092,
  "288": 0.008213145030896258,
  "289": 0.0,
  "290": 0.0005363384031673094,
  "291": 0.0,
  "292": 0.007406439607951544,
  "293": 0.0,
  "294": 0.0034536495902634857,
  "295": 0.0,
  "296": 0.0,
  "297": 0.0,
  "298": 0.004143317174620008,
  "299": 0.0039894289324858,
  "300": 0.0019369505736823113,
  "301": 0.0,
  "302": 0.0,
  "303": 0.0,
  "304": 0.0,
  "305": 0.0,
  "306": 0.0,
  "307": 0.0,
  "308": 0.0,
  "309": 0.0036717388979700728,
  "310": 0.0,
  "311": 0.0,
  "312": 0.0,
  "313": 0.011440890837086527,
  "314": 0.0,
  "315": 0.0,
  "316": 0.0,
  "317": 0.0,
  "318": 0.0,
  "319": 0.0,
  "320": 0.0,
  "321": 0.003897712053653705,
  "322": 0.007878515454489017,
  "323": 0.0,
  "324": 0.0,
  "325": 0.0,
  "326": 0.0,
  "327": 1.801644746527289e-05,
  "328": 0.003822303597009333,
  "329": 8.143637009732102e-05,
  "330": 0.0762264706161586,
  "331": 0.0,
  "332": 1.9696217692933696e-05,
  "333": 0.0,
  "334": 0.0,
  "335": 1.2041876899266926e-05,
  "336": 5.7156977701295235e-06,
  "337": 0.0,
  "338": 0.0,
  "339": 0.0,
  "340": 0.00381701844784855,
  "341": 0.02810865033564081,
  "342": 0.0037841026328597704,
  "343": 0.0,
  "344": 0.04760985979274392,
  "345": 0.008233845363481344,
  "346": 0.0,
  "347": 0.008034331808078736,
  "348": 0.0,
  "349": 0.0077761448033554425,
  "350": 0.0,
  "351": 0.0,
  "352": 0.0,
  "353": 0.0,
  "354": 2.9305039221780427e-05,
  "355": 0.0002381547936506072,
  "356": 0.0,
  "357": 0.0,
  "358": 0.0,
  "359": 0.0,
  "360": 0.0,
  "361": 0.00399040661254229,
  "362": 7.15072725419376e-06,
  "363": 0.0,
  "364": 0.0,
  "365": 0.0,
  "366": 0.0,
  "367": 0.0,
  "368": 0.0,
  "369": 0.0,
  "370": 0.0,