{
  "0": 0.0,
  "1": 0.07867216392688704,
  "2": 0.015146957337249791,
  "3": 0.12421920620035949,
  "4": 0.05002388830888421,
  "5": 0.03172721320758194,
  "6": 0.09162493585547361,
  "7": 0.2699909755277819,
  "8": 0.07692035460867656,
  "9": 0.008245890326119632,
  "10": 0.047900483074690525,
  "11": 0.11423920159964525,
  "12": 0.024419160193230663,
  "13": 0.032045723992710995,
  "14": 0.09620795215261012,
  "15": 0.018986781802417415,
  "16": 0.012864296710491354,
  "17": 0.0356201228036037,
  "18": 0.005396988303576156,
  "19": 0.07929149045352711,
  "20": 0.02726806221577442,
  "21": 0.06876293950064595,
  "22": 0.1421088952984483,
  "23": 0.008316670500592762,
  "24": 0.0,
  "25": 0.0,
  "26": 0.015518553253233723,
  "27": 0.05235963406649727,
  "28": 0.016668731088422185,
  "29": 0.0,
  "30": 0.0011147877479517996,
  "31": 0.019482243023729372,
  "32": 0.008139720064409937,
  "33": 0.05234193902287899,
  "34": 0.019075257020508836,
  "35": 0.003662874028984474,
  "36": 0.005414683347194438,
  "37": 0.038610585175093144,
  "38": 0.034753065666307946,
  "39": 0.004140640206678101,
  "40": 0.003892909596022146,
  "41": 0.008387450675065891,
  "42": 0.0037513492470758864,
  "43": 0.11009856139296594,
  "44": 0.2773698087165963,
  "45": 0.04361828251906659,
  "46": 0.0,
  "47": 0.0,
  "48": 0.0,
  "49": 0.0389290959602222,
  "50": 0.004370675773715773,
  "51": 0.07407145258613225,
  "52": 0.011625643657211582,
  "53": 0.12333445401944511,
  "54": 0.003857519508785581,
  "55": 0.004653796471608292,
  "56": 0.10689575849805587,
  "57": 0.0,
  "58": 0.004140640206678101,
  "59": 0.004193725337532948,
  "60": 0.0,
  "61": 0.008281280413356197,
  "62": 0.01543007803514231,
  "63": 0.16617415461931953,
  "64": 0.0,
  "65": 0.0,
  "66": 0.0,
  "67": 0.0,
  "68": 0.0,
  "69": 0.14129492329200707,
  "70": 0.0,
  "71": 0.0,
  "72": 0.09672110841754046,
  "73": 0.04634331923628182,
  "74": 0.0,
  "75": 0.0248261461964512,
  "76": 0.0007254967883495839,
  "77": 0.00014156034894626015,
  "78": 0.0,
  "79": 0.08491851432414259,
  "80": 0.0,
  "81": 0.013979084458443149,
  "82": 0.004282200555624361,
  "83": 0.012032629660432078,
  "84": 0.0,
  "85": 0.0,
  "86": 0.0,
  "87": 0.008511315980393869,
  "88": 0.004016774901350124,
  "89": 0.031567957815017415,
  "90": 0.0,
  "91": 0.05027161891954014,
  "92": 0.0,
  "93": 0.0,
  "94": 0.008652876329340128,
  "95": 0.0047776617769362695,
  "96": 0.04315821138499129,
  "97": 0.011908764355104101,
  "98": 0.0,
  "99": 0.0,
  "100": 0.004016774901350124,
  "101": 0.007538088581388333,
  "102": 0.0,
  "103": 0.00024773061065595526,
  "104": 0.0066179463132376454,
  "105": 0.0,
  "106": 0.06915223046024828,
  "107": 0.015695503689416555,
  "108": 0.0,
  "109": 0.13991470988978064,
  "110": 0.004883832038645964,
  "111": 0.0,
  "112": 0.0,
  "113": 0.0,
  "114": 0.0,
  "115": 0.0251623520251986,
  "116": 0.0,
  "117": 0.0,
  "118": 0.0,
  "119": 0.0,
  "120": 0.016031709518163954,
  "121": 0.0,
  "122": 0.061313326137347315,
  "123": 0.0,
  "124": 0.0,
  "125": 0.30752216304211116,
  "126": 0.0,
  "127": 0.003167412807672565,
  "128": 0.03606249889406072,
  "129": 0.0,
  "130": 0.0,
  "131": 0.0,
  "132": 0.0038221294215490162,
  "133": 0.0,
  "134": 0.0,
  "135": 0.0,
  "136": 0.0,
  "137": 3.5390087236565036e-05,
  "138": 0.0,
  "139": 0.0,
  "140": 0.0038752145524038636,
  "141": 0.09640259763241128,
  "142": 0.0,
  "143": 0.02786969369879608,
  "144": 0.0,
  "145": 0.0,
  "146": 0.0,
  "147": 0.0,
  "148": 0.02702033160511844,
  "149": 0.047635057420416314,
  "150": 0.0,
  "151": 0.0,
  "152": 0.0,
  "153": 0.0001946454798011077,
  "154": 0.0,
  "155": 0.0,
  "156": 0.009059862332560625,
  "157": 0.001857979579919663,
  "158": 0.0,
  "159": 0.14463928653586344,
  "160": 0.01247500575088914,
  "161": 0.0,
  "162": 0.0,
  "163": 0.0,
  "164": 0.0,
  "165": 0.0015394687947905786,
  "166": 0.034222214357759524,
  "167": 0.0,
  "168": 0.0,
  "169": 0.0,
  "170": 0.03611558402491556,
  "171": 0.0,
  "172": 0.008192805195264784,
  "173": 0.0033797533310919547,
  "174": 0.00015925539256454266,
  "175": 0.07502698494151978,
  "176": 0.0,
  "177": 0.003945994726876994,
  "178": 0.0,
  "179": 0.03381522835453907,
  "180": 0.0,
  "181": 0.0,
  "182": 0.028046644134978923,
  "183": 0.0,
  "184": 0.0,
  "185": 0.028064339178597207,
  "186": 0.0,
  "187": 0.0,
  "188": 0.004990002300355659,
  "189": 0.0,
  "190": 0.0077327340611894405,
  "191": 0.001327128271371189,
  "192": 0.003945994726876994,
  "193": 0.03142639746607117,
  "194": 0.0,
  "195": 0.003662874028984474,
  "196": 0.00456532125351688,
  "197": 0.004087555075823254,
  "198": 0.0,
  "199": 0.006671031444092493,
  "200": 0.0,
  "201": 0.0,
  "202": 0.0,
  "203": 0.0,
  "204": 0.05087325040256169,
  "205": 0.0,
  "206": 0.009272202855980015,
  "207": 0.0,
  "208": 0.0038752145524038636,
  "209": 0.0,
  "210": 0.0,
  "211": 0.007715039017571158,
  "212": 0.0,
  "213": 0.0078742944101357,
  "214": 0.0,
  "215": 0.0,
  "216": 0.0,
  "217": 0.0,
  "218": 0.06487002990462266,
  "219": 0.0,
  "220": 0.0,
  "221": 0.04268044520729771,
  "222": 0.0,
  "223": 0.0,
  "224": 0.004618406384371727,
  "225": 0.0,
  "226": 0.0,
  "227": 0.04947534195671751,
  "228": 0.004069860032204971,
  "229": 0.0,
  "230": 0.0,
  "231": 0.0,
  "232": 0.0,
  "233": 0.0,
  "234": 0.0,
  "235": 0.0,
  "236": 0.0,
  "237": 0.0,
  "238": 0.0,
  "239": 0.0007431918319678665,
  "240": 0.0,
  "241": 0.0,
  "242": 0.10678958823634614,
  "243": 0.0,
  "244": 0.0,
  "245": 0.0,
  "246": 0.0,
  "247": 0.0,
  "248": 0.004176030293914666,
  "249": 0.0,
  "250": 0.007962769628227112,
  "251": 0.0,
  "252": 0.0,
  "253": 0.0,
  "254": 0.7362022897380758,
  "255": 0.0,
  "256": 0.0,
  "257": 0.0,
  "258": 0.0,
  "259": 0.0,
  "260": 8.847521809141259e-05,
  "261": 0.0,
  "262": 0.0,
  "263": 0.0,
  "264": 0.0,
  "265": 0.0,
  "266": 0.004140640206678101,
  "267": 0.0,
  "268": 0.003857519508785581,
  "269": 0.0,
  "270": 0.003910604639640429,
  "271": 0.0,
  "272": 0.0,
  "273": 0.0,
  "274": 0.0005308513085484757,
  "275": 0.0,
  "276": 0.008033549802700242,
  "277": 0.0,
  "278": 0.0,
  "279": 0.0,
  "280": 0.0,
  "281": 0.0,
  "282": 0.0,
  "283": 0.0,
  "284": 0.0,
  "285": 0.0038398244651672987,
  "286": 0.0,
  "287": 0.01167872878806643,
  "288": 0.007325748057968944,
  "289": 0.0,
  "290": 0.0006016314830216059,
  "291": 0.0,
  "292": 0.007166492665404402,
  "293": 0.0,
  "294": 0.004105250119441536,
  "295": 0.0,
  "296": 0.0,
  "297": 0.0,
  "298": 0.004016774901350124,
  "299": 0.003733654203457604,
  "300": 0.0020172349724842053,
  "301": 0.0,
  "302": 0.0,
  "303": 0.0,
  "304": 0.0,
  "305": 0.0,
  "306": 0.0,
  "307": 0.0,
  "308": 0.0,
  "309": 0.003769044290694169,
  "310": 0.0,
  "311": 0.0,
  "312": 0.0,
  "313": 0.010847061738007154,
  "314": 0.0,
  "315": 0.0,
  "316": 0.0,
  "317": 0.0,
  "318": 0.0,
  "319": 0.0,
  "320": 0.0,
  "321": 0.004034469944968406,
  "322": 0.008122025020791655,
  "323": 0.0,
  "324": 0.0,
  "325": 0.0,
  "326": 0.0,
  "327": 1.7695043618282518e-05,
  "328": 0.004299895599242643,
  "329": 1.7695043618282518e-05,
  "330": 0.07592943216605245,
  "331": 0.0,
  "332": 0.0,
  "333": 0.0,
  "334": 0.0,
  "335": 0.0,
  "336": 0.0,
  "337": 0.0,
  "338": 0.0,
  "339": 0.0,
  "340": 0.0038752145524038636,
  "341": 0.02808203422221549,
  "342": 0.004193725337532948,
  "343": 0.0,
  "344": 0.04795356820554537,
  "345": 0.007679648930334593,
  "346": 0.0,
  "347": 0.007962769628227112,
  "348": 0.0,
  "349": 0.0074673084069152035,
  "350": 0.0,
  "351": 0.0,
  "352": 0.0,
  "353": 0.0,
  "354": 3.5390087236565036e-05,
  "355": 0.00017695043618282517,
  "356": 0.0,
  "357": 0.0,
  "358": 0.0,
  "359": 0.0,
  "360": 0.0,
  "361": 0.004034469944968406,
  "362": 0.0,
  "363": 0.0,
  "364": 0.0,
  "365": 0.0,
  "366": 0.0,
  "367": 0.0,
  "368": 0.0,
  "369": 0.0,
  "370": 0.0,
  "371": 0.004406065860952338,
  "372": 0.0,
  "373": 1.7695043618282518e-05,
  "374": 0.0,
  "375": 0.0,