{
  "0": 0.002450221859623594,
  "1": 0.0002182098468722305,
  "2": 0.025386853882912588,
  "3": 0.0006510658013992366,
  "4": 0.007431219161114183,
  "5": 0.0007500131867117278,
  "6": 0.0001374868857525058,
  "7": 0.001611635280881205,
  "8": 5.687486975990886e-05,
  "9": 0.0017623922859787032,
  "10": 0.06706302937520382,
  "11": 0.0013078065067028417,
  "12": 0.0010449464329395915,
  "13": 0.006626226134356261,
  "14": 0.00041793300844088595,
  "15": 0.0,
  "16": 0.0033425615094493247,
  "17": 0.010186756943323915,
  "18": 0.0021744034179317735,
  "19": 0.005465479307102461,
  "20": 0.004889656291739535,
  "21": 0.0008546822260455688,
  "22": 0.0011410577502638981,
  "23": 0.005767979118490668,
  "24": 0.0,
  "25": 0.0008219673814083277,
  "26": 0.002135060928033543,
  "27": 0.0002948826696569391,
  "28": 0.0011439493689125123,
  "29": 0.004644151201655924,
  "30": 0.005190849395649639,
  "31": 0.0006964448045930251,
  "32": 0.0016820620084869633,
  "33": 0.08497510550937237,
  "34": 0.01019197557257137,
  "35": 0.0033596061737506382,
  "36": 0.0,
  "37": 9.663027746088924e-05,
  "38": 0.02165620127992716,
  "39": 0.0009248829118624085,
  "40": 0.0016530843764467895,
  "41": 0.015255323326085394,
  "42": 0.0125646321413573,
  "43": 0.03972108065376376,
  "44": 0.005953861078489972,
  "45": 0.024310320122391506,
  "46": 0.0031691141228869977,
  "47": 0.005541216259340777,
  "48": 0.002561662312486497,
  "49": 0.0,
  "50": 0.000921593586045848,
  "51": 0.00051213526313112,
  "52": 0.006167401952118926,
  "53": 0.0007518086166060282,
  "54": 0.016358160470118514,
  "55": 0.0003202339480601382,
  "56": 4.018583656016816e-05,
  "57": 0.006677088009433184,
  "58": 0.00024785479883543095,
  "59": 7.090449442897539e-05,
  "60": 0.0008787996850274784,
  "61": 0.005369242278775495,
  "62": 0.005402469222407764,
  "63": 0.0072640697109741335,
  "64": 2.309720952727577e-05,
  "65": 0.016677654138124724,
  "66": 4.018583656016816e-05,
  "67": 3.0423766402855983e-05,
  "68": 0.0019260709368987253,
  "69": 0.0,
  "70": 0.004912486543388369,
  "71": 0.019260847309129265,
  "72": 0.0132119078017705,
  "73": 0.028185819617639028,
  "74": 0.01209760082178549,
  "75": 0.0004662238118328182,
  "76": 0.0003228841897831567,
  "77": 0.0010855313581087595,
  "78": 0.0035044844905709758,
  "79": 0.010565585071654315,
  "80": 0.009493810931284085,
  "81": 0.0016759953941845658,
  "82": 0.0017640119989270318,
  "83": 4.5056151035355565e-05,
  "84": 0.013678323832782491,
  "85": 0.0006567362696720087,
  "86": 0.004602567037732984,
  "87": 0.0350060358552571,
  "88": 5.359599387888319e-05,
  "89": 0.009319030706439852,
  "90": 0.00532455309703443,
  "91": 0.001570697152451461,
  "92": 0.005162101126350394,
  "93": 0.013277614164070198,
  "94": 0.0025681362546439274,
  "95": 0.020544905457804078,
  "96": 0.00020558590505758797,
  "97": 0.0011630497630595355,
  "98": 0.013939341517850484,
  "99": 0.0,
  "100": 0.00023396160695763574,
  "101": 0.003772565945126092,
  "102": 0.0005998835177635411
}