{
  "0": 0.003670947614979609,
  "1": 1.8476756800851232e-05,
  "2": 0.02415920635778104,
  "3": 0.00041520704581248365,
  "4": 0.018948592588767757,
  "5": 0.0016269065990254525,
  "6": 0.00013443406435883538,
  "7": 0.0026561142465373546,
  "8": 6.20569576632732e-05,
  "9": 0.0003415746361893787,
  "10": 0.05222117980606054,
  "11": 0.0025703661351337242,
  "12": 0.0022735465194624986,
  "13": 0.008271403634108287,
  "14": 0.0006927839966690047,
  "15": 0.0,
  "16": 0.005257982068048003,
  "17": 0.009667049101256271,
  "18": 0.006172151425208,
  "19": 0.005595643519418719,
  "20": 0.004201158548120142,
  "21": 0.0,
  "22": 0.0015121755670066037,
  "23": 0.003280018150977783,
  "24": 0.0,
  "25": 0.0008205821170747382,
  "26": 0.001159247742916852,
  "27": 5.977477276456128e-05,
  "28": 0.0011079787452548708,
  "29": 0.010802923536310871,
  "30": 0.004659365138587947,
  "31": 0.0007692131015402013,
  "32": 0.0016820620084869633,
  "33": 0.08499276785283807,
  "34": 0.0034681816231663947,
  "35": 0.0032268387341060434,
  "36": 0.0,
  "37": 0.00010044885445844387,
  "38": 0.031241901648088072,
  "39": 0.0007594423793335308,
  "40": 0.002128078300658735,
  "41": 0.02721156653329436,
  "42": 0.016419774009368854,
  "43": 0.05033731093555423,
  "44": 0.003304587232296278,
  "45": 0.013623464764797191,
  "46": 0.0027395193011403043,
  "47": 0.0027213773186094744,
  "48": 0.0026998689369317794,
  "49": 0.0,
  "50": 0.0014114019792860733,
  "51": 0.0002859673498166424,
  "52": 0.008935236440903873,
  "53": 0.0014900814468408242,
  "54": 0.009669643057838661,
  "55": 0.0013275459328005203,
  "56": 2.9325641744435707e-05,
  "57": 0.006979007826815533,
  "58": 0.00014143498047488836,
  "59": 5.47065848922745e-05,
  "60": 0.011860302556964972,
  "61": 0.004824648231127968,
  "62": 0.005550070555399479,
  "63": 0.0102382820307619,
  "64": 4.6657973211446094e-05,
  "65": 0.02126505493855775,
  "66": 2.9325641744435707e-05,
  "67": 1.4852882959175643e-05,
  "68": 0.003615595494126674,
  "69": 0.0,
  "70": 0.011056896161348702,
  "71": 0.018884212549107483,
  "72": 0.01692670553997561,
  "73": 0.01080933387233094,
  "74": 0.088531303108161,
  "75": 0.00013645282173081738,
  "76": 0.0006437728355416408,
  "77": 0.003721026087636668,
  "78": 0.0030165149240086713,
  "79": 0.029911795997029145,
  "80": 0.009378312413243035,
  "81": 0.0024334783326376507,
  "82": 0.0005974650850850796,
  "83": 2.9952150315255415e-05,
  "84": 0.02022017875831438,
  "85": 0.0001812247070590767,
  "86": 0.0017048662878491826,
  "87": 0.03534579898454066,
  "88": 7.508508255756403e-05,
  "89": 0.008205856230529137,
  "90": 0.003881427900451849,
  "91": 0.0029379139958188834,
  "92": 0.011790654158122907,
  "93": 0.014461565810844628,
  "94": 0.0010876996229336057,
  "95": 0.014090801109704156,
  "96": 0.0,
  "97": 0.0018239204971435485,
  "98": 0.011679108974427338,
  "99": 0.0,
  "100": 0.00039898195549596953,
  "101": 0.000997714479616656,
  "102": 0.0004999029314696176
}