{
  "0": 0.002298330211918624,
  "1": 0.00011170198752598719,
  "2": 0.03826252764936544,
  "3": 0.00045083314151420176,
  "4": 0.02237325788592915,
  "5": 0.0007650833800001588,
  "6": 0.00011111968526495629,
  "7": 0.0013000442112769829,
  "8": 4.924524829364595e-05,
  "9": 0.0012370292214539972,
  "10": 0.04811262638180595,
  "11": 0.0,
  "12": 0.0027046134128068168,
  "13": 0.003938218930859211,
  "14": 0.0005855589839286684,
  "15": 0.0,
  "16": 0.011304336158921222,
  "17": 0.007419366660597853,
  "18": 0.0037411737235713964,
  "19": 0.008482071586643386,
  "20": 0.003036427471703099,
  "21": 0.0005671557871237768,
  "22": 0.0007573025965024916,
  "23": 0.005111982042103114,
  "24": 0.0,
  "25": 0.0005975656600158864,
  "26": 0.0016724738787353569,
  "27": 0.00011893900399444711,
  "28": 7.625328203525906e-06,
  "29": 0.009021736170037977,
  "30": 0.003430490990940788,
  "31": 0.000896405977180872,
  "32": 0.0010403793777364776,
  "33": 0.09683499793680671,
  "34": 0.008073921430082518,
  "35": 0.0026296955046059725,
  "36": 0.0,
  "37": 1.9943166070760065e-05,
  "38": 0.029200201437678642,
  "39": 0.0006867725631602995,
  "40": 0.0017946349828649136,
  "41": 0.026231870245736137,
  "42": 0.02669780309294454,
  "43": 0.03421446841061274,
  "44": 0.004781711528347241,
  "45": 0.01475471698606237,
  "46": 0.0013694673234918625,
  "47": 0.004314625177534412,
  "48": 0.004240382795964025,
  "49": 0.0,
  "50": 0.000674263195934198,
  "51": 0.000577033424691995,
  "52": 0.007361889003812186,
  "53": 0.00023608624255056404,
  "54": 0.015556351627993851,
  "55": 0.000781901347466563,
  "56": 1.2317837867234157e-05,
  "57": 0.0038997419345120072,
  "58": 0.00010747327398004173,
  "59": 0.0,
  "60": 0.0014052865626019947,
  "61": 0.005465247215267471,
  "62": 0.008367135926047502,
  "63": 0.011945916807449646,
  "64": 3.443330958343506e-05,
  "65": 0.02516663455866542,
  "66": 1.2317837867234157e-05,
  "67": 0.0,
  "68": 0.005630870976663333,
  "69": 0.0,
  "70": 0.007054299564600266,
  "71": 0.019293280110897006,
  "72": 0.008919522806379894,
  "73": 0.023490132259700796,
  "74": 0.011345885298443607,
  "75": 0.00022261327554503357,
  "76": 0.0006850081263316982,
  "77": 0.00216173494983452,
  "78": 0.0018657423298719714,
  "79": 0.013013633340470506,
  "80": 0.009262693497952843,
  "81": 0.0018101732297224596,
  "82": 0.0010189824817360424,
  "83": 9.419563721354714e-06,
  "84": 0.02267000453887709,
  "85": 0.0003221790378022145,
  "86": 0.004204618065073231,
  "87": 0.0349715384578089,
  "88": 7.82078359550853e-05,
  "89": 0.007074917277158961,
  "90": 0.004306271730571611,
  "91": 0.0047296770430189485,
  "92": 0.015062189016208411,
  "93": 0.011823601932242288,
  "94": 0.0012529017794640047,
  "95": 0.01036591470507868,
  "96": 0.0,
  "97": 0.0007463603717834977,
  "98": 0.007346033736340488,
  "99": 0.0,
  "100": 0.0009014190981720027,
  "101": 0.00330822550913025,
  "102": 0.0007998446903513881
}