{
  "0": 0.010371155233930411,
  "1": 0.0002506991594521309,
  "2": 0.013301996955128792,
  "3": 0.0003765622697004515,
  "4": 0.017142190819904382,
  "5": 0.0014787117133375556,
  "6": 0.00011615203949938091,
  "7": 0.005959521769080024,
  "8": 4.332150872706097e-05,
  "9": 0.0012757223409794684,
  "10": 0.03797961304785934,
  "11": 0.001148559666174073,
  "12": 0.0018306143217647062,
  "13": 0.007119208838828298,
  "14": 0.001287714488897162,
  "15": 0.0,
  "16": 0.012005396008158814,
  "17": 0.008637241954041306,
  "18": 0.010676208508670345,
  "19": 0.004675498255487092,
  "20": 0.006691962327690096,
  "21": 0.0008834614113254295,
  "22": 0.0008921066732829053,
  "23": 0.009264648159427633,
  "24": 0.0,
  "25": 0.0016471102453380875,
  "26": 0.0008919940167573192,
  "27": 3.8576479729122466e-05,
  "28": 0.00274355242864696,
  "29": 0.0075003200507149925,
  "30": 0.005199067465802186,
  "31": 0.002073353849987263,
  "32": 0.0009118085026853072,
  "33": 0.07336244346602451,
  "34": 0.006113762240362439,
  "35": 0.005830363993792838,
  "36": 0.0,
  "37": 0.0002883350706001647,
  "38": 0.019136461006742725,
  "39": 0.0013328564752344276,
  "40": 0.00206311066201903,
  "41": 0.015158942870696772,
  "42": 0.017981775298629366,
  "43": 0.031275838625418106,
  "44": 0.008802969597819656,
  "45": 0.007126643051025976,
  "46": 0.0031007426053339614,
  "47": 0.005834566246790687,
  "48": 0.002634204790132098,
  "49": 0.0,
  "50": 0.0011259532062831614,
  "51": 0.0009576507955837726,
  "52": 0.00931698428035161,
  "53": 0.00034230855753159505,
  "54": 0.023736608963658815,
  "55": 0.000786747760485904,
  "56": 0.0001280797457293409,
  "57": 0.0063460196423115196,
  "58": 0.00035863895309054257,
  "59": 0.00013997590980903201,
  "60": 0.005190215144205768,
  "61": 0.010929617782181003,
  "62": 0.0079429194125066,
  "63": 0.006231006135540868,
  "64": 1.960510320378686e-05,
  "65": 0.022813502064704765,
  "66": 0.0001280797457293409,
  "67": 2.774385904657924e-05,
  "68": 0.001500267737981658,
  "69": 0.0,
  "70": 0.0033779958544374817,
  "71": 0.020091354189522376,
  "72": 0.015698482776678215,
  "73": 0.01384435583467825,
  "74": 0.03681364066085313,
  "75": 0.00041352017295658564,
  "76": 0.0013197075666298152,
  "77": 0.002552924313857655,
  "78": 0.0015996893807027758,
  "79": 0.015444672702311152,
  "80": 0.00818014145419015,
  "81": 0.002593458643832958,
  "82": 0.0018287603899982757,
  "83": 8.063318624681997e-05,
  "84": 0.015942674451276333,
  "85": 0.000519754428696487,
  "86": 0.0031688707117180142,
  "87": 0.00552014685143798,
  "88": 0.00022410074485374498,
  "89": 0.008731293333860054,
  "90": 0.003639262817231362,
  "91": 0.002713078699755456,
  "92": 0.005578377956703323,
  "93": 0.016478636022692235,
  "94": 0.0025814524985598984,
  "95": 0.007988134502798824,
  "96": 0.0,
  "97": 0.0017629827849208852,
  "98": 0.00526595400109556,
  "99": 0.0,
  "100": 0.0007784645936516205,
  "101": 0.0033270185095380313,
  "102": 0.00029994175888177054
}