{
  "0": 0.004297746356395769,
  "1": 6.995145190254045e-05,
  "2": 0.024099401743438026,
  "3": 0.0006008172980384773,
  "4": 0.015018790726039066,
  "5": 0.0005272334474766899,
  "6": 0.00012076994668021082,
  "7": 0.0021335778724322968,
  "8": 7.410008159469146e-05,
  "9": 0.0023030615934718354,
  "10": 0.048372792752149237,
  "11": 0.0012696104760944477,
  "12": 0.0010123198625105587,
  "13": 0.00468668022835828,
  "14": 0.001951361622590892,
  "15": 0.0,
  "16": 0.0041062076883916195,
  "17": 0.01105759288362814,
  "18": 0.004798068611257213,
  "19": 0.007599052764129467,
  "20": 0.0036228879487906988,
  "21": 0.0003163056242016526,
  "22": 0.0015925117490284933,
  "23": 0.00571073110375943,
  "24": 0.0,
  "25": 0.00031402505132830115,
  "26": 0.0011504512460429673,
  "27": 0.00012162877128763774,
  "28": 0.002581124459746016,
  "29": 0.008426999133474935,
  "30": 0.00518228067075633,
  "31": 0.0,
  "32": 0.002573965975543172,
  "33": 0.09978169494375859,
  "34": 0.010657484652994325,
  "35": 0.007487619299773699,
  "36": 0.0,
  "37": 0.00025300047963993966,
  "38": 0.023192641475724547,
  "39": 0.0015566449915446706,
  "40": 0.001113790233025386,
  "41": 0.01521700611015673,
  "42": 0.018535561106697396,
  "43": 0.026565483920474062,
  "44": 0.0029129171318470143,
  "45": 0.004671092481784786,
  "46": 0.003875335425019679,
  "47": 0.0022965693466275435,
  "48": 0.0033934344894626604,
  "49": 0.0,
  "50": 0.0010292183914481759,
  "51": 0.00132618431117837,
  "52": 0.007804386955417771,
  "53": 0.0012846968384558053,
  "54": 0.007053927015303937,
  "55": 0.0008237810028951538,
  "56": 0.00013586909126073223,
  "57": 0.005084832503616063,
  "58": 0.0005201082376656305,
  "59": 0.00014552568144628961,
  "60": 0.0018325480057948334,
  "61": 0.0059570439017395385,
  "62": 0.012343000663687442,
  "63": 0.009087847677780715,
  "64": 4.901638538761695e-05,
  "65": 0.015044704238956113,
  "66": 0.00013099198949029692,
  "67": 3.517832078699125e-05,
  "68": 0.00424641055552282,
  "69": 0.0,
  "70": 0.0068200294724229974,
  "71": 0.016241643683544974,
  "72": 0.009319405884084484,
  "73": 0.020478766183710587,
  "74": 0.009900524057704528,
  "75": 0.0005277246108612834,
  "76": 0.0014107983759597941,
  "77": 0.002183508887139534,
  "78": 0.0029470306146259615,
  "79": 0.02018743552450305,
  "80": 0.007647879626745518,
  "81": 0.003100911178787984,
  "82": 0.001640438844700011,
  "83": 6.408801228715232e-05,
  "84": 0.01832931004385099,
  "85": 0.0007675129842725863,
  "86": 0.00826256409668488,
  "87": 0.005937528521547613,
  "88": 0.00023071126831271737,
  "89": 0.004839537687667537,
  "90": 0.004350059607615537,
  "91": 0.0038222651216281637,
  "92": 0.009355362425712346,
  "93": 0.01379027306748873,
  "94": 0.00212570986003768,
  "95": 0.006905451600492539,
  "96": 0.0,
  "97": 0.0032246883090599745,
  "98": 0.006342851580378781,
  "99": 0.0,
  "100": 0.00037595141082933915,
  "101": 0.0023359136025725607,
  "102": 0.00039992234517569406
}