{
  "0": 0.0023215341756523816,
  "1": 6.40206154853912e-05,
  "2": 0.019121785291576307,
  "3": 0.00039902705559871,
  "4": 0.023634745361313544,
  "5": 0.0009754153407831739,
  "6": 0.00022751195210161002,
  "7": 0.001567016634037283,
  "8": 5.405117434296141e-05,
  "9": 0.000698132798507987,
  "10": 0.05339724498755965,
  "11": 0.0,
  "12": 0.00046439652836840117,
  "13": 0.011100195228069817,
  "14": 0.0005442249822129242,
  "15": 0.0,
  "16": 0.011213622597333899,
  "17": 0.00830574734592209,
  "18": 0.0015082716345703384,
  "19": 0.004570864454167206,
  "20": 0.006189770368258167,
  "21": 0.0020353511161810543,
  "22": 0.0015267449687809576,
  "23": 0.005506452810791723,
  "24": 0.0,
  "25": 0.0009713731895163788,
  "26": 0.0016153543774358307,
  "27": 0.00010787465620484368,
  "28": 0.0015706367348969662,
  "29": 0.0102769141567816,
  "30": 0.009128202311640037,
  "31": 0.0012978256603871023,
  "32": 0.0,
  "33": 0.09449917204356119,
  "34": 0.004252887081517509,
  "35": 0.0052055578651494456,
  "36": 0.0,
  "37": 0.0002735527650714618,
  "38": 0.01680076496050545,
  "39": 0.00198207139090392,
  "40": 0.0018189892050008408,
  "41": 0.02674939917366358,
  "42": 0.012160951271843724,
  "43": 0.028021434666379786,
  "44": 0.005938908115288417,
  "45": 0.0068434937345554425,
  "46": 0.0027905813312002416,
  "47": 0.008310147407918942,
  "48": 0.0043405791198019425,
  "49": 0.0,
  "50": 0.0008538468359645211,
  "51": 0.0010178440276148533,
  "52": 0.013251017755219183,
  "53": 0.00010479465861643313,
  "54": 0.008919049337372545,
  "55": 0.0024793551820018714,
  "56": 0.0001078079210067897,
  "57": 0.006381404150363268,
  "58": 0.0004332389696452677,
  "59": 9.451146178307848e-05,
  "60": 0.0019290240728983346,
  "61": 0.013234059212787253,
  "62": 0.00476207629065739,
  "63": 0.006639658729164816,
  "64": 5.405117434296141e-05,
  "65": 0.01850507963878634,
  "66": 0.00010293081923635438,
  "67": 3.36746954637285e-05,
  "68": 0.00277368906754353,
  "69": 0.0,
  "70": 0.006279767163705984,
  "71": 0.02333388158919148,
  "72": 0.01650254397249711,
  "73": 0.015859686588469386,
  "74": 0.016397240867824167,
  "75": 0.00045446294918079043,
  "76": 0.0012106143780621019,
  "77": 0.0020896739043827677,
  "78": 0.0014997087944088527,
  "79": 0.01533783335566444,
  "80": 0.006471860570426509,
  "81": 0.003279615438511238,
  "82": 0.0014319451290920782,
  "83": 6.72580124976796e-05,
  "84": 0.012090328683699665,
  "85": 0.0006195198757793869,
  "86": 0.0020808486389797317,
  "87": 0.005384872114960303,
  "88": 0.00019982821211096392,
  "89": 0.013163747824953047,
  "90": 0.003510400592005537,
  "91": 0.00575699944381805,
  "92": 0.007980625692776773,
  "93": 0.011590205721278257,
  "94": 0.00287950507299182,
  "95": 0.00944670794960169,
  "96": 0.0001943364401181061,
  "97": 0.0031352678486208153,
  "98": 0.008073747909417166,
  "99": 0.0,
  "100": 0.0004076310816370879,
  "101": 0.0035437152382014774,
  "102": 9.998058629392351e-05
}