{
  "0": 0.0019273406174128828,
  "1": 5.8089779068241924e-05,
  "2": 0.014338021850200564,
  "3": 0.0004969708595152239,
  "4": 0.011882296828603183,
  "5": 0.0011357739127788556,
  "6": 0.0003389811651777422,
  "7": 0.0010489231868965007,
  "8": 6.048901655282527e-05,
  "9": 0.0006470412747528114,
  "10": 0.08343294222425249,
  "11": 0.0009135088939968887,
  "12": 0.0019268196551583748,
  "13": 0.01597559043672367,
  "14": 0.0010244512282664502,
  "15": 0.0,
  "16": 0.011967830930829574,
  "17": 0.012279953643492804,
  "18": 0.0027020381410362113,
  "19": 0.009377303439820454,
  "20": 0.009098989887470328,
  "21": 0.0021953320488172514,
  "22": 0.001456186745419774,
  "23": 0.0029741981835172343,
  "24": 0.0,
  "25": 0.0012015238638933875,
  "26": 0.0009559304293137454,
  "27": 9.775036956390685e-05,
  "28": 0.0023151074157429998,
  "29": 0.01094965498621248,
  "30": 0.004878934953195307,
  "31": 0.0009887245407020138,
  "32": 0.0002615678112245475,
  "33": 0.09352603037146119,
  "34": 0.0041381078476737665,
  "35": 0.002899123824544271,
  "36": 0.0,
  "37": 0.00030206550503354484,
  "38": 0.025782176527966133,
  "39": 0.0011327570422178656,
  "40": 0.0014612694884800518,
  "41": 0.04903254481343384,
  "42": 0.026141655871334622,
  "43": 0.039702479278310554,
  "44": 0.0065330735313736,
  "45": 0.011212534711207547,
  "46": 0.0014449853872882845,
  "47": 0.00437871875673201,
  "48": 0.00471696469788497,
  "49": 0.0,
  "50": 0.0014746955957223025,
  "51": 0.00044722745730592747,
  "52": 0.007113965294937202,
  "53": 0.0010776342510003434,
  "54": 0.009070020540657456,
  "55": 0.0044684947228214944,
  "56": 0.00011564132194664279,
  "57": 0.006743152512835405,
  "58": 0.00031092684763394486,
  "59": 9.666440867878567e-05,
  "60": 0.001211645973041062,
  "61": 0.011738565942748653,
  "62": 0.011006861829938968,
  "63": 0.009240076224658013,
  "64": 6.048901655282527e-05,
  "65": 0.020595913751715284,
  "66": 0.00010588711840577222,
  "67": 1.8103812020048162e-05,
  "68": 0.0017243537428908498,
  "69": 0.0,
  "70": 0.003845028458769151,
  "71": 0.025005256335085737,
  "72": 0.015240190334620145,
  "73": 0.015252448088397798,
  "74": 0.010100743327994235,
  "75": 0.0003533520781520236,
  "76": 0.001567468957469437,
  "77": 0.00187873379141589,
  "78": 0.00203356585136103,
  "79": 0.01666887929709019,
  "80": 0.004474414759763488,
  "81": 0.0020985375223707076,
  "82": 0.004034536963065951,
  "83": 5.122024633041907e-05,
  "84": 0.015337711444434346,
  "85": 0.0005137534644891743,
  "86": 0.0016576623093240799,
  "87": 0.005897018803787763,
  "88": 0.00019151687510594423,
  "89": 0.0078066196877915545,
  "90": 0.004152133639683034,
  "91": 0.0040385896312145585,
  "92": 0.005248490905155713,
  "93": 0.013051799702172441,
  "94": 0.0015223990417353773,
  "95": 0.014802376681180897,
  "96": 0.0,
  "97": 0.002109170052078861,
  "98": 0.008037313379174028,
  "99": 0.0,
  "100": 0.0005998835177635411,
  "101": 0.0018807702611959738,
  "102": 0.0005998835177635411
}