{
  "0": 0.005745259573184307,
  "1": 0.00020731296479180504,
  "2": 0.012791317857407423,
  "3": 0.0006846732693189499,
  "4": 0.019789589821941678,
  "5": 0.0005902689017944217,
  "6": 0.0001444436216935775,
  "7": 0.0007800278360637657,
  "8": 4.129496258884405e-05,
  "9": 0.0002828824420782819,
  "10": 0.05247550522499692,
  "11": 0.00045675444699844436,
  "12": 0.00019604424092422342,
  "13": 0.011184260732887918,
  "14": 0.0008553879145700319,
  "15": 0.0,
  "16": 0.005054573274472957,
  "17": 0.010246961607271355,
  "18": 0.007423619725439858,
  "19": 0.004033809633604079,
  "20": 0.008204130233374672,
  "21": 0.0005711043324836806,
  "22": 0.0016749676556607257,
  "23": 0.0031720989482249442,
  "24": 0.0,
  "25": 0.0006208996421140584,
  "26": 0.0005478922154090425,
  "27": 7.823336553137727e-05,
  "28": 0.0046399206431840135,
  "29": 0.010502009458654163,
  "30": 0.009417406057638045,
  "31": 0.0020218777641479156,
  "32": 0.0011416880439573311,
  "33": 0.1100043586722069,
  "34": 0.009309139582814478,
  "35": 0.0024467523647508844,
  "36": 0.0,
  "37": 9.724360024505602e-05,
  "38": 0.02494815234031854,
  "39": 0.000675837787842635,
  "40": 0.001577695480302366,
  "41": 0.014890494097313694,
  "42": 0.016483416436830104,
  "43": 0.03735648996460268,
  "44": 0.0044167526916133425,
  "45": 0.00611822417257523,
  "46": 0.003916564606165153,
  "47": 0.0038228305702546032,
  "48": 0.0020273827638159375,
  "49": 0.0,
  "50": 0.0006526578411845325,
  "51": 0.0005520721162400249,
  "52": 0.017660583302855647,
  "53": 0.0006835979156486658,
  "54": 0.01042934768865425,
  "55": 0.0005023280067613885,
  "56": 1.0505900946396362e-05,
  "57": 0.00635763661024796,
  "58": 0.0001102337014276885,
  "59": 4.3469820127792835e-06,
  "60": 0.0008018721782528272,
  "61": 0.008657150857972092,
  "62": 0.004551442474880983,
  "63": 0.00779513201126464,
  "64": 2.2136041865853875e-05,
  "65": 0.0209710323208555,
  "66": 1.0505900946396362e-05,
  "67": 0.0,
  "68": 0.0021950669781817013,
  "69": 0.0,
  "70": 0.008672530609679614,
  "71": 0.0263650985457715,
  "72": 0.02241954753972225,
  "73": 0.011447326376097496,
  "74": 0.016121528140570343,
  "75": 0.0001253810542199239,
  "76": 0.00021108562180332643,
  "77": 0.0014733323518488228,
  "78": 0.0015952336605527563,
  "79": 0.00960022535293662,
  "80": 0.005340806155491176,
  "81": 0.0035199761946343258,
  "82": 0.0023353202989485674,
  "83": 1.8839127442709428e-05,
  "84": 0.013365729767822849,
  "85": 0.00021746927682991213,
  "86": 0.004771525347339555,
  "87": 0.0057371469916671055,
  "88": 7.371567465692048e-05,
  "89": 0.00770500001343981,
  "90": 0.004382362084641726,
  "91": 0.005023728606129572,
  "92": 0.008026984453855274,
  "93": 0.016257336834737537,
  "94": 0.0006537020104034958,
  "95": 0.009927937376426943,
  "96": 0.00041117181011517595,
  "97": 0.0016615437336747264,
  "98": 0.00859995792150108,
  "99": 0.0,
  "100": 0.00038313557563517543,
  "101": 0.002987297549546932,
  "102": 9.998058629392351e-05
}