{
  "0": 0.0039152184440881845,
  "1": 0.0001361095807439877,
  "2": 0.016546422481742533,
  "3": 0.0005145464309744737,
  "4": 0.015383462545414511,
  "5": 0.00025529025491107264,
  "6": 0.00010722836899925037,
  "7": 0.006483981695863303,
  "8": 4.004390794964458e-05,
  "9": 0.0008507075893210607,
  "10": 0.04199392857156843,
  "11": 0.0004376564316942473,
  "12": 0.0015142092039924046,
  "13": 0.004832788166025591,
  "14": 0.0006937153112364042,
  "15": 0.0,
  "16": 0.011113471190299956,
  "17": 0.00843308652698278,
  "18": 0.0037573037589148117,
  "19": 0.007747345193861821,
  "20": 0.004558015714546183,
  "21": 0.0008586307714054729,
  "22": 0.001908236034322268,
  "23": 0.002794500221838561,
  "24": 0.0,
  "25": 0.0017748295652324677,
  "26": 0.0014155233215275699,
  "27": 7.831944001882233e-05,
  "28": 0.0029573820806612448,
  "29": 0.0034761902076304286,
  "30": 0.008996561218677045,
  "31": 0.002040039197440133,
  "32": 0.0017978206025798032,
  "33": 0.07777602205164608,
  "34": 0.007999953906118787,
  "35": 0.003202870004787523,
  "36": 0.0,
  "37": 7.597586552407472e-05,
  "38": 0.022155418824172428,
  "39": 0.0007402655699303192,
  "40": 0.0009830839491294908,
  "41": 0.014439486466608122,
  "42": 0.011118042257823292,
  "43": 0.03542838690707357,
  "44": 0.007347366462535493,
  "45": 0.020537411375767263,
  "46": 0.0017088351150954452,
  "47": 0.0030848297633793904,
  "48": 0.0036120035534223235,
  "49": 0.0,
  "50": 0.0006719504207134481,
  "51": 0.00021028135932410312,
  "52": 0.010132310885260678,
  "53": 0.0012211988925092327,
  "54": 0.009729413453558612,
  "55": 0.0014661477065209777,
  "56": 4.551599471107721e-05,
  "57": 0.006751523333744528,
  "58": 0.00012745019568817967,
  "59": 5.595937898981921e-05,
  "60": 0.0013592848291827868,
  "61": 0.007705381897458885,
  "62": 0.009131539881305162,
  "63": 0.007060864355858939,
  "64": 2.8290956581759854e-05,
  "65": 0.018435942167950935,
  "66": 4.551599471107721e-05,
  "67": 3.4850977496742505e-05,
  "68": 0.0022399843624371727,
  "69": 0.0,
  "70": 0.009302767161239725,
  "71": 0.02274062510631291,
  "72": 0.015021071569605967,
  "73": 0.011419678658884585,
  "74": 0.017260029082067946,
  "75": 0.00016980918508659117,
  "76": 0.00010299953295877959,
  "77": 0.0016268885723400202,
  "78": 0.0016790500357096564,
  "79": 0.027764640579439667,
  "80": 0.004536022772826809,
  "81": 0.002015350910050215,
  "82": 0.0010038756679232072,
  "83": 3.4850977496742505e-05,
  "84": 0.019648787089384594,
  "85": 0.0002747092044954884,
  "86": 0.004327679609072213,
  "87": 0.00576206827978732,
  "88": 3.34793169549419e-05,
  "89": 0.0067529444118550296,
  "90": 0.0026798618986800197,
  "91": 0.004383314861556226,
  "92": 0.009313620178506612,
  "93": 0.016783864127828462,
  "94": 0.0013702374192374998,
  "95": 0.014491747016610858,
  "96": 0.0,
  "97": 0.0012929711790501187,
  "98": 0.010139435504522383,
  "99": 0.0,
  "100": 0.0002365492217924152,
  "101": 0.0029492109205909098,
  "102": 0.0
}