{
  "0": 0.004855646727554078,
  "1": 0.0001894613966654213,
  "2": 0.014496455845212742,
  "3": 0.0006199734442833543,
  "4": 0.018999371559669468,
  "5": 0.0007051538892982157,
  "6": 9.368298363322495e-05,
  "7": 0.003534262641665363,
  "8": 0.00013419744086795652,
  "9": 0.0009991727353710267,
  "10": 0.05295989058974943,
  "11": 0.0008319540444002005,
  "12": 0.0008673135286066941,
  "13": 0.010667809254875349,
  "14": 0.00339684998771404,
  "15": 0.0,
  "16": 0.011667376709727749,
  "17": 0.008779453028393149,
  "18": 0.0044914715669004705,
  "19": 0.007840785093586291,
  "20": 0.004448517196778459,
  "21": 0.0008765012063027057,
  "22": 0.002433037742767362,
  "23": 0.003308401617861379,
  "24": 0.0,
  "25": 0.001999075196566027,
  "26": 0.0017711162083135217,
  "27": 0.00021475686874506886,
  "28": 0.002565204490928743,
  "29": 0.006336642121139784,
  "30": 0.006018361985917178,
  "31": 0.0005246440556242123,
  "32": 0.0008364184599152542,
  "33": 0.06100670088029329,
  "34": 0.0054206769838118065,
  "35": 0.0046862157843825455,
  "36": 0.0,
  "37": 0.000328847748508757,
  "38": 0.0248725123584818,
  "39": 0.0020658739644562486,
  "40": 0.0008814270280668429,
  "41": 0.015405760310469856,
  "42": 0.015926092873011187,
  "43": 0.041505620614162575,
  "44": 0.00743251837268643,
  "45": 0.0049321852005254395,
  "46": 0.00451192930080366,
  "47": 0.0031039261086920193,
  "48": 0.0017560844368246778,
  "49": 0.0,
  "50": 0.0011124348923695828,
  "51": 0.0016765961591979496,
  "52": 0.010226511850918114,
  "53": 0.0024995299510513756,
  "54": 0.009979682818320604,
  "55": 0.0010392132354019167,
  "56": 0.0001460024240969156,
  "57": 0.005294855415689299,
  "58": 0.0004086018771045535,
  "59": 0.00019412089962835474,
  "60": 0.0014425693439380938,
  "61": 0.007226634075646401,
  "62": 0.01442510836108382,
  "63": 0.007477795093713624,
  "64": 0.00010281242622268607,
  "65": 0.015750375136230663,
  "66": 0.00014112532232648034,
  "67": 4.3382366844512936e-05,
  "68": 0.0033728216522452134,
  "69": 0.0,
  "70": 0.006904712768511689,
  "71": 0.028042674739516077,
  "72": 0.012245411055254141,
  "73": 0.016737335062817923,
  "74": 0.01138087554304544,
  "75": 0.0005814630490568409,
  "76": 0.0012843152908064582,
  "77": 0.0033655729342970207,
  "78": 0.005304651954574718,
  "79": 0.027239403296183094,
  "80": 0.00529871659744248,
  "81": 0.002833868623102285,
  "82": 0.001308010455439609,
  "83": 0.00010202371033325334,
  "84": 0.02148711541385047,
  "85": 0.0006470090245222999,
  "86": 0.0020038375820394068,
  "87": 0.0057688228252864,
  "88": 0.00023171541049798878,
  "89": 0.006442341409905414,
  "90": 0.0031153676175225097,
  "91": 0.003303619811536946,
  "92": 0.007860369664825465,
  "93": 0.011958368941352902,
  "94": 0.002934801381778688,
  "95": 0.011781989691469319,
  "96": 0.00020558590505758797,
  "97": 0.0015231539962474213,
  "98": 0.008293738052332566,
  "99": 0.0,
  "100": 0.0003708335120145325,
  "101": 0.0011286420445795302,
  "102": 0.00039992234517569406
}