{
  "0": 0.0032034054995377656,
  "1": 0.0001719949261496786,
  "2": 0.018446455829552882,
  "3": 0.0005589835099864554,
  "4": 0.0149635585750221,
  "5": 0.0012684625803538782,
  "6": 0.00012899619461225893,
  "7": 0.002773418184163567,
  "8": 4.299873153741965e-05,
  "9": 0.0006664803388300045,
  "10": 0.05318943091178534,
  "11": 0.0007954765334422635,
  "12": 0.0011179670199729101,
  "13": 0.009008234257089447,
  "14": 0.001504955603809685,
  "15": 0.0,
  "16": 0.007675273579429432,
  "17": 0.010276696837443334,
  "18": 0.0033324016941500252,
  "19": 0.006858297680218455,
  "20": 0.004643863006041331,
  "21": 0.0005589835099864554,
  "22": 0.0014619568722722656,
  "23": 0.004772859200653591,
  "24": 0.0,
  "25": 0.0013329606776600073,
  "26": 0.0010319695568980713,
  "27": 8.59974630748393e-05,
  "28": 0.0025799238922451775,
  "29": 0.006729301485606195,
  "30": 0.006643304022531355,
  "31": 0.0012899619461225879,
  "32": 0.0011824651172790393,
  "33": 0.08281555694107179,
  "34": 0.006944295143293294,
  "35": 0.004020381398748743,
  "36": 0.0,
  "37": 0.00012899619461225893,
  "38": 0.02468127190247826,
  "39": 0.0015694537011158142,
  "40": 0.0015264549695783948,
  "41": 0.01965042031260054,
  "42": 0.017199492614967806,
  "43": 0.03629092941758069,
  "44": 0.006191817341388447,
  "45": 0.008965235525552027,
  "46": 0.003009911207619376,
  "47": 0.005288843979102629,
  "48": 0.0029454131103132464,
  "49": 0.0,
  "50": 0.0009459720938232323,
  "51": 0.00047298604691161614,
  "52": 0.008728742502096218,
  "53": 0.0005804828757551652,
  "54": 0.01145916195472238,
  "55": 0.0008384752649796831,
  "56": 0.00010749682884354912,
  "57": 0.006428310364844256,
  "58": 0.0001719949261496786,
  "59": 0.00012899619461225893,
  "60": 0.0035473953518371246,
  "61": 0.00812676026057234,
  "62": 0.007718272310966852,
  "63": 0.008556747575946539,
  "64": 8.59974630748393e-05,
  "65": 0.019091436802614128,
  "66": 0.00010749682884354912,
  "67": 2.1499365768709824e-05,
  "68": 0.0025154257949390477,
  "69": 0.0,
  "70": 0.005869326854857798,
  "71": 0.019929912067593748,
  "72": 0.014340076967729511,
  "73": 0.016705007202287517,
  "74": 0.026315223700900083,
  "75": 0.0003009911207619375,
  "76": 0.0008169758992109733,
  "77": 0.0019779416507212993,
  "78": 0.002751918818394857,
  "79": 0.016382516715756894,
  "80": 0.006170317975619737,
  "81": 0.002773418184163567,
  "82": 0.0014834562380409754,
  "83": 2.1499365768709824e-05,
  "84": 0.01689850149420589,
  "85": 0.0004299873153741965,
  "86": 0.0033109023283813153,
  "87": 0.019005439339539295,
  "88": 0.00010749682884354912,
  "89": 0.009244727280545257,
  "90": 0.0038913852041364836,
  "91": 0.004299873153741972,
  "92": 0.009137230451701707,
  "93": 0.014017586481198862,
  "94": 0.002020940382258719,
  "95": 0.01156665878356593,
  "96": 0.0003009911207619375,
  "97": 0.0017844473588029114,
  "98": 0.008728742502096218,
  "99": 0.0,
  "100": 0.0003009911207619375,
  "101": 0.001741448627265492,
  "102": 0.00023649302345580807
}