{
  "0": 0.00038857512840096266,
  "1": 0.009870571085433502,
  "2": 0.0029184531788831697,
  "3": 0.0010352080509566464,
  "4": 0.005337907796899027,
  "5": 0.004926354919703466,
  "6": 0.004690344601112793,
  "7": 0.004742718983992788,
  "8": 0.0011940056914116245,
  "9": 0.0008798524214547054,
  "10": 0.008645215186152324,
  "11": 0.0,
  "12": 0.004773324973277902,
  "13": 0.0003403869750584444,
  "14": 0.003712534408481115,
  "15": 0.001718679793442132,
  "16": 0.0,
  "17": 0.0,
  "18": 0.0003344332263829209,
  "19": 0.0018738493682979628,
  "20": 0.002377406267994973,
  "21": 4.372284183587562e-06,
  "22": 0.0061707814202109305,
  "23": 0.0009168772960306172,
  "24": 0.0,
  "25": 0.0016843527112348168,
  "26": 0.0008462695578318308,
  "27": 0.004265302762074249,
  "28": 0.010423246411703582,
  "29": 0.003168231541285991,
  "30": 0.005518008694333613,
  "31": 0.0011032110241098914,
  "32": 0.0010582788270743,
  "33": 0.0007583587375448043,
  "34": 0.002071997566405229,
  "35": 0.006372650711240399,
  "36": 0.0,
  "37": 0.001201633931902139,
  "38": 0.0035751330523287996,
  "39": 0.0034005207669544624,
  "40": 0.004632946742787824,
  "41": 0.006826158911133789,
  "42": 0.00021228835121163436,
  "43": 0.005654200695286212,
  "44": 0.00374667543604232,
  "45": 0.000500114888743973,
  "46": 0.004718345825352364,
  "47": 0.005217530440865786,
  "48": 0.0,
  "49": 0.01429429937867051,
  "50": 0.002110324823503911,
  "51": 0.0023254039944071974,
  "52": 0.0029129645668229216,
  "53": 0.0064075359573860435,
  "54": 0.0004946262766837247,
  "55": 0.0057328087832677335,
  "56": 0.00380667805941283,
  "57": 0.007430185319730258,
  "58": 0.0009069233724637263,
  "59": 0.009788893095791165,
  "60": 0.020682206570891936,
  "61": 0.0034093583626446924,
  "62": 0.004132831854043851,
  "63": 0.0016747708969601463,
  "64": 0.0008439438747554544,
  "65": 0.0026120211767398202,
  "66": 0.006557123892858572,
  "67": 0.010463434215263365,
  "68": 0.010416734499089728,
  "69": 6.986351961434593e-05,
  "70": 0.0004262511942382597,
  "71": 0.005575592607304692,
  "72": 0.0034212658599957393,
  "73": 0.004920587225674053,
  "74": 0.03048468165584914,
  "75": 0.003809840988396702,
  "76": 0.003761838889700294,
  "77": 0.003391869225910342,
  "78": 0.00045155462610923456,
  "79": 0.016814223505585826,
  "80": 0.0016330016289084267,
  "81": 0.02027884009812522,
  "82": 0.004585037671414471,
  "83": 0.005537079295559899,
  "84": 0.0003468058603492432,
  "85": 0.00262858004024362,
  "86": 0.004083062236209397,
  "87": 0.04384089350883248,
  "88": 0.005090269062926472,
  "89": 0.0003344332263829209,
  "90": 0.0008906435909290918,
  "91": 0.005169807424138544,
  "92": 0.006516377925360458,
  "93": 0.0037323492282918414,
  "94": 0.0029636644578879263,
  "95": 0.010750423506888209,
  "96": 0.0,
  "97": 0.0020083668774355714,
  "98": 0.00015972791368552857,
  "99": 0.0,
  "100": 0.0005023475444972943,
  "101": 4.372284183587561e-05,
  "102": 0.0
}