{
  "0": 0.0032191044732140972,
  "1": 0.00013781702205560906,
  "2": 0.018845406635599693,
  "3": 0.0005009291655555542,
  "4": 0.014880412420362726,
  "5": 0.0010689108801173268,
  "6": 0.00014828046723245258,
  "7": 0.0029341639884822445,
  "8": 6.491481808313109e-05,
  "9": 0.0007179098156114808,
  "10": 0.055720564276297554,
  "11": 0.001043485650902277,
  "12": 0.0013260393221971914,
  "13": 0.008200714764815093,
  "14": 0.0014913224156847087,
  "15": 0.0,
  "16": 0.008369436502273831,
  "17": 0.010329631825265391,
  "18": 0.003254372358827815,
  "19": 0.006467909734515826,
  "20": 0.004873768072047185,
  "21": 0.0007428099681158814,
  "22": 0.0015091395965298293,
  "23": 0.004849697629273095,
  "24": 0.0,
  "25": 0.0012177805979123586,
  "26": 0.001065314490693387,
  "27": 8.771533777478893e-05,
  "28": 0.002394677419899256,
  "29": 0.007499205748500041,
  "30": 0.006697886321770287,
  "31": 0.001194544120600514,
  "32": 0.0012412808327175193,
  "33": 0.08180955220536315,
  "34": 0.0072414795409871755,
  "35": 0.003865716353963432,
  "36": 0.0,
  "37": 0.000171708894971055,
  "38": 0.0231423056718304,
  "39": 0.0014373016714984773,
  "40": 0.0017518309063252178,
  "41": 0.020735410594034682,
  "42": 0.017355236820386356,
  "43": 0.03838107219408604,
  "44": 0.00623981048218785,
  "45": 0.009213687307323712,
  "46": 0.002952240818598012,
  "47": 0.005449054916783939,
  "48": 0.002835149548802694,
  "49": 0.0,
  "50": 0.0011796657334401175,
  "51": 0.0007468966651577021,
  "52": 0.008747329593382593,
  "53": 0.0006572112710053407,
  "54": 0.012555434470259901,
  "55": 0.0011367891759687906,
  "56": 7.821645866019065e-05,
  "57": 0.006214485395066397,
  "58": 0.00027797495777373267,
  "59": 8.136189901089861e-05,
  "60": 0.003186080431120413,
  "61": 0.008484969865818143,
  "62": 0.008436547217328224,
  "63": 0.00875005145992434,
  "64": 4.626558627245895e-05,
  "65": 0.018654830318456685,
  "66": 7.385145257565102e-05,
  "67": 1.8554160022381568e-05,
  "68": 0.002805186238112245,
  "69": 0.0,
  "70": 0.0058620441218510035,
  "71": 0.02117655324899123,
  "72": 0.014565958837242415,
  "73": 0.016307480618094946,
  "74": 0.026246912891218437,
  "75": 0.0002811239376929631,
  "76": 0.0008397670761655736,
  "77": 0.0020154474416685915,
  "78": 0.002589368348496289,
  "79": 0.016833133935510898,
  "80": 0.006276720324838947,
  "81": 0.002829161658374061,
  "82": 0.0019632433197745956,
  "83": 4.1719956268650045e-05,
  "84": 0.015920428000243507,
  "85": 0.00040597416410945066,
  "86": 0.003612813100836801,
  "87": 0.02053110365055744,
  "88": 0.00014144673177464483,
  "89": 0.010429391957428875,
  "90": 0.004045477962360145,
  "91": 0.004177504724668341,
  "92": 0.009101018188107955,
  "93": 0.014414093458174397,
  "94": 0.0018972206417967536,
  "95": 0.011408957669947845,
  "96": 0.00018202091437963822,
  "97": 0.0018311096163497883,
  "98": 0.008259156353444753,
  "99": 0.0,
  "100": 0.00031056628250035825,
  "101": 0.0018952091548343339,
  "102": 0.00026394874781595804
}