{
  "0": 0.0003836119949072434,
  "1": 0.009855624242613145,
  "2": 0.0028869149977576655,
  "3": 0.0010253852793470678,
  "4": 0.005329815809131398,
  "5": 0.004969725821481904,
  "6": 0.004731601797391109,
  "7": 0.004738280885871705,
  "8": 0.00120349430549628,
  "9": 0.0008945138644809075,
  "10": 0.008671489613872214,
  "11": 0.0,
  "12": 0.00483004575369206,
  "13": 0.0003299856902949263,
  "14": 0.0036803713495756505,
  "15": 0.0016831302971100552,
  "16": 0.0,
  "17": 0.0,
  "18": 0.0003388911416023869,
  "19": 0.001905960176564124,
  "20": 0.0024075694012952206,
  "21": 4.743120805060542e-06,
  "22": 0.006159281159714333,
  "23": 0.0008896739452920702,
  "24": 0.0,
  "25": 0.001706845901135358,
  "26": 0.0008675071154071955,
  "27": 0.004299590610595493,
  "28": 0.010394597643482066,
  "29": 0.0032013161482645357,
  "30": 0.0055013425451837916,
  "31": 0.0010838515031482221,
  "32": 0.0010657502053819708,
  "33": 0.0007567697643665984,
  "34": 0.0020590952196989356,
  "35": 0.006453257851244309,
  "36": 0.0,
  "37": 0.0012139485309441685,
  "38": 0.0035707955791403744,
  "39": 0.0034164021570164647,
  "40": 0.004615637333626568,
  "41": 0.006835998660697562,
  "42": 0.00020453498492026379,
  "43": 0.005653703201248389,
  "44": 0.003732255283279986,
  "45": 0.00050596515200105,
  "46": 0.004730633813553342,
  "47": 0.005220433635463676,
  "48": 0.0,
  "49": 0.014281149550502185,
  "50": 0.0021179486370351973,
  "51": 0.0023050599128756465,
  "52": 0.0028971756264380005,
  "53": 0.006373979974931154,
  "54": 0.00048708946716458464,
  "55": 0.005763569366834996,
  "56": 0.0038193738286790573,
  "57": 0.007396848496300027,
  "58": 0.0008751541877255584,
  "59": 0.009866272064828588,
  "60": 0.020823558713204876,
  "61": 0.0034331482774098416,
  "62": 0.004159426550886765,
  "63": 0.0016528324029879337,
  "64": 0.000861215220461707,
  "65": 0.0025643827830135486,
  "66": 0.006582967685505149,
  "67": 0.01038201385359109,
  "68": 0.010483555358172896,
  "69": 6.843645733015925e-05,
  "70": 0.00042358972740703943,
  "71": 0.005571908566957039,
  "72": 0.0034574446717378048,
  "73": 0.004904290114048824,
  "74": 0.03056379928235614,
  "75": 0.00379817498263195,
  "76": 0.003797400595561736,
  "77": 0.003350869651199608,
  "78": 0.0004639546534419424,
  "79": 0.016958786442534526,
  "80": 0.0016201145492713937,
  "81": 0.020229700628734543,
  "82": 0.004616411720696782,
  "83": 0.005629503605304203,
  "84": 0.0003449894397803219,
  "85": 0.002628172917922424,
  "86": 0.004073856779628122,
  "87": 0.04393407604151915,
  "88": 0.005097209292915878,
  "89": 0.0003310504725164705,
  "90": 0.0008754445828768886,
  "91": 0.005162645000348958,
  "92": 0.006528276598671287,
  "93": 0.003718316316016135,
  "94": 0.0029747111318431736,
  "95": 0.010773369719200473,
  "96": 0.0,
  "97": 0.001991239552671437,
  "98": 0.00016446045403669104,
  "99": 0.0,
  "100": 0.0004949301362505011,
  "101": 4.5688837142623994e-05,
  "102": 0.0
}