{
  "0": 0.0032249048653064756,
  "1": 0.00012899619461225893,
  "2": 0.01799496914841001,
  "3": 0.0005589835099864554,
  "4": 0.0149635585750221,
  "5": 0.0009889708253606518,
  "6": 0.00023649302345580807,
  "7": 0.0028809150130071166,
  "8": 2.1499365768709824e-05,
  "9": 0.0006234816072925849,
  "10": 0.053468922666778544,
  "11": 0.001053468922666781,
  "12": 0.0012469632145851684,
  "13": 0.0082557564551846,
  "14": 0.0011824651172790393,
  "15": 0.0,
  "16": 0.007632274847892012,
  "17": 0.010298196203212043,
  "18": 0.003074409304925506,
  "19": 0.006277814804463286,
  "20": 0.004321372519510682,
  "21": 0.0007954765334422635,
  "22": 0.001504955603809685,
  "23": 0.004837357297959721,
  "24": 0.0,
  "25": 0.0010749682884354907,
  "26": 0.0009889708253606518,
  "27": 8.59974630748393e-05,
  "28": 0.0024939264291703378,
  "29": 0.0069012964117558745,
  "30": 0.006643304022531355,
  "31": 0.0010964676542042004,
  "32": 0.0011394663857416199,
  "33": 0.08236407025992877,
  "34": 0.006299314170231996,
  "35": 0.004385870616816812,
  "36": 0.0,
  "37": 0.00012899619461225893,
  "38": 0.02371380044288639,
  "39": 0.0012899619461225879,
  "40": 0.0017199492614967823,
  "41": 0.02003740889643729,
  "42": 0.01621052178960723,
  "43": 0.03609743512566232,
  "44": 0.005353342076408759,
  "45": 0.009244727280545257,
  "46": 0.0028379162814696967,
  "47": 0.005353342076408759,
  "48": 0.0025799238922451775,
  "49": 0.0,
  "50": 0.0011824651172790393,
  "51": 0.0007094790703674242,
  "52": 0.008642745039021378,
  "53": 0.0006234816072925849,
  "54": 0.011910648635865289,
  "55": 0.0010749682884354907,
  "56": 8.59974630748393e-05,
  "57": 0.005761830026014248,
  "58": 0.00040848794960548666,
  "59": 0.00015049556038096876,
  "60": 0.003009911207619376,
  "61": 0.00791176660288524,
  "62": 0.008728742502096218,
  "63": 0.00810526089480363,
  "64": 0.0,
  "65": 0.018532453292627715,
  "66": 2.1499365768709824e-05,
  "67": 4.299873153741965e-05,
  "68": 0.002730419452626147,
  "69": 0.0,
  "70": 0.006062821146776187,
  "71": 0.02145636703717203,
  "72": 0.01464106808849145,
  "73": 0.0166620084707501,
  "74": 0.026766710382042955,
  "75": 0.00021499365768709824,
  "76": 0.0009674714595919421,
  "77": 0.0014619568722722656,
  "78": 0.002687420721088727,
  "79": 0.016877002128437183,
  "80": 0.0065573065594565156,
  "81": 0.0022789327714832384,
  "82": 0.0025369251607077576,
  "83": 4.299873153741965e-05,
  "84": 0.015544041450777268,
  "85": 0.0005159847784490357,
  "86": 0.003095908670694216,
  "87": 0.020080407627974705,
  "88": 4.299873153741965e-05,
  "89": 0.010427192397824303,
  "90": 0.003805387741061644,
  "91": 0.004794358566422301,
  "92": 0.009244727280545257,
  "93": 0.01466256745426016,
  "94": 0.0022789327714832384,
  "95": 0.01152366005202851,
  "96": 8.59974630748393e-05,
  "97": 0.0016124524326532337,
  "98": 0.008750241867864928,
  "99": 0.0,
  "100": 0.00040848794960548666,
  "101": 0.0017844473588029114,
  "102": 0.0002794917549932277
}