{
  "0": 0.0032034054995377656,
  "1": 0.00015049556038096876,
  "2": 0.018747446950314797,
  "3": 0.0004299873153741965,
  "4": 0.014426074430804351,
  "5": 0.001203964483047749,
  "6": 0.00010749682884354912,
  "7": 0.0029884118418506663,
  "8": 0.00010749682884354912,
  "9": 0.0006664803388300045,
  "10": 0.05443639412637041,
  "11": 0.0008169758992109733,
  "12": 0.0012469632145851684,
  "13": 0.007653774213660722,
  "14": 0.001354460043428717,
  "15": 0.0,
  "16": 0.007782770408272982,
  "17": 0.009932706985143975,
  "18": 0.003740889643755514,
  "19": 0.006428310364844256,
  "20": 0.004493367445660362,
  "21": 0.000730978436136134,
  "22": 0.0013329606776600073,
  "23": 0.0045578655429664916,
  "24": 0.0,
  "25": 0.0010319695568980713,
  "26": 0.0010964676542042004,
  "27": 6.449809730612947e-05,
  "28": 0.0022574334057145285,
  "29": 0.007137789435211684,
  "30": 0.006406810999075546,
  "31": 0.0013759594091974268,
  "32": 0.0014834562380409754,
  "33": 0.08236407025992877,
  "34": 0.006299314170231996,
  "35": 0.0035258959860684147,
  "36": 0.0,
  "37": 0.00019349429191838842,
  "38": 0.023090318835593853,
  "39": 0.001203964483047749,
  "40": 0.0015479543353471045,
  "41": 0.020940382258723033,
  "42": 0.017586481198804554,
  "43": 0.03644142497796165,
  "44": 0.005460838905252309,
  "45": 0.009889708253606555,
  "46": 0.003418399157224865,
  "47": 0.004815857932191011,
  "48": 0.002708920086857437,
  "49": 0.0,
  "50": 0.0010319695568980713,
  "51": 0.0005589835099864554,
  "52": 0.009051232988626867,
  "53": 0.0005374841442177456,
  "54": 0.012168641025089808,
  "55": 0.0011179670199729101,
  "56": 4.299873153741965e-05,
  "57": 0.006406810999075546,
  "58": 0.0002794917549932277,
  "59": 2.1499365768709824e-05,
  "60": 0.0025369251607077576,
  "61": 0.008578246941715249,
  "62": 0.00836325328402815,
  "63": 0.00836325328402815,
  "64": 2.1499365768709824e-05,
  "65": 0.018553952658396423,
  "66": 4.299873153741965e-05,
  "67": 2.1499365768709824e-05,
  "68": 0.002450927697632918,
  "69": 0.0,
  "70": 0.006019822415238767,
  "71": 0.01906993743684542,
  "72": 0.013738094726205633,
  "73": 0.01657601100767527,
  "74": 0.023692301077117683,
  "75": 0.00023649302345580807,
  "76": 0.0007954765334422635,
  "77": 0.0018274460903403309,
  "78": 0.0025154257949390477,
  "79": 0.017349988175348764,
  "80": 0.006535807193687806,
  "81": 0.002773418184163567,
  "82": 0.0019349429191838794,
  "83": 6.449809730612947e-05,
  "84": 0.015888031303076606,
  "85": 0.0004514866811429063,
  "86": 0.0029454131103132464,
  "87": 0.01917743426568896,
  "88": 0.00019349429191838842,
  "89": 0.009309225377851386,
  "90": 0.004020381398748743,
  "91": 0.004471868079891652,
  "92": 0.009846709522069135,
  "93": 0.014082084578504992,
  "94": 0.0019134435534151697,
  "95": 0.012254638488164648,
  "96": 0.00015049556038096876,
  "97": 0.002042439748027429,
  "98": 0.00801926343172879,
  "99": 0.0,
  "100": 0.0004299873153741965,
  "101": 0.0017629479930342017,
  "102": 0.000365489218068067
}