{
  "0": 0.00040748218678339157,
  "1": 0.009837030673725546,
  "2": 0.002889299259684178,
  "3": 0.0010369790555474706,
  "4": 0.005361131794489948,
  "5": 0.004963539952045959,
  "6": 0.004701492923929594,
  "7": 0.0047339897696162024,
  "8": 0.0012070929781851972,
  "9": 0.0008840083964313754,
  "10": 0.008610722169395225,
  "11": 0.0,
  "12": 0.004815467368221758,
  "13": 0.00033127943849218405,
  "14": 0.0036905113449314103,
  "15": 0.0017117831207615754,
  "16": 0.0,
  "17": 0.0,
  "18": 0.0003393801014749329,
  "19": 0.0018649421673888973,
  "20": 0.002412773050036194,
  "21": 4.709687780667956e-06,
  "22": 0.00610987795786054,
  "23": 0.0008916380906360575,
  "24": 0.0,
  "25": 0.0017248760527918323,
  "26": 0.0008387011999813496,
  "27": 0.0042482325719181094,
  "28": 0.010441472003496472,
  "29": 0.0031876108837116863,
  "30": 0.00551344309731675,
  "31": 0.0011063998534345163,
  "32": 0.0010771055954387615,
  "33": 0.0007675849144932635,
  "34": 0.0020517283847701884,
  "35": 0.006401878600261953,
  "36": 0.0,
  "37": 0.001195507146244754,
  "38": 0.0035566620182048273,
  "39": 0.003404727490400479,
  "40": 0.004622370169214372,
  "41": 0.006869644790637894,
  "42": 0.00020053850570084158,
  "43": 0.0056605737435848165,
  "44": 0.003756258586349535,
  "45": 0.0005093998303570461,
  "46": 0.0047052606741541285,
  "47": 0.005212588241887681,
  "48": 0.0,
  "49": 0.014326587647525082,
  "50": 0.0021178524012107664,
  "51": 0.0023252670510713835,
  "52": 0.002895610241310273,
  "53": 0.0064014076314838865,
  "54": 0.0004983791609502831,
  "55": 0.005790278545064412,
  "56": 0.003800341263976587,
  "57": 0.007459768669555589,
  "58": 0.0008924858344365777,
  "59": 0.009810939003420647,
  "60": 0.020693614558210092,
  "61": 0.003438919823688128,
  "62": 0.004169392398469729,
  "63": 0.001678909500052513,
  "64": 0.0008540547821463271,
  "65": 0.0025914586044347362,
  "66": 0.006596765480625993,
  "67": 0.010400215138537821,
  "68": 0.010447406210100114,
  "69": 6.4522722595151e-05,
  "70": 0.00040767057429461827,
  "71": 0.005552533505896294,
  "72": 0.003441745636356529,
  "73": 0.0048883733350664985,
  "74": 0.03035845904667442,
  "75": 0.0038162600086752447,
  "76": 0.0037678444182899784,
  "77": 0.0033506602746784108,
  "78": 0.00045109389563237687,
  "79": 0.016851074491718722,
  "80": 0.0016428332916525964,
  "81": 0.020251469069360983,
  "82": 0.004597785598999285,
  "83": 0.005574669038465433,
  "84": 0.00035011818961485584,
  "85": 0.0026534380956283266,
  "86": 0.004108166457321045,
  "87": 0.043837397087434886,
  "88": 0.005131204837037738,
  "89": 0.0003400394577642264,
  "90": 0.0008604599575280356,
  "91": 0.005146558419202716,
  "92": 0.0065685073539419854,
  "93": 0.0037564469738607617,
  "94": 0.0029718129896014805,
  "95": 0.010745717834127623,
  "96": 0.0,
  "97": 0.0020218689642407537,
  "98": 0.00015815131567482996,
  "99": 0.0,
  "100": 0.0004980023859278297,
  "101": 4.6531715272999405e-05,
  "102": 0.0
}