{
  "0": 0.003121668890564788,
  "1": 0.00012449131478422246,
  "2": 0.018873520745920566,
  "3": 0.0005247676576045617,
  "4": 0.015105620607846905,
  "5": 0.001108201284342836,
  "6": 0.00015857113376561765,
  "7": 0.002913314988249862,
  "8": 6.449228659696334e-05,
  "9": 0.0007351417146376516,
  "10": 0.056215589883384966,
  "11": 0.0009714272233241234,
  "12": 0.0013813027421966486,
  "13": 0.00816086830222128,
  "14": 0.001395367845431698,
  "15": 0.0,
  "16": 0.008502610004829193,
  "17": 0.010335587499900817,
  "18": 0.0034008058535408337,
  "19": 0.006765989917659537,
  "20": 0.004889567758723055,
  "21": 0.0007756432802987792,
  "22": 0.00145524285764821,
  "23": 0.004829022784215718,
  "24": 0.0,
  "25": 0.0011620211991076304,
  "26": 0.001032837684761824,
  "27": 8.908094357620652e-05,
  "28": 0.0025412007160921304,
  "29": 0.007066462833114055,
  "30": 0.006816247901188561,
  "31": 0.0011634589276353841,
  "32": 0.0011824910657174733,
  "33": 0.08410165233712298,
  "34": 0.006526652458289775,
  "35": 0.003990223816052268,
  "36": 0.0,
  "37": 0.00016382964439007417,
  "38": 0.02411370282003459,
  "39": 0.0014183966077133462,
  "40": 0.0017136443738523144,
  "41": 0.020340904812602964,
  "42": 0.017481452161522536,
  "43": 0.0371897974583956,
  "44": 0.006014990380832094,
  "45": 0.00903161542605855,
  "46": 0.0029301394521210698,
  "47": 0.005458866678114052,
  "48": 0.002831250705364914,
  "49": 0.0,
  "50": 0.001124298314558216,
  "51": 0.0006848678577125281,
  "52": 0.008644290209902759,
  "53": 0.0006316316630361919,
  "54": 0.01212614942542712,
  "55": 0.0011042420697306575,
  "56": 7.348995363693214e-05,
  "57": 0.006124559486537746,
  "58": 0.0002834207364700702,
  "59": 7.625785941223372e-05,
  "60": 0.0031743028612888197,
  "61": 0.008284348811551316,
  "62": 0.008564087870261911,
  "63": 0.009157112058572201,
  "64": 4.596142540624579e-05,
  "65": 0.019193619031881406,
  "66": 6.897863449927954e-05,
  "67": 1.79760887991253e-05,
  "68": 0.002733237279410421,
  "69": 0.0,
  "70": 0.00567426167614959,
  "71": 0.02091417101371542,
  "72": 0.014070289779870434,
  "73": 0.01677595322358329,
  "74": 0.026537405139396664,
  "75": 0.0002812339495434767,
  "76": 0.0008554060953955861,
  "77": 0.0019489025169383521,
  "78": 0.0026319712746577556,
  "79": 0.016548589537077395,
  "80": 0.0067217886692829635,
  "81": 0.0027132731753997633,
  "82": 0.0021145190671633565,
  "83": 4.0494522043645484e-05,
  "84": 0.01619088403305952,
  "85": 0.00041611523129424585,
  "86": 0.0031996654818684574,
  "87": 0.022585717625965472,
  "88": 0.00013580459869317251,
  "89": 0.010237199150086525,
  "90": 0.0038031651675050713,
  "91": 0.004422025231171285,
  "92": 0.009208031991061108,
  "93": 0.014456278990824198,
  "94": 0.00214117028123557,
  "95": 0.011726522322663689,
  "96": 0.00017710625605198816,
  "97": 0.0017983197582584405,
  "98": 0.00875628511571374,
  "99": 0.0,
  "100": 0.000330910757685301,
  "101": 0.0018770855539197065,
  "102": 0.0002939429237041351
}