{
  "0": 0.003149490594254833,
  "1": 0.00013700609989223748,
  "2": 0.01873330833764094,
  "3": 0.0005126108366022919,
  "4": 0.015430182547604612,
  "5": 0.0010936504622871056,
  "6": 0.00015268854563277803,
  "7": 0.0029385219422032667,
  "8": 6.541408539148325e-05,
  "9": 0.0006946173096807845,
  "10": 0.05487140309075451,
  "11": 0.0009146288473907012,
  "12": 0.001377409874103061,
  "13": 0.00803607444828527,
  "14": 0.0014271625360144883,
  "15": 0.0,
  "16": 0.008161944993663206,
  "17": 0.010207280460263337,
  "18": 0.0031612797336034257,
  "19": 0.006611101246812325,
  "20": 0.004845392639638467,
  "21": 0.0008051247584431961,
  "22": 0.0014951140564718952,
  "23": 0.00492182440458292,
  "24": 0.0,
  "25": 0.001172487877010193,
  "26": 0.001062463944755366,
  "27": 8.873166735700415e-05,
  "28": 0.0025911624285761626,
  "29": 0.007559801163016339,
  "30": 0.006850336957995173,
  "31": 0.001169715801971795,
  "32": 0.0011347267231117796,
  "33": 0.08068988840801913,
  "34": 0.006886253000716361,
  "35": 0.0039073159498949775,
  "36": 0.0,
  "37": 0.00016147491660560922,
  "38": 0.023727607057341185,
  "39": 0.0014763329529720337,
  "40": 0.0016956126387044652,
  "41": 0.019632899086637505,
  "42": 0.0179356257117366,
  "43": 0.03722804970187553,
  "44": 0.006064707362451627,
  "45": 0.009756041121305235,
  "46": 0.002960029527823695,
  "47": 0.0055364372638619175,
  "48": 0.002655483168376802,
  "49": 0.0,
  "50": 0.0011360392440906892,
  "51": 0.0007483969096373027,
  "52": 0.008881088044820887,
  "53": 0.0006258717539533862,
  "54": 0.012759045924351417,
  "55": 0.0010985057174307965,
  "56": 7.391548549310554e-05,
  "57": 0.00610833489417751,
  "58": 0.0002675203020562778,
  "59": 7.480907702982808e-05,
  "60": 0.0028138723405796012,
  "61": 0.008152525562246403,
  "62": 0.00850537659893475,
  "63": 0.00889877701633245,
  "64": 4.833679953667814e-05,
  "65": 0.018668554974742072,
  "66": 6.85262880367745e-05,
  "67": 1.7796724493481843e-05,
  "68": 0.0027760467551032142,
  "69": 0.0,
  "70": 0.0058932044822920015,
  "71": 0.020478105275274164,
  "72": 0.013868143977462555,
  "73": 0.01607455924851281,
  "74": 0.02428972217487081,
  "75": 0.00026521541134081196,
  "76": 0.0008363395581980669,
  "77": 0.0018845162689230305,
  "78": 0.002633235252961349,
  "79": 0.017313875880674193,
  "80": 0.0067238642056870095,
  "81": 0.002719995579995714,
  "82": 0.0020613455013317617,
  "83": 3.875288368875111e-05,
  "84": 0.016005877537727014,
  "85": 0.00039401171471768574,
  "86": 0.0034173915553586246,
  "87": 0.021379385659775894,
  "88": 0.00012916074316242208,
  "89": 0.01007729354046561,
  "90": 0.003923682341198516,
  "91": 0.004283392265674413,
  "92": 0.009003129151295716,
  "93": 0.014169641626167932,
  "94": 0.001928261395692661,
  "95": 0.011481178731060762,
  "96": 0.00019818655016075817,
  "97": 0.001787150510675029,
  "98": 0.008394093075904569,
  "99": 0.0,
  "100": 0.0003340304696591346,
  "101": 0.001935487104825491,
  "102": 0.000284944670937682
}