{
  "0": 0.003297970560142922,
  "1": 0.00013453078695593466,
  "2": 0.019340718553529083,
  "3": 0.0005044613395020148,
  "4": 0.015168076324766995,
  "5": 0.0010744487325339371,
  "6": 0.0001511744410451784,
  "7": 0.002995063778093009,
  "8": 6.673585467082194e-05,
  "9": 0.0007757027238411227,
  "10": 0.05553008745088024,
  "11": 0.0009631110572284489,
  "12": 0.0013739946149413777,
  "13": 0.008659604677792969,
  "14": 0.001472769026529261,
  "15": 0.0,
  "16": 0.007172749799361438,
  "17": 0.010362315157388705,
  "18": 0.0035304283300505368,
  "19": 0.006326682392825941,
  "20": 0.004974715422842844,
  "21": 0.0007894864788179776,
  "22": 0.0014289831063094875,
  "23": 0.00483294846370685,
  "24": 0.0,
  "25": 0.0011832231717459002,
  "26": 0.0010273914752833983,
  "27": 8.88201055222626e-05,
  "28": 0.0025060120136712236,
  "29": 0.007257605532797782,
  "30": 0.006681299236820183,
  "31": 0.0011615355484306095,
  "32": 0.0011855338848585691,
  "33": 0.08224791733041835,
  "34": 0.006680567511223723,
  "35": 0.003918605452742606,
  "36": 0.0,
  "37": 0.0001780618291276173,
  "38": 0.024534747901125708,
  "39": 0.0014155842886690848,
  "40": 0.0016264697488753083,
  "41": 0.020862742934566216,
  "42": 0.01818793244424279,
  "43": 0.037541922463545443,
  "44": 0.006027783061190538,
  "45": 0.009825492993611679,
  "46": 0.0029576742868583535,
  "47": 0.0053768467990388995,
  "48": 0.002591573894727633,
  "49": 0.0,
  "50": 0.0011487150258320579,
  "51": 0.0007061062738374869,
  "52": 0.00872149177271478,
  "53": 0.0006942815334533913,
  "54": 0.01240053703493101,
  "55": 0.0011254139781968376,
  "56": 7.902494581334677e-05,
  "57": 0.006221221650465371,
  "58": 0.00028110204072279783,
  "59": 8.224564533558267e-05,
  "60": 0.0032975204572243877,
  "61": 0.008537139259684799,
  "62": 0.008371410582733324,
  "63": 0.009043570223000693,
  "64": 4.886084119007594e-05,
  "65": 0.01936874320679654,
  "66": 7.39283744632418e-05,
  "67": 1.9746130278851946e-05,
  "68": 0.002803469184480538,
  "69": 0.0,
  "70": 0.005800734602956807,
  "71": 0.02097271746952811,
  "72": 0.014260387923014891,
  "73": 0.016776552326559346,
  "74": 0.0269934310056846,
  "75": 0.00028896872254956495,
  "76": 0.0008734610276695426,
  "77": 0.0019109533680070532,
  "78": 0.0027690321772155407,
  "79": 0.01669723659153141,
  "80": 0.006594916945239347,
  "81": 0.0026638854478718455,
  "82": 0.0019898210738430676,
  "83": 4.4512659873554375e-05,
  "84": 0.015737438636960414,
  "85": 0.0004144358810022903,
  "86": 0.003285365931518664,
  "87": 0.02069748487084855,
  "88": 0.00014053725841222295,
  "89": 0.010270866072533327,
  "90": 0.004045818140005805,
  "91": 0.004415752043605247,
  "92": 0.008870181269460325,
  "93": 0.014892284109960435,
  "94": 0.0019145468787763107,
  "95": 0.011969403072939764,
  "96": 0.00018516095028019942,
  "97": 0.00183120576865186,
  "98": 0.008613642972749675,
  "99": 0.0,
  "100": 0.000345717127415585,
  "101": 0.0018074422579879357,
  "102": 0.00029544263249854397
}