{
  "0": 0.0003826194400771123,
  "1": 0.009833049088062155,
  "2": 0.0028818192869617056,
  "3": 0.001024939922999317,
  "4": 0.00532826735951839,
  "5": 0.00490295617899962,
  "6": 0.004676140457009586,
  "7": 0.004724411712043619,
  "8": 0.0012022163184570512,
  "9": 0.0008908624965825473,
  "10": 0.008633622526901292,
  "11": 0.0,
  "12": 0.0047884915917560476,
  "13": 0.0003308821229478165,
  "14": 0.003693554122052389,
  "15": 0.0017163770419543992,
  "16": 0.0,
  "17": 0.0,
  "18": 0.00033215019444608355,
  "19": 0.0018647414072516444,
  "20": 0.0024254826237853355,
  "21": 5.664052692259506e-06,
  "22": 0.006072963481400688,
  "23": 0.000895850244475731,
  "24": 0.0,
  "25": 0.0016818009591016508,
  "26": 0.0008374344174555622,
  "27": 0.004215069660239686,
  "28": 0.010361412212340094,
  "29": 0.003159949635581613,
  "30": 0.005494807416290796,
  "31": 0.0011215669711672667,
  "32": 0.0010570644009554157,
  "33": 0.0007574613749648533,
  "34": 0.0020426941075084542,
  "35": 0.006398519704055783,
  "36": 0.0,
  "37": 0.0012021317803571666,
  "38": 0.003535552413368314,
  "39": 0.003415085621032944,
  "40": 0.004640380840758455,
  "41": 0.006813855388788185,
  "42": 0.0002093163353139483,
  "43": 0.0056500193676786836,
  "44": 0.003687805531260245,
  "45": 0.0005015645466145619,
  "46": 0.00469321715318625,
  "47": 0.005201629285891453,
  "48": 0.0,
  "49": 0.014264113593506662,
  "50": 0.0021140442638109473,
  "51": 0.0022969001738610564,
  "52": 0.0029174098270130676,
  "53": 0.006399280546954743,
  "54": 0.0004952241891232266,
  "55": 0.005685778983929814,
  "56": 0.0037515472585731356,
  "57": 0.007417372883863418,
  "58": 0.0008973719302736515,
  "59": 0.009812675405989998,
  "60": 0.02069805476141404,
  "61": 0.0034073081158435725,
  "62": 0.0041500598614285285,
  "63": 0.0016521280860422017,
  "64": 0.0008458882274440092,
  "65": 0.0025803564227736848,
  "66": 0.006552040893445981,
  "67": 0.010380433284814099,
  "68": 0.010354480088149567,
  "69": 7.202646110156863e-05,
  "70": 0.00040738910334326203,
  "71": 0.005560408981801145,
  "72": 0.003448900860986732,
  "73": 0.0048487672569736745,
  "74": 0.030369889692996508,
  "75": 0.0037943235371146774,
  "76": 0.0037982122897093633,
  "77": 0.0033787342380826218,
  "78": 0.00044830554368734566,
  "79": 0.016759340149696687,
  "80": 0.0016170447745901466,
  "81": 0.020213651449076026,
  "82": 0.004576470037245796,
  "83": 0.005539274456830027,
  "84": 0.00035260841461812534,
  "85": 0.0026108746768319785,
  "86": 0.0040692414379389745,
  "87": 0.04357550173784972,
  "88": 0.00509037714644349,
  "89": 0.00032792328945186003,
  "90": 0.0008633876141200945,
  "91": 0.005139324706276599,
  "92": 0.006516196739094966,
  "93": 0.0037479121202781034,
  "94": 0.002979798944727807,
  "95": 0.010776325206573074,
  "96": 0.0,
  "97": 0.0020006786718658725,
  "98": 0.00016028423738095556,
  "99": 0.0,
  "100": 0.0005057914516087854,
  "101": 4.607326443703628e-05,
  "102": 0.0
}