{
  "0": 0.003117408036462926,
  "1": 4.299873153741965e-05,
  "2": 0.017715477393416803,
  "3": 0.0007524778019048438,
  "4": 0.01461956872272274,
  "5": 0.0011609657515103296,
  "6": 8.59974630748393e-05,
  "7": 0.0028809150130071166,
  "8": 4.299873153741965e-05,
  "9": 0.00047298604691161614,
  "10": 0.0557048567067242,
  "11": 0.0007954765334422635,
  "12": 0.0014189581407348462,
  "13": 0.00799776406596008,
  "14": 0.0013974587749661365,
  "15": 0.0,
  "16": 0.00810526089480363,
  "17": 0.0112871670285727,
  "18": 0.003396899791456155,
  "19": 0.0062563154386945765,
  "20": 0.0049233547610345605,
  "21": 0.0010319695568980713,
  "22": 0.001440457506503556,
  "23": 0.0049233547610345605,
  "24": 0.0,
  "25": 0.0012469632145851684,
  "26": 0.0009889708253606518,
  "27": 0.00015049556038096876,
  "28": 0.002364930234558078,
  "29": 0.0075677767505858825,
  "30": 0.007073291337905554,
  "31": 0.0008169758992109733,
  "32": 0.0009029733622858126,
  "33": 0.08315954679337123,
  "34": 0.006879797045987165,
  "35": 0.0038913852041364836,
  "36": 0.0,
  "37": 0.0001719949261496786,
  "38": 0.022724829617525814,
  "39": 0.0011824651172790393,
  "40": 0.0019779416507212993,
  "41": 0.02061789177219241,
  "42": 0.01679100466536235,
  "43": 0.03693591039064194,
  "44": 0.005675832562939408,
  "45": 0.00816975899210976,
  "46": 0.0028809150130071166,
  "47": 0.00507385032141553,
  "48": 0.0026014232580138874,
  "49": 0.0,
  "50": 0.0011824651172790393,
  "51": 0.0006449809730612947,
  "52": 0.00814825962634105,
  "53": 0.0004299873153741965,
  "54": 0.011824651172790449,
  "55": 0.0008169758992109733,
  "56": 8.59974630748393e-05,
  "57": 0.005804828757551668,
  "58": 0.0003009911207619375,
  "59": 8.59974630748393e-05,
  "60": 0.002773418184163567,
  "61": 0.008814739965171058,
  "62": 0.00840625201556557,
  "63": 0.008965235525552027,
  "64": 6.449809730612947e-05,
  "65": 0.01930643046030121,
  "66": 8.59974630748393e-05,
  "67": 4.299873153741965e-05,
  "68": 0.0031819061337690557,
  "69": 0.0,
  "70": 0.00494485412680327,
  "71": 0.021241373379484948,
  "72": 0.015587040182314688,
  "73": 0.015888031303076606,
  "74": 0.025799238922451086,
  "75": 0.0003009911207619375,
  "76": 0.0008384752649796831,
  "77": 0.0019779416507212993,
  "78": 0.0026659213553200172,
  "79": 0.0169200008599746,
  "80": 0.006277814804463286,
  "81": 0.002730419452626147,
  "82": 0.0018274460903403309,
  "83": 0.0,
  "84": 0.015501042719239848,
  "85": 0.00032249048653064735,
  "86": 0.003482897254530995,
  "87": 0.019091436802614128,
  "88": 0.00010749682884354912,
  "89": 0.009588717132844616,
  "90": 0.0042568744222045525,
  "91": 0.004665362371810041,
  "92": 0.008449250747102989,
  "93": 0.013071614387375625,
  "94": 0.0019134435534151697,
  "95": 0.01120116956549786,
  "96": 0.0003009911207619375,
  "97": 0.0018489454561090406,
  "98": 0.008492249478640409,
  "99": 0.0,
  "100": 0.0004514866811429063,
  "101": 0.002020940382258719,
  "102": 0.00021499365768709824
}