{
  "0": 0.0004030723213423757,
  "1": 0.009855412640733033,
  "2": 0.0029036533791114336,
  "3": 0.001030717512655938,
  "4": 0.005366665442403414,
  "5": 0.00495004211559045,
  "6": 0.004688834803243606,
  "7": 0.004743132280336099,
  "8": 0.0012342629603451787,
  "9": 0.0008925907120660863,
  "10": 0.00864731713922761,
  "11": 0.0,
  "12": 0.0047847198488492814,
  "13": 0.0003203644603667201,
  "14": 0.0036840978390071393,
  "15": 0.0017053706746709184,
  "16": 0.0,
  "17": 0.0,
  "18": 0.00033270054810546196,
  "19": 0.0018868606927666509,
  "20": 0.0024328260304161196,
  "21": 4.859670927383152e-06,
  "22": 0.006070943906033403,
  "23": 0.0008867964890372834,
  "24": 0.0,
  "25": 0.0017135012779532712,
  "26": 0.0008457696517849524,
  "27": 0.0042283809828740524,
  "28": 0.010445862658410085,
  "29": 0.003193644896182009,
  "30": 0.005461709391117811,
  "31": 0.0010818375126036032,
  "32": 0.0010743610957922446,
  "33": 0.0007664261783744083,
  "34": 0.0020727431057390566,
  "35": 0.006360935423103979,
  "36": 0.0,
  "37": 0.0011892175490567426,
  "38": 0.0035326069433669837,
  "39": 0.003421395243298023,
  "40": 0.004609024053782352,
  "41": 0.006851481821139251,
  "42": 0.00021195641660201904,
  "43": 0.0056848804329368684,
  "44": 0.0037403578755126135,
  "45": 0.0005099850817448051,
  "46": 0.004722385223684579,
  "47": 0.005209941054995307,
  "48": 0.0,
  "49": 0.014316123276020056,
  "50": 0.002104237511556905,
  "51": 0.0023203994126153133,
  "52": 0.0028905696496915557,
  "53": 0.006387289792364018,
  "54": 0.0004979293596364891,
  "55": 0.005764130451137271,
  "56": 0.003782038899235938,
  "57": 0.007436417981417927,
  "58": 0.0008910954287038146,
  "59": 0.00979074163531478,
  "60": 0.020708179284101316,
  "61": 0.003423170892290721,
  "62": 0.004131281019536531,
  "63": 0.0016786424845703111,
  "64": 0.0008458631069950944,
  "65": 0.002614970234982846,
  "66": 0.006604946976784698,
  "67": 0.01041689154326607,
  "68": 0.01040324708258534,
  "69": 6.887648987464199e-05,
  "70": 0.0004137262152985618,
  "71": 0.005587593559179063,
  "72": 0.003415507565059078,
  "73": 0.004906305077244002,
  "74": 0.030397054740361334,
  "75": 0.0037815716231852283,
  "76": 0.0037726933782217397,
  "77": 0.0033808356820964024,
  "78": 0.0004420431439715829,
  "79": 0.016854086417845908,
  "80": 0.0016431295047163574,
  "81": 0.020199315664878214,
  "82": 0.004609024053782352,
  "83": 0.0055653512191652715,
  "84": 0.0003370929429821352,
  "85": 0.0026399227760907553,
  "86": 0.004081469392530854,
  "87": 0.04393105136270313,
  "88": 0.005099009720556772,
  "89": 0.0003405507857573886,
  "90": 0.0008851142952547276,
  "91": 0.0051718113292573776,
  "92": 0.006562892132220805,
  "93": 0.0037411055171937494,
  "94": 0.002964118900073297,
  "95": 0.010693051689235632,
  "96": 0.0,
  "97": 0.0019873250436692833,
  "98": 0.0001530796342125693,
  "99": 0.0,
  "100": 0.0004970882627452112,
  "101": 4.859670927383152e-05,
  "102": 0.0
}