{
  "0": 0.003031410573388086,
  "1": 0.0001719949261496786,
  "2": 0.018510953926859006,
  "3": 0.0004944854126803259,
  "4": 0.014469073162341771,
  "5": 0.0007954765334422635,
  "6": 0.00010749682884354912,
  "7": 0.0028379162814696967,
  "8": 6.449809730612947e-05,
  "9": 0.0006449809730612947,
  "10": 0.05435039666329558,
  "11": 0.0009029733622858126,
  "12": 0.0012899619461225879,
  "13": 0.0072452862640552335,
  "14": 0.0013329606776600073,
  "15": 0.0,
  "16": 0.007825769139810401,
  "17": 0.010061703179756234,
  "18": 0.003052909939156796,
  "19": 0.006191817341388447,
  "20": 0.00511684905295295,
  "21": 0.000859974630748393,
  "22": 0.001354460043428717,
  "23": 0.0050093522241094,
  "24": 0.0,
  "25": 0.0009459720938232323,
  "26": 0.0011609657515103296,
  "27": 0.00010749682884354912,
  "28": 0.0028594156472384067,
  "29": 0.007524778019048463,
  "30": 0.006320813536000706,
  "31": 0.0009029733622858126,
  "32": 0.0011609657515103296,
  "33": 0.08279405757530307,
  "34": 0.006514307827919096,
  "35": 0.0036333928149119643,
  "36": 0.0,
  "37": 0.00012899619461225893,
  "38": 0.02276782834906323,
  "39": 0.001440457506503556,
  "40": 0.0016124524326532337,
  "41": 0.020166405091049538,
  "42": 0.01833895900070934,
  "43": 0.037924881216002515,
  "44": 0.005611334465633278,
  "45": 0.009287726012082676,
  "46": 0.003095908670694216,
  "47": 0.005288843979102629,
  "48": 0.0026229226237825974,
  "49": 0.0,
  "50": 0.0010749682884354907,
  "51": 0.0006664803388300045,
  "52": 0.00797626470019137,
  "53": 0.0004944854126803259,
  "54": 0.012039644830477548,
  "55": 0.0010104701911293615,
  "56": 2.1499365768709824e-05,
  "57": 0.006019822415238767,
  "58": 0.00038698858383677683,
  "59": 0.0,
  "60": 0.0031819061337690557,
  "61": 0.007546277384817173,
  "62": 0.008599746307483959,
  "63": 0.00829875518672202,
  "64": 0.0,
  "65": 0.018897942510695754,
  "66": 4.299873153741965e-05,
  "67": 0.0,
  "68": 0.002751918818394857,
  "69": 0.0,
  "70": 0.00513834841872166,
  "71": 0.02027390191989308,
  "72": 0.01459806935695403,
  "73": 0.01762947993034197,
  "74": 0.02457377507363472,
  "75": 0.00025799238922451787,
  "76": 0.0007094790703674242,
  "77": 0.002020940382258719,
  "78": 0.002429428331864208,
  "79": 0.01608152559499498,
  "80": 0.006105819878313607,
  "81": 0.0029239137445445365,
  "82": 0.001741448627265492,
  "83": 2.1499365768709824e-05,
  "84": 0.015415045256165008,
  "85": 0.00038698858383677683,
  "86": 0.0032034054995377656,
  "87": 0.01857545202416513,
  "88": 0.0001719949261496786,
  "89": 0.009309225377851386,
  "90": 0.003783888375292934,
  "91": 0.0046008642745039114,
  "92": 0.008621245673252668,
  "93": 0.014189581407348542,
  "94": 0.0025369251607077576,
  "95": 0.011760153075484319,
  "96": 0.00021499365768709824,
  "97": 0.0017629479930342017,
  "98": 0.00808376152903492,
  "99": 0.0,
  "100": 0.00025799238922451787,
  "101": 0.0018059467245716211,
  "102": 0.00032249048653064735
}