{
  "0": 0.00039171969446238864,
  "1": 0.00978352283328286,
  "2": 0.002912489370220115,
  "3": 0.0010458672072110927,
  "4": 0.005336969882212194,
  "5": 0.004987159882202818,
  "6": 0.00470110512207722,
  "7": 0.0047237007291536775,
  "8": 0.0012008486947520998,
  "9": 0.0008839476494474389,
  "10": 0.008663305765442598,
  "11": 0.0,
  "12": 0.00479626919337433,
  "13": 0.0003319960359242025,
  "14": 0.0036818651032881765,
  "15": 0.0016891388260972698,
  "16": 0.0,
  "17": 0.0,
  "18": 0.00033827780220686886,
  "19": 0.00188471740021133,
  "20": 0.0024155735299494926,
  "21": 5.250431519840537e-06,
  "22": 0.006113846231737171,
  "23": 0.0008933234200185828,
  "24": 0.0,
  "25": 0.0016928891343257273,
  "26": 0.0008391314661173715,
  "27": 0.004242254910325443,
  "28": 0.010436170222740182,
  "29": 0.0031977940687000213,
  "30": 0.005574926939307824,
  "31": 0.001117873125197477,
  "32": 0.0010754946422159072,
  "33": 0.0007834393889247773,
  "34": 0.0020534812704919186,
  "35": 0.00635892887446687,
  "36": 0.0,
  "37": 0.0012196002358943875,
  "38": 0.0035100072287191104,
  "39": 0.0034183121925333237,
  "40": 0.004630318054265085,
  "41": 0.006855938472443204,
  "42": 0.00020561064862518387,
  "43": 0.0056526520773426065,
  "44": 0.0037187118816327715,
  "45": 0.0005033851219647115,
  "46": 0.004731576376433438,
  "47": 0.005202521332221992,
  "48": 0.0,
  "49": 0.014295799936057245,
  "50": 0.002096328542002046,
  "51": 0.0023308165639863527,
  "52": 0.002900113353066205,
  "53": 0.006407589123731107,
  "54": 0.0005021662717904628,
  "55": 0.005750910152928194,
  "56": 0.003782748394633684,
  "57": 0.007409202693846401,
  "58": 0.0008767283061076582,
  "59": 0.009838558606535475,
  "60": 0.020707139368016807,
  "61": 0.0034280629939273132,
  "62": 0.00413583991434296,
  "63": 0.0016670120075493705,
  "64": 0.0008486947520999382,
  "65": 0.002581430911353027,
  "66": 0.0065887290111656055,
  "67": 0.010411511946138072,
  "68": 0.010452015275005415,
  "69": 6.956821763788712e-05,
  "70": 0.0004070959581990645,
  "71": 0.00554201798460311,
  "72": 0.0034425954383125864,
  "73": 0.004831615848427543,
  "74": 0.03059763974351642,
  "75": 0.003750026955340392,
  "76": 0.0038089067945271753,
  "77": 0.003369745700974799,
  "78": 0.0004617567006288329,
  "79": 0.0168659799227249,
  "80": 0.001597818820734329,
  "81": 0.020231600284648394,
  "82": 0.004602190742551654,
  "83": 0.0055875842295788685,
  "84": 0.0003518726695350274,
  "85": 0.0026671254543732814,
  "86": 0.004067303031467899,
  "87": 0.04372934400546045,
  "88": 0.00510266937563931,
  "89": 0.0003399654409096748,
  "90": 0.0008622896194280967,
  "91": 0.005134078207052642,
  "92": 0.006515973031533529,
  "93": 0.00371664921210712,
  "94": 0.0029454920826305414,
  "95": 0.010811294803291646,
  "96": 0.0,
  "97": 0.0020015395015277816,
  "98": 0.00016088822300082788,
  "99": 0.0,
  "100": 0.0004952282015678164,
  "101": 4.556624497575895e-05,
  "102": 0.0
}