{
  "0": 0.003418399157224865,
  "1": 0.00012899619461225893,
  "2": 0.017844473588029052,
  "3": 0.000601982241523875,
  "4": 0.014297078236192091,
  "5": 0.001053468922666781,
  "6": 0.0001719949261496786,
  "7": 0.002708920086857437,
  "8": 4.299873153741965e-05,
  "9": 0.0005374841442177456,
  "10": 0.05555436114634324,
  "11": 0.0010964676542042004,
  "12": 0.001590953066884524,
  "13": 0.0072237868982865236,
  "14": 0.0015694537011158142,
  "15": 0.0,
  "16": 0.008750241867864928,
  "17": 0.010083202545524944,
  "18": 0.0029239137445445365,
  "19": 0.006428310364844256,
  "20": 0.004880356029497141,
  "21": 0.000859974630748393,
  "22": 0.001655451164190653,
  "23": 0.00509534968718424,
  "24": 0.0,
  "25": 0.0012899619461225879,
  "26": 0.0009674714595919421,
  "27": 0.00015049556038096876,
  "28": 0.002020940382258719,
  "29": 0.007417281190204913,
  "30": 0.007309784361361363,
  "31": 0.0012899619461225879,
  "32": 0.0011394663857416199,
  "33": 0.08079461655881257,
  "34": 0.006879797045987165,
  "35": 0.004493367445660362,
  "36": 0.0,
  "37": 0.00015049556038096876,
  "38": 0.02444477887902247,
  "39": 0.0016124524326532337,
  "40": 0.0015264549695783948,
  "41": 0.02035989938296791,
  "42": 0.017672478661879387,
  "43": 0.03502246683722691,
  "44": 0.006449809730612966,
  "45": 0.009094231720164287,
  "46": 0.002450927697632918,
  "47": 0.0050093522241094,
  "48": 0.0024939264291703378,
  "49": 0.0,
  "50": 0.0012254638488164587,
  "51": 0.0007524778019048438,
  "52": 0.008793240599402348,
  "53": 0.000601982241523875,
  "54": 0.012405134048545617,
  "55": 0.001354460043428717,
  "56": 2.1499365768709824e-05,
  "57": 0.006299314170231996,
  "58": 0.0003009911207619375,
  "59": 8.59974630748393e-05,
  "60": 0.0032464042310751855,
  "61": 0.007481779287511043,
  "62": 0.008535248210177829,
  "63": 0.008599746307483959,
  "64": 6.449809730612947e-05,
  "65": 0.018854943779158338,
  "66": 6.449809730612947e-05,
  "67": 0.0,
  "68": 0.0026014232580138874,
  "69": 0.0,
  "70": 0.00518134715025908,
  "71": 0.019865413970287623,
  "72": 0.013759594091974343,
  "73": 0.0169200008599746,
  "74": 0.024702771268246968,
  "75": 0.00040848794960548666,
  "76": 0.0008169758992109733,
  "77": 0.0019134435534151697,
  "78": 0.002730419452626147,
  "79": 0.01657601100767527,
  "80": 0.005955324317932637,
  "81": 0.0028809150130071166,
  "82": 0.0018274460903403309,
  "83": 0.0,
  "84": 0.015329047793090168,
  "85": 0.00040848794960548666,
  "86": 0.0033324016941500252,
  "87": 0.019112936168382836,
  "88": 6.449809730612947e-05,
  "89": 0.009416722206694936,
  "90": 0.004321372519510682,
  "91": 0.004192376324898423,
  "92": 0.00836325328402815,
  "93": 0.013372605508137564,
  "94": 0.0023004321372519483,
  "95": 0.01130866639434141,
  "96": 0.00021499365768709824,
  "97": 0.0016124524326532337,
  "98": 0.00806226216326621,
  "99": 0.0,
  "100": 0.00023649302345580807,
  "101": 0.0014834562380409754,
  "102": 0.00023649302345580807
}