{
  "0": 0.0025369251607077576,
  "1": 0.00012899619461225893,
  "2": 0.01919893363145767,
  "3": 0.0005374841442177456,
  "4": 0.014426074430804351,
  "5": 0.0009674714595919421,
  "6": 0.00023649302345580807,
  "7": 0.0028379162814696967,
  "8": 0.00010749682884354912,
  "9": 0.0007954765334422635,
  "10": 0.05482338271020716,
  "11": 0.0010964676542042004,
  "12": 0.0013974587749661365,
  "13": 0.00784726850557911,
  "14": 0.0014834562380409754,
  "15": 0.0,
  "16": 0.00810526089480363,
  "17": 0.010319695568980753,
  "18": 0.002751918818394857,
  "19": 0.006127319244082317,
  "20": 0.00498785285834069,
  "21": 0.0007524778019048438,
  "22": 0.0018059467245716211,
  "23": 0.004471868079891652,
  "24": 0.0,
  "25": 0.0012684625803538782,
  "26": 0.0008384752649796831,
  "27": 0.00012899619461225893,
  "28": 0.002407928966095498,
  "29": 0.006879797045987165,
  "30": 0.006793799582912325,
  "31": 0.0013974587749661365,
  "32": 0.0009244727280545225,
  "33": 0.08133210070303044,
  "34": 0.006965794509062004,
  "35": 0.0038698858383677736,
  "36": 0.0,
  "37": 0.00021499365768709824,
  "38": 0.02442327951325376,
  "39": 0.001590953066884524,
  "40": 0.0015694537011158142,
  "41": 0.01965042031260054,
  "42": 0.01737148754111747,
  "43": 0.036957409756410646,
  "44": 0.006127319244082317,
  "45": 0.008750241867864928,
  "46": 0.0036118934491432544,
  "47": 0.005439339539483599,
  "48": 0.0028594156472384067,
  "49": 0.0,
  "50": 0.0009459720938232323,
  "51": 0.0005374841442177456,
  "52": 0.00795476533442266,
  "53": 0.0006879797045987144,
  "54": 0.011996646098940128,
  "55": 0.0010104701911293615,
  "56": 4.299873153741965e-05,
  "57": 0.006385311633306836,
  "58": 0.00025799238922451787,
  "59": 4.299873153741965e-05,
  "60": 0.0029024143787758265,
  "61": 0.00829875518672202,
  "62": 0.0080407627974975,
  "63": 0.00829875518672202,
  "64": 6.449809730612947e-05,
  "65": 0.018145464708790967,
  "66": 8.59974630748393e-05,
  "67": 6.449809730612947e-05,
  "68": 0.002794917549932277,
  "69": 0.0,
  "70": 0.0055898350998645685,
  "71": 0.02109087781910399,
  "72": 0.013351106142368854,
  "73": 0.016533012276137852,
  "74": 0.02526175477823338,
  "75": 0.0002794917549932277,
  "76": 0.0007739771676735537,
  "77": 0.0017199492614967823,
  "78": 0.0026229226237825974,
  "79": 0.017070496420355557,
  "80": 0.006815298948681035,
  "81": 0.002450927697632918,
  "82": 0.0019994410164900092,
  "83": 6.449809730612947e-05,
  "84": 0.016275019886913353,
  "85": 0.00038698858383677683,
  "86": 0.003031410573388086,
  "87": 0.018682948853008672,
  "88": 0.00023649302345580807,
  "89": 0.010427192397824303,
  "90": 0.0038483864725990637,
  "91": 0.004213875690667133,
  "92": 0.009502719669769776,
  "93": 0.01455507062541661,
  "94": 0.0019779416507212993,
  "95": 0.01139466385741625,
  "96": 0.00023649302345580807,
  "97": 0.0015479543353471045,
  "98": 0.00836325328402815,
  "99": 0.0,
  "100": 0.0003009911207619375,
  "101": 0.0017199492614967823,
  "102": 0.00025799238922451787
}