{
  "0": 0.0032162083886292775,
  "1": 0.00012852513883879473,
  "2": 0.018941675065458078,
  "3": 0.0005094060993521515,
  "4": 0.014962933483537921,
  "5": 0.0010502535340369851,
  "6": 0.0001503706275381019,
  "7": 0.0029607978064496248,
  "8": 6.542564689021332e-05,
  "9": 0.0006879897612976042,
  "10": 0.055288244765534615,
  "11": 0.0009419170168825294,
  "12": 0.0012636074558961072,
  "13": 0.008048770163750876,
  "14": 0.0013612281285102306,
  "15": 0.0,
  "16": 0.009035315482019019,
  "17": 0.010358241121793153,
  "18": 0.0033818509123131487,
  "19": 0.006644296970749868,
  "20": 0.004795030234298705,
  "21": 0.000780816957481909,
  "22": 0.0014703666829066562,
  "23": 0.004881720258402435,
  "24": 0.0,
  "25": 0.0012325385250280911,
  "26": 0.001039893685980161,
  "27": 8.945793889942908e-05,
  "28": 0.0025175109345025003,
  "29": 0.007421128386559539,
  "30": 0.006772925190589228,
  "31": 0.0011299625359268086,
  "32": 0.0012155992404423372,
  "33": 0.08440882240490329,
  "34": 0.006977508954875614,
  "35": 0.0038603098175219877,
  "36": 0.0,
  "37": 0.00017292518648033775,
  "38": 0.023787620334198848,
  "39": 0.00145015924950003,
  "40": 0.0016105905184371756,
  "41": 0.020489969776953533,
  "42": 0.01779005079869224,
  "43": 0.0370367788523883,
  "44": 0.006170858455885516,
  "45": 0.009577266281137167,
  "46": 0.003063135648073406,
  "47": 0.005400459744981654,
  "48": 0.00279247244490752,
  "49": 0.0,
  "50": 0.0011147455648858411,
  "51": 0.0007310258941972038,
  "52": 0.008656909843048607,
  "53": 0.0006445057401193139,
  "54": 0.012543166915747696,
  "55": 0.001084480728755288,
  "56": 7.640010736684874e-05,
  "57": 0.006254280592835792,
  "58": 0.0002782925608121028,
  "59": 7.893218125559187e-05,
  "60": 0.0028333068883443255,
  "61": 0.008215192658387037,
  "62": 0.008749914407472319,
  "63": 0.008821338502729988,
  "64": 4.7983770894642444e-05,
  "65": 0.018715583015445868,
  "66": 7.176686068493518e-05,
  "67": 1.8902392091418442e-05,
  "68": 0.0026892494520303206,
  "69": 0.0,
  "70": 0.005833072506398939,
  "71": 0.02087713873346893,
  "72": 0.014188525504724412,
  "73": 0.017046082858631288,
  "74": 0.024213670388977974,
  "75": 0.0002877790393092446,
  "76": 0.0008296392793091651,
  "77": 0.0018860184224873467,
  "78": 0.002725023592154169,
  "79": 0.017310098261036577,
  "80": 0.006220158498186199,
  "81": 0.002690128420840324,
  "82": 0.0019289764415342614,
  "83": 4.227773553247627e-05,
  "84": 0.015777113595401206,
  "85": 0.0004151959608843221,
  "86": 0.003506283339767494,
  "87": 0.020833007694863497,
  "88": 0.00013920838947727133,
  "89": 0.010159975370360268,
  "90": 0.004070311215216237,
  "91": 0.004391637157439644,
  "92": 0.008788175276395327,
  "93": 0.014764468364042245,
  "94": 0.0021918041596343065,
  "95": 0.011535057829648148,
  "96": 0.00017996505532906232,
  "97": 0.0018076850609112897,
  "98": 0.008374699447747118,
  "99": 0.0,
  "100": 0.00032499862689720126,
  "101": 0.0017988730630185128,
  "102": 0.0002964424383614832
}