{
  "0": 0.0038483864725990637,
  "1": 4.299873153741965e-05,
  "2": 0.017328488809580055,
  "3": 0.0005589835099864554,
  "4": 0.015200051598477909,
  "5": 0.0011179670199729101,
  "6": 6.449809730612947e-05,
  "7": 0.002687420721088727,
  "8": 0.00010749682884354912,
  "9": 0.00047298604691161614,
  "10": 0.052006965794506387,
  "11": 0.0009244727280545225,
  "12": 0.0010749682884354907,
  "13": 0.00810526089480363,
  "14": 0.001440457506503556,
  "15": 0.0,
  "16": 0.008427751381334279,
  "17": 0.009975705716681394,
  "18": 0.0032894029626126054,
  "19": 0.006836798314449745,
  "20": 0.004170876959129713,
  "21": 0.0009029733622858126,
  "22": 0.001504955603809685,
  "23": 0.004493367445660362,
  "24": 0.0,
  "25": 0.0015694537011158142,
  "26": 0.0010104701911293615,
  "27": 0.00010749682884354912,
  "28": 0.0023219315030206583,
  "29": 0.007309784361361363,
  "30": 0.007116290069442974,
  "31": 0.001203964483047749,
  "32": 0.0010964676542042004,
  "33": 0.08307354933029637,
  "34": 0.007417281190204913,
  "35": 0.004536366177197782,
  "36": 0.0,
  "37": 0.00012899619461225893,
  "38": 0.02360630361404285,
  "39": 0.001203964483047749,
  "40": 0.0018059467245716211,
  "41": 0.02048889557758016,
  "42": 0.016877002128437183,
  "43": 0.035882441467975236,
  "44": 0.005740330660245538,
  "45": 0.008470750112871699,
  "46": 0.0028379162814696967,
  "47": 0.005804828757551668,
  "48": 0.002751918818394857,
  "49": 0.0,
  "50": 0.0009029733622858126,
  "51": 0.0006234816072925849,
  "52": 0.00840625201556557,
  "53": 0.0006449809730612947,
  "54": 0.011996646098940128,
  "55": 0.001053468922666781,
  "56": 0.00010749682884354912,
  "57": 0.005804828757551668,
  "58": 0.0002794917549932277,
  "59": 8.59974630748393e-05,
  "60": 0.0028379162814696967,
  "61": 0.007546277384817173,
  "62": 0.0082557564551846,
  "63": 0.008771741233633638,
  "64": 0.0,
  "65": 0.019392427923376043,
  "66": 6.449809730612947e-05,
  "67": 0.0,
  "68": 0.002450927697632918,
  "69": 0.0,
  "70": 0.0055683357340958585,
  "71": 0.020768387332573367,
  "72": 0.013781093457743053,
  "73": 0.016984498957280724,
  "74": 0.025691742093607545,
  "75": 0.00023649302345580807,
  "76": 0.0007094790703674242,
  "77": 0.0017199492614967823,
  "78": 0.0025799238922451775,
  "79": 0.0169200008599746,
  "80": 0.0065573065594565156,
  "81": 0.0026229226237825974,
  "82": 0.0019349429191838794,
  "83": 2.1499365768709824e-05,
  "84": 0.015479543353471138,
  "85": 0.0003439898522993572,
  "86": 0.003074409304925506,
  "87": 0.02012340635951212,
  "88": 0.00015049556038096876,
  "89": 0.010470191129361723,
  "90": 0.003783888375292934,
  "91": 0.004643863006041331,
  "92": 0.00810526089480363,
  "93": 0.014211080773117252,
  "94": 0.0018704448218777503,
  "95": 0.01156665878356593,
  "96": 0.0001719949261496786,
  "97": 0.001741448627265492,
  "98": 0.008728742502096218,
  "99": 0.0,
  "100": 0.00025799238922451787,
  "101": 0.0016984498957280725,
  "102": 0.00019349429191838842
}