{
  "0": 0.0028579109280995585,
  "1": 0.0001331090749156221,
  "2": 0.018908252494736703,
  "3": 0.00049167865565244,
  "4": 0.015530307982402068,
  "5": 0.0010515786427705545,
  "6": 0.00014516432196125134,
  "7": 0.0027914257979076472,
  "8": 6.452120991181959e-05,
  "9": 0.0006744594992737041,
  "10": 0.055288999997694994,
  "11": 0.0010715599666107228,
  "12": 0.0012299475145384762,
  "13": 0.008250818516879069,
  "14": 0.0013441923825433088,
  "15": 0.0,
  "16": 0.00883752329281896,
  "17": 0.010300996696363314,
  "18": 0.0029503653583606796,
  "19": 0.006132006734187048,
  "20": 0.005121795710121306,
  "21": 0.0007538455701009498,
  "22": 0.0014673796928242652,
  "23": 0.00495200275648035,
  "24": 0.0,
  "25": 0.0011353623365762994,
  "26": 0.0010321983694957394,
  "27": 8.742817595502502e-05,
  "28": 0.0024306850391141305,
  "29": 0.007246899712275972,
  "30": 0.006783589212044868,
  "31": 0.001171550278755505,
  "32": 0.0011824227892438,
  "33": 0.0841043996056157,
  "34": 0.006809601161374182,
  "35": 0.004070201033403351,
  "36": 0.0,
  "37": 0.00016092030625696567,
  "38": 0.023950638806197466,
  "39": 0.0014179399691700045,
  "40": 0.0016216527044035174,
  "41": 0.019964983229485225,
  "42": 0.01788169670268905,
  "43": 0.03777379198590914,
  "44": 0.005876921139764444,
  "45": 0.008887620700055046,
  "46": 0.00300265682922475,
  "47": 0.005304761717335358,
  "48": 0.002899298930311067,
  "49": 0.0,
  "50": 0.0011513064605405876,
  "51": 0.0007308127860619914,
  "52": 0.009091105030290897,
  "53": 0.0006531530767663893,
  "54": 0.01269512848098003,
  "55": 0.0010879316379055284,
  "56": 7.057991032660082e-05,
  "57": 0.006119374786178444,
  "58": 0.00026448521367933417,
  "59": 7.236528747466384e-05,
  "60": 0.003171166387294503,
  "61": 0.008259034090040496,
  "62": 0.0080054165284325,
  "63": 0.008764843168719573,
  "64": 4.775996574927687e-05,
  "65": 0.019013137714207495,
  "66": 6.538579694108737e-05,
  "67": 1.7007163182769877e-05,
  "68": 0.0027654113799498725,
  "69": 0.0,
  "70": 0.005985994404793933,
  "71": 0.020914892343570093,
  "72": 0.014312882006884459,
  "73": 0.01644257506741221,
  "74": 0.026909388343879695,
  "75": 0.00026150675971037073,
  "76": 0.0008047618226981741,
  "77": 0.0018640065590873442,
  "78": 0.0026893295085205393,
  "79": 0.016398862088729118,
  "80": 0.006326080467892649,
  "81": 0.0026626883783300494,
  "82": 0.00200508597912499,
  "83": 3.782161619484799e-05,
  "84": 0.015640193618317755,
  "85": 0.00038711641868034507,
  "86": 0.003401270736058932,
  "87": 0.01937181366846458,
  "88": 0.00012433578304684353,
  "89": 0.0101867245596069,
  "90": 0.004076841681221085,
  "91": 0.0044367323193355195,
  "92": 0.008813682791093895,
  "93": 0.0144319073220074,
  "94": 0.001946976584515374,
  "95": 0.01145974546368996,
  "96": 0.0001984115394595479,
  "97": 0.0017206128841535603,
  "98": 0.00830256814699359,
  "99": 0.0,
  "100": 0.0003361557366279235,
  "101": 0.001867246729991579,
  "102": 0.00027744612696563775
}