{
  "0": 0.003406809945530594,
  "1": 0.0001385586065247135,
  "2": 0.018506058497905355,
  "3": 0.0005162157394532845,
  "4": 0.01563722834692197,
  "5": 0.001039840472965134,
  "6": 0.00014808725847526933,
  "7": 0.002884188625334598,
  "8": 6.30781184639246e-05,
  "9": 0.0007114451762258602,
  "10": 0.05377346583272381,
  "11": 0.0010153599464367985,
  "12": 0.0012699714680236994,
  "13": 0.007440882360338048,
  "14": 0.0013112863404739366,
  "15": 0.0,
  "16": 0.007444123499823935,
  "17": 0.010314372637223804,
  "18": 0.003648532177698247,
  "19": 0.006494005711539414,
  "20": 0.004858351867456475,
  "21": 0.0007867414765909934,
  "22": 0.0014345135571012487,
  "23": 0.004990768802358947,
  "24": 0.0,
  "25": 0.0012317347796007487,
  "26": 0.001031219299546952,
  "27": 8.341607560797872e-05,
  "28": 0.0023791574017952653,
  "29": 0.007629403541577135,
  "30": 0.007022764279063945,
  "31": 0.0011881483134710052,
  "32": 0.0010737656420893376,
  "33": 0.08439749834292146,
  "34": 0.006607729553412956,
  "35": 0.003945420430049766,
  "36": 0.0,
  "37": 0.00017198041338612363,
  "38": 0.024422808550116616,
  "39": 0.0014640226713919758,
  "40": 0.0016916576039727393,
  "41": 0.020630247280042945,
  "42": 0.018137554367378367,
  "43": 0.0386309768704658,
  "44": 0.006066302422692746,
  "45": 0.009053152750525054,
  "46": 0.0031406889050136994,
  "47": 0.005544999467409526,
  "48": 0.0026403540949900147,
  "49": 0.0,
  "50": 0.001113376028497642,
  "51": 0.0007259650771432745,
  "52": 0.008457377474867975,
  "53": 0.000602026686612474,
  "54": 0.012499448395571901,
  "55": 0.0010859382595315987,
  "56": 7.714690382168448e-05,
  "57": 0.006268035127399936,
  "58": 0.00027875632926891716,
  "59": 7.934255246250871e-05,
  "60": 0.003209088550834505,
  "61": 0.008146356355804652,
  "62": 0.008663245461210922,
  "63": 0.008645659190620342,
  "64": 4.452191906402865e-05,
  "65": 0.019360825461405964,
  "66": 7.26111991751796e-05,
  "67": 1.8809950296463023e-05,
  "68": 0.0027337752417822044,
  "69": 0.0,
  "70": 0.0059156076897730545,
  "71": 0.02075246216628265,
  "72": 0.014165661119383124,
  "73": 0.015772923788296887,
  "74": 0.026606446755634075,
  "75": 0.0002826153284897578,
  "76": 0.000856863344634041,
  "77": 0.002015650641583375,
  "78": 0.00272907140282447,
  "79": 0.01698984041290624,
  "80": 0.006559237115234867,
  "81": 0.002854538750622665,
  "82": 0.0019750727490593367,
  "83": 4.291213739143674e-05,
  "84": 0.016669078983847178,
  "85": 0.00040472223043431317,
  "86": 0.003366648758831339,
  "87": 0.021135315142594667,
  "88": 0.0001427615682707678,
  "89": 0.009627646625700806,
  "90": 0.00391443350079388,
  "91": 0.0045111493112579126,
  "92": 0.00891495642478303,
  "93": 0.014552646296786079,
  "94": 0.002049123189498392,
  "95": 0.011683088460105016,
  "96": 0.00020596000776548242,
  "97": 0.0018261860099723908,
  "98": 0.008500870740846373,
  "99": 0.0,
  "100": 0.00037857051639673126,
  "101": 0.0019782789900040926,
  "102": 0.0003134391380314502
}