{
  "0": 0.0033620381220185783,
  "1": 0.00012524833046653134,
  "2": 0.018813663956382065,
  "3": 0.0005206898503504672,
  "4": 0.014362769312675126,
  "5": 0.0010577837651409533,
  "6": 0.00015216303567088104,
  "7": 0.0030491142607116024,
  "8": 6.437591027389885e-05,
  "9": 0.0007180910871708973,
  "10": 0.05405428471132312,
  "11": 0.0009872703190575622,
  "12": 0.0014241605534982204,
  "13": 0.007767903429619205,
  "14": 0.001402963861735096,
  "15": 0.0,
  "16": 0.007706917648564337,
  "17": 0.010304210676534122,
  "18": 0.003399505260722805,
  "19": 0.006692492122179407,
  "20": 0.005064200930368227,
  "21": 0.0007108197240952046,
  "22": 0.001524291377317798,
  "23": 0.004969547498802644,
  "24": 0.0,
  "25": 0.001297938696004944,
  "26": 0.0010501730307014027,
  "27": 8.808908793709885e-05,
  "28": 0.002539769281613463,
  "29": 0.006969842097195305,
  "30": 0.006837874748534032,
  "31": 0.0010775136517241159,
  "32": 0.0011261980175663892,
  "33": 0.0854412043037531,
  "34": 0.006741121651870972,
  "35": 0.003932075234236795,
  "36": 0.0,
  "37": 0.00016760942625918644,
  "38": 0.02358666745638701,
  "39": 0.0014355906537838108,
  "40": 0.0016126340401136554,
  "41": 0.02050802045680841,
  "42": 0.01691300458896483,
  "43": 0.03820118978233019,
  "44": 0.006201160975604704,
  "45": 0.009192300965917615,
  "46": 0.0030066672207044692,
  "47": 0.0055319963579381305,
  "48": 0.002572671271236172,
  "49": 0.0,
  "50": 0.001123776976287878,
  "51": 0.0007072703870563203,
  "52": 0.008603830721067117,
  "53": 0.0007473706945749293,
  "54": 0.012668165127047082,
  "55": 0.0011118976355022263,
  "56": 7.613344750091347e-05,
  "57": 0.006242549123044273,
  "58": 0.000271862958286568,
  "59": 7.844580385937559e-05,
  "60": 0.003428494707198743,
  "61": 0.008228155319356098,
  "62": 0.00850223754765702,
  "63": 0.00871079920494822,
  "64": 4.74749295950547e-05,
  "65": 0.01885400590159318,
  "66": 7.128073123933029e-05,
  "67": 1.8504895276957967e-05,
  "68": 0.0026730792401675383,
  "69": 0.0,
  "70": 0.0054867788577757926,
  "71": 0.021543488323159977,
  "72": 0.01385137858605872,
  "73": 0.016261063312053715,
  "74": 0.02782823959326745,
  "75": 0.00027573979876654916,
  "76": 0.0008385338360538434,
  "77": 0.001988710129970603,
  "78": 0.0026357100281273584,
  "79": 0.016971171411139855,
  "80": 0.00640683712196834,
  "81": 0.002694717674029018,
  "82": 0.0019439321727526234,
  "83": 4.088145204937419e-05,
  "84": 0.016523473132943004,
  "85": 0.0004044828801402667,
  "86": 0.0034584309448294644,
  "87": 0.01924219721093871,
  "88": 0.00013087765555221958,
  "89": 0.009523685785393856,
  "90": 0.003956379705087933,
  "91": 0.0045237804314493795,
  "92": 0.008866481723631523,
  "93": 0.014674933981308695,
  "94": 0.002168669107171552,
  "95": 0.011830107801437397,
  "96": 0.00020167954769023842,
  "97": 0.00181236991906817,
  "98": 0.008552258909895758,
  "99": 0.0,
  "100": 0.0002993369209425616,
  "101": 0.001764357299823214,
  "102": 0.0002674480683362454
}