{
  "0": 0.000401753534966756,
  "1": 0.009814609362330789,
  "2": 0.0029305058361867153,
  "3": 0.001044344874735766,
  "4": 0.005362994454211706,
  "5": 0.004924182080167109,
  "6": 0.004712723451404878,
  "7": 0.004724689437998687,
  "8": 0.0011991883131959472,
  "9": 0.0008905730171645827,
  "10": 0.008708469989662817,
  "11": 0.0,
  "12": 0.004778536377670826,
  "13": 0.00033254726921898184,
  "14": 0.00370016880970938,
  "15": 0.0017117611717665582,
  "16": 0.0,
  "17": 0.0,
  "18": 0.00033344025329314666,
  "19": 0.001897948351229925,
  "20": 0.0023981087311696447,
  "21": 6.1615901117373115e-06,
  "22": 0.006101849477175684,
  "23": 0.0009073611177588814,
  "24": 0.0,
  "25": 0.00168023883394854,
  "26": 0.0008400301185668535,
  "27": 0.004194881986796695,
  "28": 0.010424428186577949,
  "29": 0.0032006335186215754,
  "30": 0.005506943486967076,
  "31": 0.0011059607758531391,
  "32": 0.001060418588070733,
  "33": 0.0007631441897812618,
  "34": 0.0020452907234671212,
  "35": 0.0064043031830953116,
  "36": 0.0,
  "37": 0.0011978488370846998,
  "38": 0.003547915025064277,
  "39": 0.003380659107973205,
  "40": 0.004586098309688306,
  "41": 0.006851241712214808,
  "42": 0.0001969029883533445,
  "43": 0.005632318450979818,
  "44": 0.0037009724953761284,
  "45": 0.0004960526531985618,
  "46": 0.004719599428775948,
  "47": 0.005222438760938162,
  "48": 0.0,
  "49": 0.014277118676154683,
  "50": 0.0021238733219936263,
  "51": 0.0023053276858639193,
  "52": 0.002933988474075958,
  "53": 0.0064079644177993875,
  "54": 0.0004929272089389849,
  "55": 0.005753674986658818,
  "56": 0.003787949144199783,
  "57": 0.007416322034346311,
  "58": 0.0008748564974592817,
  "59": 0.009816752524108784,
  "60": 0.020745627414182444,
  "61": 0.0033920893041225145,
  "62": 0.004154340509829611,
  "63": 0.0016678263553176486,
  "64": 0.0008579790984575665,
  "65": 0.002568668689335127,
  "66": 0.0065558425804810826,
  "67": 0.010381297055795788,
  "68": 0.010436929963616257,
  "69": 6.706310396977857e-05,
  "70": 0.0004194346196352196,
  "71": 0.00553757284071093,
  "72": 0.003411199163309642,
  "73": 0.004845867376862854,
  "74": 0.030386551374088175,
  "75": 0.0038147386664247277,
  "76": 0.0037950930167931014,
  "77": 0.003383248761788283,
  "78": 0.00046328013767671264,
  "79": 0.016797476927077493,
  "80": 0.0016254989102022358,
  "81": 0.020240555621834817,
  "82": 0.004614763098468997,
  "83": 0.005534358098043936,
  "84": 0.00034844238573911575,
  "85": 0.0026333207363046607,
  "86": 0.004094331980045735,
  "87": 0.04380720902471137,
  "88": 0.005124924900039363,
  "89": 0.0003372800848120554,
  "90": 0.0008782498369411081,
  "91": 0.005145106340115488,
  "92": 0.006519319531847741,
  "93": 0.003728655001675238,
  "94": 0.0029644392310049787,
  "95": 0.010789212180874282,
  "96": 0.0,
  "97": 0.00198769325068349,
  "98": 0.00015770098749750858,
  "99": 0.0,
  "100": 0.0004987316054210563,
  "101": 4.697096230106994e-05,
  "102": 0.0
}