{
  "0": 0.0012091898428053204,
  "1": 0.0,
  "2": 0.02176541717049577,
  "3": 0.0012091898428053204,
  "4": 0.01571946795646916,
  "5": 0.0012091898428053204,
  "6": 0.0012091898428053204,
  "7": 0.006045949214026602,
  "8": 0.0,
  "9": 0.0012091898428053204,
  "10": 0.05199516324062874,
  "11": 0.0012091898428053204,
  "12": 0.0012091898428053204,
  "13": 0.008464328899637243,
  "14": 0.0012091898428053204,
  "15": 0.0,
  "16": 0.0024183796856106408,
  "17": 0.018137847642079805,
  "18": 0.0024183796856106408,
  "19": 0.0024183796856106408,
  "20": 0.0024183796856106408,
  "21": 0.0,
  "22": 0.0,
  "23": 0.003627569528415961,
  "24": 0.0,
  "25": 0.003627569528415961,
  "26": 0.0012091898428053204,
  "27": 0.0,
  "28": 0.0024183796856106408,
  "29": 0.009673518742442563,
  "30": 0.003627569528415961,
  "31": 0.003627569528415961,
  "32": 0.0,
  "33": 0.07859733978234583,
  "34": 0.006045949214026602,
  "35": 0.0024183796856106408,
  "36": 0.0,
  "37": 0.0,
  "38": 0.026602176541717055,
  "39": 0.0024183796856106408,
  "40": 0.0,
  "41": 0.025392986698911733,
  "42": 0.009673518742442563,
  "43": 0.03143893591293834,
  "44": 0.008464328899637243,
  "45": 0.008464328899637243,
  "46": 0.0012091898428053204,
  "47": 0.0024183796856106408,
  "48": 0.0024183796856106408,
  "49": 0.0,
  "50": 0.0012091898428053204,
  "51": 0.0,
  "52": 0.008464328899637243,
  "53": 0.0,
  "54": 0.012091898428053202,
  "55": 0.0012091898428053204,
  "56": 0.0,
  "57": 0.007255139056831923,
  "58": 0.0,
  "59": 0.0,
  "60": 0.0012091898428053204,
  "61": 0.012091898428053202,
  "62": 0.007255139056831923,
  "63": 0.0048367593712212815,
  "64": 0.0,
  "65": 0.02297460701330109,
  "66": 0.0,
  "67": 0.0,
  "68": 0.003627569528415961,
  "69": 0.0,
  "70": 0.007255139056831923,
  "71": 0.019347037484885126,
  "72": 0.014510278113663842,
  "73": 0.02176541717049577,
  "74": 0.029020556227327698,
  "75": 0.0,
  "76": 0.0,
  "77": 0.0012091898428053204,
  "78": 0.0012091898428053204,
  "79": 0.020556227327690448,
  "80": 0.0048367593712212815,
  "81": 0.003627569528415961,
  "82": 0.0012091898428053204,
  "83": 0.0,
  "84": 0.009673518742442563,
  "85": 0.0,
  "86": 0.0024183796856106408,
  "87": 0.025392986698911733,
  "88": 0.0,
  "89": 0.013301088270858522,
  "90": 0.0024183796856106408,
  "91": 0.008464328899637243,
  "92": 0.009673518742442563,
  "93": 0.009673518742442563,
  "94": 0.0012091898428053204,
  "95": 0.006045949214026602,
  "96": 0.0,
  "97": 0.0012091898428053204,
  "98": 0.008464328899637243,
  "99": 0.0,
  "100": 0.0012091898428053204,
  "101": 0.0012091898428053204,
  "102": 0.0
}