{
  "0": 0.00039187415298034644,
  "1": 0.009857119319247305,
  "2": 0.002933910325141745,
  "3": 0.0010416331652199815,
  "4": 0.0053644206966948485,
  "5": 0.004965619475353738,
  "6": 0.0047373230938068545,
  "7": 0.004756619927097553,
  "8": 0.0012032317742646545,
  "9": 0.00088923766128318,
  "10": 0.008721475940559815,
  "11": 0.0,
  "12": 0.004823020825241445,
  "13": 0.000346155501799306,
  "14": 0.0036803514200737537,
  "15": 0.001713261921855742,
  "16": 0.0,
  "17": 0.0,
  "18": 0.0003467492505159429,
  "19": 0.0019056365060460937,
  "20": 0.002393203160524419,
  "21": 6.4322777635662925e-06,
  "22": 0.006132038829186906,
  "23": 0.0009038834629602233,
  "24": 0.0,
  "25": 0.0017057411047783412,
  "26": 0.0008594512673318961,
  "27": 0.004230855438515589,
  "28": 0.010468185706786103,
  "29": 0.0032044618236892874,
  "30": 0.005550560919360513,
  "31": 0.001110804890708179,
  "32": 0.0010658779044826544,
  "33": 0.0007709827085529997,
  "34": 0.0020550632663997107,
  "35": 0.006380819541457762,
  "36": 0.0,
  "37": 0.0011893776375431272,
  "38": 0.00356269021606021,
  "39": 0.003440971729149648,
  "40": 0.004647765995714124,
  "41": 0.006838006053268166,
  "42": 0.0002035568516870133,
  "43": 0.005649123206322236,
  "44": 0.0037679293557776944,
  "45": 0.0005122072262187558,
  "46": 0.004729505402371136,
  "47": 0.00524576991148691,
  "48": 0.0,
  "49": 0.01437663559216786,
  "50": 0.002096031927847656,
  "51": 0.0023304637127997876,
  "52": 0.0029351967806944585,
  "53": 0.006429407978102548,
  "54": 0.000500728084363776,
  "55": 0.005764607331708111,
  "56": 0.0038044449018508632,
  "57": 0.0074362078852798314,
  "58": 0.0008880501638499062,
  "59": 0.009854843282500197,
  "60": 0.020793277972862716,
  "61": 0.0034071280523013453,
  "62": 0.0041441681258866025,
  "63": 0.0016837724022627763,
  "64": 0.0008677637493648125,
  "65": 0.002612791227560628,
  "66": 0.00655874624020995,
  "67": 0.010505888750292545,
  "68": 0.010432461825668449,
  "69": 6.303632208294966e-05,
  "70": 0.000420769923856675,
  "71": 0.00558351397313386,
  "72": 0.0034440394308522717,
  "73": 0.004911687300259221,
  "74": 0.03054164231884603,
  "75": 0.0038406635735657134,
  "76": 0.0038150334206308876,
  "77": 0.0033613104430008653,
  "78": 0.0004632229570962125,
  "79": 0.016896703061813696,
  "80": 0.0016307308502432143,
  "81": 0.02026711765180299,
  "82": 0.004594823401814001,
  "83": 0.005574706700503747,
  "84": 0.00035753568553484636,
  "85": 0.0026484161505588412,
  "86": 0.0041074546635745555,
  "87": 0.04381994174335509,
  "88": 0.005150572200586129,
  "89": 0.00034170238642452935,
  "90": 0.0008757793570394105,
  "91": 0.005178874222745821,
  "92": 0.006500459907860095,
  "93": 0.0037584293763115043,
  "94": 0.0029905143694611285,
  "95": 0.010789106888128341,
  "96": 0.0,
  "97": 0.0020195373015209368,
  "98": 0.00015585903811718324,
  "99": 0.0,
  "100": 0.000500332251886018,
  "101": 4.670823237543523e-05,
  "102": 0.0
}