{
  "0": 0.003439898522993575,
  "1": 0.00019349429191838842,
  "2": 0.018983939973770587,
  "3": 0.0005374841442177456,
  "4": 0.01483456238040984,
  "5": 0.0009674714595919421,
  "6": 0.00021499365768709824,
  "7": 0.002773418184163567,
  "8": 6.449809730612947e-05,
  "9": 0.0009459720938232323,
  "10": 0.05293143852256084,
  "11": 0.0009674714595919421,
  "12": 0.001440457506503556,
  "13": 0.007718272310966852,
  "14": 0.0013974587749661365,
  "15": 0.0,
  "16": 0.008685743770558798,
  "17": 0.010814180981661082,
  "18": 0.003762389009524224,
  "19": 0.006406810999075546,
  "20": 0.00494485412680327,
  "21": 0.0006664803388300045,
  "22": 0.001440457506503556,
  "23": 0.004471868079891652,
  "24": 0.0,
  "25": 0.0009459720938232323,
  "26": 0.0009674714595919421,
  "27": 6.449809730612947e-05,
  "28": 0.002773418184163567,
  "29": 0.007352783092898783,
  "30": 0.006385311633306836,
  "31": 0.001203964483047749,
  "32": 0.0010749682884354907,
  "33": 0.08083761529035,
  "34": 0.0065573065594565156,
  "35": 0.004321372519510682,
  "36": 0.0,
  "37": 0.0001719949261496786,
  "38": 0.022918323909444187,
  "39": 0.001440457506503556,
  "40": 0.0018274460903403309,
  "41": 0.019585922215294416,
  "42": 0.01857545202416513,
  "43": 0.0363124287833494,
  "44": 0.006277814804463286,
  "45": 0.009115731085932997,
  "46": 0.0033324016941500252,
  "47": 0.005374841442177469,
  "48": 0.0028809150130071166,
  "49": 0.0,
  "50": 0.0008814739965171028,
  "51": 0.0006664803388300045,
  "52": 0.008535248210177829,
  "53": 0.000859974630748393,
  "54": 0.012254638488164648,
  "55": 0.0012254638488164587,
  "56": 4.299873153741965e-05,
  "57": 0.006471309096381676,
  "58": 0.0002794917549932277,
  "59": 6.449809730612947e-05,
  "60": 0.002816416915700987,
  "61": 0.007825769139810401,
  "62": 0.008492249478640409,
  "63": 0.00840625201556557,
  "64": 8.59974630748393e-05,
  "65": 0.019155934899920252,
  "66": 6.449809730612947e-05,
  "67": 6.449809730612947e-05,
  "68": 0.0029884118418506663,
  "69": 0.0,
  "70": 0.0055898350998645685,
  "71": 0.020080407627974705,
  "72": 0.014082084578504992,
  "73": 0.015307548427321458,
  "74": 0.025455249070151755,
  "75": 0.0002794917549932277,
  "76": 0.0007524778019048438,
  "77": 0.0014619568722722656,
  "78": 0.002708920086857437,
  "79": 0.01681250403113106,
  "80": 0.006600305290993935,
  "81": 0.0023004321372519483,
  "82": 0.0022359340399458185,
  "83": 2.1499365768709824e-05,
  "84": 0.01608152559499498,
  "85": 0.0003439898522993572,
  "86": 0.0032464042310751855,
  "87": 0.020230903188355662,
  "88": 0.00023649302345580807,
  "89": 0.010018704448218814,
  "90": 0.0035258959860684147,
  "91": 0.003977382667211323,
  "92": 0.008814739965171058,
  "93": 0.013931589018124023,
  "94": 0.0023004321372519483,
  "95": 0.011932148001633999,
  "96": 0.00019349429191838842,
  "97": 0.0017844473588029114,
  "98": 0.008513748844409119,
  "99": 0.0,
  "100": 0.0004514866811429063,
  "101": 0.0017199492614967823,
  "102": 0.00019349429191838842
}