{
  "0": 0.00038908188810461215,
  "1": 0.009783601213799568,
  "2": 0.0029165364737773047,
  "3": 0.0010322118378953298,
  "4": 0.0053021610428462575,
  "5": 0.00489536051604443,
  "6": 0.0046758597544665935,
  "7": 0.004701507281713248,
  "8": 0.0011866633505573604,
  "9": 0.0008878737034851349,
  "10": 0.008581160993169343,
  "11": 0.0,
  "12": 0.004731604695390711,
  "13": 0.00032929159587976117,
  "14": 0.0036552176212913635,
  "15": 0.0016790635108827232,
  "16": 0.0,
  "17": 0.0,
  "18": 0.00033341785420651,
  "19": 0.0018995351567727351,
  "20": 0.0023820646599243068,
  "21": 5.178049664939733e-06,
  "22": 0.006046586589207359,
  "23": 0.0008894918440054285,
  "24": 0.0,
  "25": 0.0016895005172386174,
  "26": 0.0008269507128960783,
  "27": 0.004198589208005977,
  "28": 0.010366940871365435,
  "29": 0.003218886029994176,
  "30": 0.0055029722814147015,
  "31": 0.0010962902024989592,
  "32": 0.0010631992288589536,
  "33": 0.0007579370197055535,
  "34": 0.0020336790059050803,
  "35": 0.006388904216275484,
  "36": 0.0,
  "37": 0.0012043010822285615,
  "38": 0.003535556129815647,
  "39": 0.0034101502394928876,
  "40": 0.00460271980294932,
  "41": 0.006818439617387438,
  "42": 0.00021052008169020602,
  "43": 0.0055957726402535435,
  "44": 0.003741949953179104,
  "45": 0.0004907820198050691,
  "46": 0.004659597442237642,
  "47": 0.005181852295162423,
  "48": 0.0,
  "49": 0.014249749956836102,
  "50": 0.0020982428126647976,
  "51": 0.002315559084540237,
  "52": 0.002908607585227866,
  "53": 0.006366412063043402,
  "54": 0.0005046980282795946,
  "55": 0.005749172361577383,
  "56": 0.0037731800652207716,
  "57": 0.007428154965434091,
  "58": 0.0008777603252332995,
  "59": 0.00978538116837189,
  "60": 0.020537196762489173,
  "61": 0.0033884671565209525,
  "62": 0.004132164539647922,
  "63": 0.0016618303143415957,
  "64": 0.0008403812792145157,
  "65": 0.0025815813860765157,
  "66": 0.006524585298902108,
  "67": 0.010328752755086504,
  "68": 0.01032956182534665,
  "69": 6.707192456617248e-05,
  "70": 0.00041707571910569257,
  "71": 0.005562277131483464,
  "72": 0.0034212345020568995,
  "73": 0.004863644961846674,
  "74": 0.030349600877549968,
  "75": 0.0038177598365548623,
  "76": 0.003753034215743116,
  "77": 0.0033401656619901866,
  "78": 0.00045129939110990364,
  "79": 0.01684257741952866,
  "80": 0.001610130724718213,
  "81": 0.020136626076690475,
  "82": 0.004561295405629802,
  "83": 0.005522794502788299,
  "84": 0.00035275463342401934,
  "85": 0.0026188795250692847,
  "86": 0.004086209348871581,
  "87": 0.043579598678497,
  "88": 0.005074245950562895,
  "89": 0.00032346629000670394,
  "90": 0.0008695078085798018,
  "91": 0.005123356515353807,
  "92": 0.006514148292546214,
  "93": 0.0037459143974538237,
  "94": 0.002965323410464159,
  "95": 0.010738789562928919,
  "96": 0.0,
  "97": 0.0019983226355366635,
  "98": 0.0001557460250782654,
  "99": 0.0,
  "100": 0.0004907011127790544,
  "101": 4.1343490293503185e-05,
  "102": 0.0
}