{
  "0": 0.00327497415979542,
  "1": 0.00014158024172804013,
  "2": 0.01893287103969193,
  "3": 0.0005290640438898797,
  "4": 0.015273641922539976,
  "5": 0.001114458459823632,
  "6": 0.0001560559305877077,
  "7": 0.0026984589238699492,
  "8": 6.398153176236168e-05,
  "9": 0.0006553815493461118,
  "10": 0.055443301757126195,
  "11": 0.0010149448401982238,
  "12": 0.001297871956424235,
  "13": 0.007850958359968008,
  "14": 0.0013124450118799748,
  "15": 0.0,
  "16": 0.008181325588098375,
  "17": 0.010710518432983413,
  "18": 0.00342803018778226,
  "19": 0.006552238035861709,
  "20": 0.004695549020469354,
  "21": 0.0008075838882176015,
  "22": 0.0015736487080073426,
  "23": 0.004914330345448994,
  "24": 0.0,
  "25": 0.0011779766507781801,
  "26": 0.001053332034102945,
  "27": 8.520382770596211e-05,
  "28": 0.002391356894684875,
  "29": 0.007391234738212988,
  "30": 0.006909417392734333,
  "31": 0.0012105992703138723,
  "32": 0.0011343340804720594,
  "33": 0.08244619211069096,
  "34": 0.006687801001358471,
  "35": 0.003936500281077604,
  "36": 0.0,
  "37": 0.00017923562257517222,
  "38": 0.02423657840500621,
  "39": 0.0014230747302258458,
  "40": 0.0017658309883475578,
  "41": 0.02015582496725277,
  "42": 0.018235458333893544,
  "43": 0.038331832623659086,
  "44": 0.006155997708877446,
  "45": 0.009511820480779332,
  "46": 0.003082262302788194,
  "47": 0.005470190180806824,
  "48": 0.002687345524980467,
  "49": 0.0,
  "50": 0.001170981990409923,
  "51": 0.0007708487058393059,
  "52": 0.008586032916197826,
  "53": 0.0006320355091873021,
  "54": 0.012316272897229499,
  "55": 0.0011249571101442136,
  "56": 8.142718657872344e-05,
  "57": 0.006503010997430484,
  "58": 0.0002845559750745526,
  "59": 8.033253613606587e-05,
  "60": 0.003284408416155171,
  "61": 0.00847902187373641,
  "62": 0.008329381074200008,
  "63": 0.00918076466457148,
  "64": 4.6716472538195914e-05,
  "65": 0.01933578247351117,
  "66": 7.62330731932098e-05,
  "67": 1.7676371529242845e-05,
  "68": 0.002780102737593761,
  "69": 0.0,
  "70": 0.0057878175572501755,
  "71": 0.02077610842461419,
  "72": 0.014686181264586836,
  "73": 0.016809111580573945,
  "74": 0.027332132324768194,
  "75": 0.0002858238246296615,
  "76": 0.0008779879166186304,
  "77": 0.0019105908441860724,
  "78": 0.002554817862580713,
  "79": 0.017327877894829397,
  "80": 0.006787279703158299,
  "81": 0.0029368036264663215,
  "82": 0.002101197803402429,
  "83": 4.2345138669661605e-05,
  "84": 0.01578018914365903,
  "85": 0.00041470816343817826,
  "86": 0.003393573428967852,
  "87": 0.024182254914239407,
  "88": 0.00014546782298859417,
  "89": 0.00977409273488903,
  "90": 0.003952818606975388,
  "91": 0.004429384525354337,
  "92": 0.009210984058158315,
  "93": 0.014605227573503956,
  "94": 0.0020158813454875684,
  "95": 0.011908611437142997,
  "96": 0.00018927266838135126,
  "97": 0.001873756123014163,
  "98": 0.00866981874777537,
  "99": 0.0,
  "100": 0.00032220755242515664,
  "101": 0.0018272140880474996,
  "102": 0.00027444670937682006
}