{
  "0": 0.0031409985023680034,
  "1": 0.00014214763375435883,
  "2": 0.018285821670124068,
  "3": 0.0005229822048831792,
  "4": 0.01501446410766357,
  "5": 0.0010157077666807152,
  "6": 0.00015327169790145184,
  "7": 0.0028512695868910297,
  "8": 6.209804664958358e-05,
  "9": 0.0007128694200254993,
  "10": 0.05604542537337134,
  "11": 0.0009697787451863763,
  "12": 0.0012958514495114571,
  "13": 0.007605908138201929,
  "14": 0.0013202764870338863,
  "15": 0.0,
  "16": 0.00794828697106373,
  "17": 0.010213769695599374,
  "18": 0.003284947323686543,
  "19": 0.006197004316032516,
  "20": 0.004958759446863876,
  "21": 0.0007792210553891042,
  "22": 0.0014653079988220254,
  "23": 0.005079993741517,
  "24": 0.0,
  "25": 0.0012053445158288953,
  "26": 0.0009832018797615212,
  "27": 8.512730944863505e-05,
  "28": 0.0023578189041067303,
  "29": 0.007078443189614226,
  "30": 0.0068896390882886025,
  "31": 0.0012053692074200212,
  "32": 0.001153714879603028,
  "33": 0.08600598013040496,
  "34": 0.006805750704019369,
  "35": 0.0038923843074436656,
  "36": 0.0,
  "37": 0.0001678047879197599,
  "38": 0.023951008025386408,
  "39": 0.0014734435538792789,
  "40": 0.001618301907412907,
  "41": 0.020150819235727285,
  "42": 0.017840087270860103,
  "43": 0.037244714484088934,
  "44": 0.005994847580541545,
  "45": 0.009656486260767014,
  "46": 0.003039691470512618,
  "47": 0.005472401608003864,
  "48": 0.0026949832505368345,
  "49": 0.0,
  "50": 0.001086909583620165,
  "51": 0.0007013550800306678,
  "52": 0.008378545948662025,
  "53": 0.0006376324113520564,
  "54": 0.012581181839671794,
  "55": 0.0011556882593678486,
  "56": 7.708638634043622e-05,
  "57": 0.006265177691793647,
  "58": 0.000277135347468829,
  "59": 7.817692627032078e-05,
  "60": 0.0028607465871080375,
  "61": 0.00822321944391275,
  "62": 0.008086813450838358,
  "63": 0.008657110258876976,
  "64": 4.4666354246020907e-05,
  "65": 0.019403695524790442,
  "66": 7.250191067622699e-05,
  "67": 1.8535796443841346e-05,
  "68": 0.0026900290868067003,
  "69": 0.0,
  "70": 0.005733926338640227,
  "71": 0.020255118753135376,
  "72": 0.014092363845767874,
  "73": 0.01647306883156399,
  "74": 0.024536347063988707,
  "75": 0.0002799962246373451,
  "76": 0.0008581625009946853,
  "77": 0.0018421402478997304,
  "78": 0.0025648171089494654,
  "79": 0.016697813740254364,
  "80": 0.006143452227250905,
  "81": 0.002725239817951096,
  "82": 0.00202004793268003,
  "83": 4.166045296949982e-05,
  "84": 0.015473571821390706,
  "85": 0.0004101603307391459,
  "86": 0.003451846022626285,
  "87": 0.018326177661502734,
  "88": 0.0001360337563810059,
  "89": 0.010141507534736716,
  "90": 0.003950929001838491,
  "91": 0.00447069092894287,
  "92": 0.008671925494311238,
  "93": 0.014282097251385462,
  "94": 0.0020758962642114425,
  "95": 0.01144735574346175,
  "96": 0.00020618499706427212,
  "97": 0.0017848825920846185,
  "98": 0.00821860388085409,
  "99": 0.0,
  "100": 0.00033801846087406866,
  "101": 0.0018666650958292614,
  "102": 0.0002859444768006213
}