{
  "0": 0.003009911207619376,
  "1": 0.00012899619461225893,
  "2": 0.017478984369961013,
  "3": 0.0004514866811429063,
  "4": 0.015071055403865649,
  "5": 0.0009674714595919421,
  "6": 0.0001719949261496786,
  "7": 0.003009911207619376,
  "8": 0.00010749682884354912,
  "9": 0.0005804828757551652,
  "10": 0.054780383978669744,
  "11": 0.001053468922666781,
  "12": 0.001354460043428717,
  "13": 0.007438780555973623,
  "14": 0.001354460043428717,
  "15": 0.0,
  "16": 0.007180788166749104,
  "17": 0.009717713327456875,
  "18": 0.0031819061337690557,
  "19": 0.006492808462150386,
  "20": 0.0046008642745039114,
  "21": 0.0010749682884354907,
  "22": 0.001440457506503556,
  "23": 0.004815857932191011,
  "24": 0.0,
  "25": 0.0010104701911293615,
  "26": 0.0009674714595919421,
  "27": 2.1499365768709824e-05,
  "28": 0.0019134435534151697,
  "29": 0.006707802119837485,
  "30": 0.007073291337905554,
  "31": 0.0010964676542042004,
  "32": 0.001354460043428717,
  "33": 0.08393352396104498,
  "34": 0.006879797045987165,
  "35": 0.003805387741061644,
  "36": 0.0,
  "37": 0.00012899619461225893,
  "38": 0.024057790295185722,
  "39": 0.0013329606776600073,
  "40": 0.0019134435534151697,
  "41": 0.020940382258723033,
  "42": 0.017715477393416803,
  "43": 0.03747339453485964,
  "44": 0.006621804656762645,
  "45": 0.00827725582095331,
  "46": 0.003461397888762285,
  "47": 0.0052458452475652095,
  "48": 0.0028594156472384067,
  "49": 0.0,
  "50": 0.0011609657515103296,
  "51": 0.0006234816072925849,
  "52": 0.009158729817470417,
  "53": 0.0005374841442177456,
  "54": 0.012921118826994656,
  "55": 0.0008169758992109733,
  "56": 0.00010749682884354912,
  "57": 0.0055683357340958585,
  "58": 0.00038698858383677683,
  "59": 6.449809730612947e-05,
  "60": 0.003009911207619376,
  "61": 0.00816975899210976,
  "62": 0.008707243136327508,
  "63": 0.008642745039021378,
  "64": 2.1499365768709824e-05,
  "65": 0.018252961537634508,
  "66": 4.299873153741965e-05,
  "67": 2.1499365768709824e-05,
  "68": 0.002687420721088727,
  "69": 0.0,
  "70": 0.005847827489089088,
  "71": 0.01919893363145767,
  "72": 0.013673596628899503,
  "73": 0.015630038913852107,
  "74": 0.026315223700900083,
  "75": 0.00021499365768709824,
  "76": 0.0008169758992109733,
  "77": 0.001354460043428717,
  "78": 0.0029239137445445365,
  "79": 0.016017027497688855,
  "80": 0.0069012964117558745,
  "81": 0.0026659213553200172,
  "82": 0.0019779416507212993,
  "83": 0.0,
  "84": 0.01451207189387919,
  "85": 0.00040848794960548666,
  "86": 0.003396899791456155,
  "87": 0.020768387332573367,
  "88": 0.00010749682884354912,
  "89": 0.009588717132844616,
  "90": 0.0042353750564358425,
  "91": 0.004321372519510682,
  "92": 0.00829875518672202,
  "93": 0.014469073162341771,
  "94": 0.0022359340399458185,
  "95": 0.011115172102423021,
  "96": 0.00021499365768709824,
  "97": 0.0018059467245716211,
  "98": 0.00838475264979686,
  "99": 0.0,
  "100": 0.00025799238922451787,
  "101": 0.0016984498957280725,
  "102": 0.00025799238922451787
}