{
  "0": 0.0004023875109614088,
  "1": 0.009845562019404685,
  "2": 0.0029128668289119387,
  "3": 0.0010431812647530357,
  "4": 0.005361325334613279,
  "5": 0.004900875786652628,
  "6": 0.004662645489389074,
  "7": 0.004696163119838637,
  "8": 0.0012043474038175965,
  "9": 0.0008852701186717658,
  "10": 0.008611215896470813,
  "11": 0.0,
  "12": 0.004759415551054477,
  "13": 0.0003399268347955583,
  "14": 0.0037029503960182815,
  "15": 0.0016956753987278433,
  "16": 0.0,
  "17": 0.0,
  "18": 0.00033623197789560655,
  "19": 0.0019151674931416418,
  "20": 0.0024145889841184496,
  "21": 5.102421433266662e-06,
  "22": 0.006082262294020525,
  "23": 0.0008872055199050738,
  "24": 0.0,
  "25": 0.001702273357477757,
  "26": 0.0008493772230722348,
  "27": 0.004250492999477794,
  "28": 0.010460227856546654,
  "29": 0.003207839571424751,
  "30": 0.005527681867894438,
  "31": 0.0011143512464687724,
  "32": 0.0010818013166358645,
  "33": 0.0007509356785235211,
  "34": 0.002075717822722877,
  "35": 0.006436528692499229,
  "36": 0.0,
  "37": 0.0012014443019676344,
  "38": 0.0035540124738368943,
  "39": 0.003398388620122261,
  "40": 0.004633790416456118,
  "41": 0.006817538817110918,
  "42": 0.00020946319711392968,
  "43": 0.005657529696092741,
  "44": 0.0037426261213010965,
  "45": 0.0004994214909768076,
  "46": 0.004721851172571634,
  "47": 0.0051842361217655925,
  "48": 0.0,
  "49": 0.014210595582780981,
  "50": 0.0021054526234891555,
  "51": 0.0023295193026362277,
  "52": 0.002915418039628572,
  "53": 0.006439255848782527,
  "54": 0.0004971341986101708,
  "55": 0.0057263244126585094,
  "56": 0.003753094882517626,
  "57": 0.007435723565586173,
  "58": 0.0008811353978551531,
  "59": 0.009778350812938897,
  "60": 0.020709409005879396,
  "61": 0.0033916147158056828,
  "62": 0.0041224046269461335,
  "63": 0.0016392848446119134,
  "64": 0.0008538638350221761,
  "65": 0.0026148150389825,
  "66": 0.0065510692563977325,
  "67": 0.01041456998199725,
  "68": 0.010392400840597539,
  "69": 6.52758052324804e-05,
  "70": 0.00041320816331126743,
  "71": 0.005530409024177736,
  "72": 0.003431466386655162,
  "73": 0.0049050105074692416,
  "74": 0.030406121075886028,
  "75": 0.003789691560383815,
  "76": 0.0038125644840501824,
  "77": 0.003386336348805752,
  "78": 0.00045235605189408924,
  "79": 0.01673585432833132,
  "80": 0.0016456188850118305,
  "81": 0.02012087108538709,
  "82": 0.004584789576140092,
  "83": 0.0055735156880105064,
  "84": 0.0003513632966287422,
  "85": 0.0026272192014323375,
  "86": 0.004103666424096378,
  "87": 0.04367232882959601,
  "88": 0.0051103389837665585,
  "89": 0.0003348244133622916,
  "90": 0.0008695229904553049,
  "91": 0.005161451170882557,
  "92": 0.006549661691864417,
  "93": 0.003733828842967878,
  "94": 0.002953422282028075,
  "95": 0.010714909064293326,
  "96": 0.0,
  "97": 0.0019839622097074096,
  "98": 0.0001603743840145711,
  "99": 0.0,
  "100": 0.0004966943346935099,
  "101": 5.0584350416005697e-05,
  "102": 0.0
}