{
  "0.0": 0.0002047891566131385,
  "1.0": 0.004889340340210376,
  "2.0": 0.0010835198186219944,
  "3.0": 0.0004873803460715244,
  "4.0": 0.0028910478062579973,
  "5.0": 0.0015083655590905287,
  "6.0": 0.003621304935457393,
  "7.0": 0.0014098932071472908,
  "8.0": 0.0007141859661397571,
  "9.0": 0.0004565957162428773,
  "10.0": 0.002082394111192438,
  "11.0": 0.0,
  "12.0": 0.0034630198174166174,
  "13.0": 0.00024719516542593003,
  "14.0": 0.0012688214664615684,
  "15.0": 0.0008480596860946737,
  "16.0": 0.0,
  "17.0": 0.0,
  "18.0": 0.00024719516542593003,
  "19.0": 0.0009235292392388657,
  "20.0": 0.0010593038161876734,
  "21.0": 0.0,
  "22.0": 0.003921756129113566,
  "23.0": 0.0004565957162428773,
  "24.0": 0.0,
  "25.0": 0.0008480596860946737,
  "26.0": 0.0006026880798575646,
  "27.0": 0.0012541101592377188,
  "28.0": 0.0049265655331801,
  "29.0": 0.0016445877082760809,
  "30.0": 0.004325891103534468,
  "31.0": 0.0007048221417886065,
  "32.0": 0.00042782592435094383,
  "33.0": 0.000533893044030263,
  "34.0": 0.0013395416810054875,
  "35.0": 0.0018833975433963195,
  "36.0": 0.0,
  "37.0": 0.0007141859661397571,
  "38.0": 0.0009212303344155557,
  "39.0": 0.0010153151766663284,
  "40.0": 0.0015007847841388361,
  "41.0": 0.0022119274554086217,
  "42.0": 0.000151234353003023,
  "43.0": 0.001988690355560423,
  "44.0": 0.00316598581823372,
  "45.0": 0.0004075247820018643,
  "46.0": 0.0014489504514772805,
  "47.0": 0.0015619203627006439,
  "48.0": 0.0,
  "49.0": 0.0081813377237846,
  "50.0": 0.0008328970243094987,
  "51.0": 0.001389328141244843,
  "52.0": 0.0010835198186219944,
  "53.0": 0.0024266786538237875,
  "54.0": 0.00038880365967151485,
  "55.0": 0.004568389282547084,
  "56.0": 0.001951964418412317,
  "57.0": 0.0038952521074631045,
  "58.0": 0.0004565957162428773,
  "59.0": 0.004889340340210376,
  "60.0": 0.016814454659656204,
  "61.0": 0.0010153151766663284,
  "62.0": 0.0019047069682667985,
  "63.0": 0.000572469162803132,
  "64.0": 0.0006026880798575646,
  "65.0": 0.0006899677788486066,
  "66.0": 0.002578421403425146,
  "67.0": 0.003485041842391516,
  "68.0": 0.0037342035109565724,
  "69.0": 1.9145220868597965e-05,
  "70.0": 0.00033794394150501035,
  "71.0": 0.002163478596602931,
  "72.0": 0.0029136144990406015,
  "73.0": 0.0032492720497743345,
  "74.0": 0.02388371094508457,
  "75.0": 0.001951964418412317,
  "76.0": 0.001951964418412317,
  "77.0": 0.0022893668950285002,
  "78.0": 0.00036171574432176853,
  "79.0": 0.006216631865535223,
  "80.0": 0.0006321706701260749,
  "81.0": 0.006874745275185666,
  "82.0": 0.003612863678271627,
  "83.0": 0.0023613266062949504,
  "84.0": 0.00020304479604557426,
  "85.0": 0.0016469183911417228,
  "86.0": 0.0011565013770939146,
  "87.0": 0.03607015066881734,
  "88.0": 0.001755311719078513,
  "89.0": 0.00024719516542593003,
  "90.0": 0.0003386628765680553,
  "91.0": 0.0037815738394439387,
  "92.0": 0.003230416305941491,
  "93.0": 0.0022040919843853584,
  "94.0": 0.0010249165281168327,
  "95.0": 0.0025680551226317703,
  "96.0": 0.0,
  "97.0": 0.0007352597602523441,
  "98.0": 0.0001487174695034692,
  "99.0": 0.0,
  "100.0": 0.0004075247820018643,
  "101.0": 9.625858757438078e-06,
  "102.0": 0.0
}