{
  "0.0": 0.00019304458201911486,
  "1.0": 0.0048462827346810915,
  "2.0": 0.0014329118700475714,
  "3.0": 0.0005090426170164768,
  "4.0": 0.0026374191702273164,
  "5.0": 0.002436255243546744,
  "6.0": 0.0023171855830922856,
  "7.0": 0.0023360594067819815,
  "8.0": 0.0005923915028928594,
  "9.0": 0.00043834690395857823,
  "10.0": 0.004259028291152867,
  "11.0": 0.0,
  "12.0": 0.0023588857689716513,
  "13.0": 0.0001655237509367788,
  "14.0": 0.0018162868405260538,
  "15.0": 0.0008375773398013519,
  "16.0": 0.0,
  "17.0": 0.0,
  "18.0": 0.0001655237509367788,
  "19.0": 0.0009267723850885886,
  "20.0": 0.0011863264118672182,
  "21.0": 2.4267132595612503e-06,
  "22.0": 0.003009620008101291,
  "23.0": 0.00043834690395857823,
  "24.0": 0.0,
  "25.0": 0.0008375773398013519,
  "26.0": 0.00041839725914639015,
  "27.0": 0.0020894016836408044,
  "28.0": 0.00513459846615195,
  "29.0": 0.001577395617589172,
  "30.0": 0.002715726709912073,
  "31.0": 0.0005429049266458355,
  "32.0": 0.0005259371679314576,
  "33.0": 0.00037565951663282216,
  "34.0": 0.0010144887403721724,
  "35.0": 0.0031508441249998077,
  "36.0": 0.0,
  "37.0": 0.0005923915028928594,
  "38.0": 0.0017443452062776037,
  "39.0": 0.0016793263397809417,
  "40.0": 0.0022790102550142763,
  "41.0": 0.003361364959792968,
  "42.0": 0.00010117375991301648,
  "43.0": 0.0027830815352394996,
  "44.0": 0.0018326731390384834,
  "45.0": 0.00024814852150605206,
  "46.0": 0.0023219845094848003,
  "47.0": 0.0025646304702411143,
  "48.0": 0.0,
  "49.0": 0.007036476582914856,
  "50.0": 0.0010382655818570166,
  "51.0": 0.0011441139861396493,
  "52.0": 0.0014329118700475714,
  "53.0": 0.003159293271450793,
  "54.0": 0.00024390166647101855,
  "55.0": 0.0028310593548493456,
  "56.0": 0.0018707723153291755,
  "57.0": 0.0036591410417394265,
  "58.0": 0.00043834690395857823,
  "59.0": 0.0048462827346810915,
  "60.0": 0.010195694252054455,
  "61.0": 0.0016793263397809417,
  "62.0": 0.0020423280837622492,
  "63.0": 0.0008199669245364723,
  "64.0": 0.00041839725914639015,
  "65.0": 0.0012770653862115213,
  "66.0": 0.0032368623014222522,
  "67.0": 0.005122059293193277,
  "68.0": 0.005130845302350364,
  "69.0": 3.332010102045238e-05,
  "70.0": 0.00020431262394247446,
  "71.0": 0.002740127478241739,
  "72.0": 0.0016920055789581563,
  "73.0": 0.0024018580128586675,
  "74.0": 0.014998244944971132,
  "75.0": 0.0018707723153291755,
  "76.0": 0.0018707723153291755,
  "77.0": 0.0016583383027865156,
  "78.0": 0.00022364292381817007,
  "79.0": 0.00830433845395574,
  "80.0": 0.0008032439334915757,
  "81.0": 0.009961129753608008,
  "82.0": 0.002264277797769495,
  "83.0": 0.0027444443662291286,
  "84.0": 0.00017148761010299688,
  "85.0": 0.0012981585850739307,
  "86.0": 0.0020153315146629225,
  "87.0": 0.02155448699710395,
  "88.0": 0.002514856520572062,
  "89.0": 0.0001655237509367788,
  "90.0": 0.0004310401574177964,
  "91.0": 0.002537197500501545,
  "92.0": 0.003219622213525005,
  "93.0": 0.0018392987509642839,
  "94.0": 0.001467093708870268,
  "95.0": 0.005300614453532685,
  "96.0": 0.0,
  "97.0": 0.0009802506488706037,
  "98.0": 7.800245959868042e-05,
  "99.0": 0.0,
  "100.0": 0.00024814852150605206,
  "101.0": 2.2795844378776664e-05,
  "102.0": 0.0
}