{
  "0.0": 0.00011170065161631164,
  "1.0": 0.003326308399176932,
  "2.0": 0.0016115528795258211,
  "3.0": 0.0002922925021769732,
  "4.0": 0.001791531802922603,
  "5.0": 0.005385525361944321,
  "6.0": 0.001654079601941526,
  "7.0": 0.001582187824568557,
  "8.0": 0.001155314650119559,
  "9.0": 0.0006717618577000765,
  "10.0": 0.001887377025517678,
  "11.0": 0.0,
  "12.0": 0.0017655965260915197,
  "13.0": 0.00044991530993753365,
  "14.0": 0.004503137467194627,
  "15.0": 0.0012989462270664263,
  "16.0": 0.0,
  "17.0": 0.0,
  "18.0": 0.00044991530993753365,
  "19.0": 0.0008871837285248135,
  "20.0": 0.0010037371456883934,
  "21.0": 6.24878664337022e-06,
  "22.0": 0.002464077995065664,
  "23.0": 0.0006717618577000765,
  "24.0": 0.0,
  "25.0": 0.0012989462270664263,
  "26.0": 0.0006162525767980677,
  "27.0": 0.0014854410799173602,
  "28.0": 0.00663130986003288,
  "29.0": 0.0011420872006269638,
  "30.0": 0.001772482582736869,
  "31.0": 0.00047827952857669063,
  "32.0": 0.0003353764898138231,
  "33.0": 0.00018933962569738915,
  "34.0": 0.0008597722111525148,
  "35.0": 0.0019545731489661075,
  "36.0": 0.0,
  "37.0": 0.001155314650119559,
  "38.0": 0.0008293408786449979,
  "39.0": 0.004464390184198039,
  "40.0": 0.0020343502050910625,
  "41.0": 0.002583552248722206,
  "42.0": 5.306817687415791e-05,
  "43.0": 0.005042502103963086,
  "44.0": 0.0014300033292727226,
  "45.0": 0.0005172929576883682,
  "46.0": 0.0015768269488706447,
  "47.0": 0.005499702606849765,
  "48.0": 0.0,
  "49.0": 0.004266627947069925,
  "50.0": 0.0009247246007219207,
  "51.0": 0.0010305801179854523,
  "52.0": 0.0016115528795258211,
  "53.0": 0.005289836572275612,
  "54.0": 0.0004902424543050796,
  "55.0": 0.0018398602304877038,
  "56.0": 0.0018214430464528646,
  "57.0": 0.0016467763080300856,
  "58.0": 0.0006717618577000765,
  "59.0": 0.003326308399176932,
  "60.0": 0.0057018391621057075,
  "61.0": 0.004464390184198039,
  "62.0": 0.0011138324437487382,
  "63.0": 0.00041025507735580296,
  "64.0": 0.0006162525767980677,
  "65.0": 0.0036386654753529694,
  "66.0": 0.005991775810061204,
  "67.0": 0.007103957679907281,
  "68.0": 0.0032496806450555108,
  "69.0": 3.817183714126897e-05,
  "70.0": 0.00017456512771939756,
  "71.0": 0.005270172922545332,
  "72.0": 0.0012227861169332203,
  "73.0": 0.0011883861364752647,
  "74.0": 0.008522153267735238,
  "75.0": 0.0018214430464528646,
  "76.0": 0.0018214430464528646,
  "77.0": 0.0011196120069402345,
  "78.0": 0.0001385349570129169,
  "79.0": 0.0041298814712578905,
  "80.0": 0.00042318015748865444,
  "81.0": 0.00996400003591425,
  "82.0": 0.0021680056079978363,
  "83.0": 0.0022604815294259765,
  "84.0": 7.284246674045769e-05,
  "85.0": 0.0015141329104049347,
  "86.0": 0.00094535103829122,
  "87.0": 0.011325792899617302,
  "88.0": 0.00216036032758405,
  "89.0": 0.00044991530993753365,
  "90.0": 0.00023681730517541533,
  "91.0": 0.002311637184944703,
  "92.0": 0.0020256464260711995,
  "93.0": 0.0008821395264608595,
  "94.0": 0.0011931396347424068,
  "95.0": 0.0029119768631095475,
  "96.0": 0.0,
  "97.0": 0.0009527613131443424,
  "98.0": 5.54751970015579e-05,
  "99.0": 0.0,
  "100.0": 0.0005172929576883682,
  "101.0": 1.2741032506612006e-05,
  "102.0": 0.0
}