{
  "0.0": 0.0001672723306513573,
  "1.0": 0.006011917112261984,
  "2.0": 0.0019217528719410611,
  "3.0": 0.0005973112681556921,
  "4.0": 0.0034569913751774854,
  "5.0": 0.0032699661254658335,
  "6.0": 0.0016064166387155198,
  "7.0": 0.0030535831907294525,
  "8.0": 0.000704227835060895,
  "9.0": 0.0004899954676735594,
  "10.0": 0.0020143565180903065,
  "11.0": 0.0,
  "12.0": 0.0016479543108029087,
  "13.0": 0.00020372229872443488,
  "14.0": 0.00235347177709432,
  "15.0": 0.0010437173523621765,
  "16.0": 0.0,
  "17.0": 0.0,
  "18.0": 0.00020372229872443488,
  "19.0": 0.0010334360501509862,
  "20.0": 0.0014960916753327144,
  "21.0": 0.0,
  "22.0": 0.0035327765266666917,
  "23.0": 0.0004899954676735594,
  "24.0": 0.0,
  "25.0": 0.0010437173523621765,
  "26.0": 0.00047289142399133425,
  "27.0": 0.002254790134173659,
  "28.0": 0.006412378826665849,
  "29.0": 0.0015930136134223029,
  "30.0": 0.0021332637336230597,
  "31.0": 0.0006905149811287663,
  "32.0": 0.0006757221182122341,
  "33.0": 0.0004876795176215512,
  "34.0": 0.001292940727730746,
  "35.0": 0.002509776459629422,
  "36.0": 0.0,
  "37.0": 0.000704227835060895,
  "38.0": 0.0008717086855004057,
  "39.0": 0.002146738858408599,
  "40.0": 0.0014013263903946342,
  "41.0": 0.0027865898199280065,
  "42.0": 4.55493090335098e-05,
  "43.0": 0.003776176519065787,
  "44.0": 0.0010764916865537515,
  "45.0": 0.00031421753803374423,
  "46.0": 0.001438327823730617,
  "47.0": 0.003453327731880271,
  "48.0": 0.0,
  "49.0": 0.00511889494204873,
  "50.0": 0.0009325333076307884,
  "51.0": 0.001466216003013422,
  "52.0": 0.0019217528719410611,
  "53.0": 0.004202348010481744,
  "54.0": 0.0002406731630641775,
  "55.0": 0.002278499198034498,
  "56.0": 0.0019887163861164064,
  "57.0": 0.004859230998226905,
  "58.0": 0.0004899954676735594,
  "59.0": 0.006011917112261984,
  "60.0": 0.005274535757667001,
  "61.0": 0.002146738858408599,
  "62.0": 0.0024762692459474357,
  "63.0": 0.0010658142420626778,
  "64.0": 0.00047289142399133425,
  "65.0": 0.0016769751887331951,
  "66.0": 0.003823931497376117,
  "67.0": 0.006385023383212333,
  "68.0": 0.004447451247284785,
  "69.0": 4.4660339368288336e-05,
  "70.0": 0.0002707983446813849,
  "71.0": 0.0033214220389434167,
  "72.0": 0.0022613404682575375,
  "73.0": 0.0018069609703794327,
  "74.0": 0.00938181401535348,
  "75.0": 0.0019887163861164064,
  "76.0": 0.0019887163861164064,
  "77.0": 0.002022669806914746,
  "78.0": 0.0002995101766304156,
  "79.0": 0.006388082658701792,
  "80.0": 0.0005441082872071931,
  "81.0": 0.008451881038376075,
  "82.0": 0.0015197703287375013,
  "83.0": 0.0031562661923796513,
  "84.0": 0.0001886484641947111,
  "85.0": 0.0016804483704007576,
  "86.0": 0.0010638086268158842,
  "87.0": 0.012379278181158752,
  "88.0": 0.0016853407112143212,
  "89.0": 0.00020372229872443488,
  "90.0": 0.0004946209145836136,
  "91.0": 0.0018826745032504738,
  "92.0": 0.004241101321201051,
  "93.0": 0.0024636961470002657,
  "94.0": 0.0018790799408094007,
  "95.0": 0.003385936669356979,
  "96.0": 0.0,
  "97.0": 0.0007723362006814084,
  "98.0": 0.00010269035357207873,
  "99.0": 0.0,
  "100.0": 0.00031421753803374423,
  "101.0": 8.598444693767164e-06,
  "102.0": 0.0
}