{
  "0.0": 7.834818768973199e-05,
  "1.0": 0.004182438410073741,
  "2.0": 0.0008557257743740563,
  "3.0": 0.00023406423033063922,
  "4.0": 0.0025592113632329954,
  "5.0": 0.0012987730859504753,
  "6.0": 0.0011548372125020033,
  "7.0": 0.002375312510793537,
  "8.0": 0.0004654510154888143,
  "9.0": 0.00038976204698770375,
  "10.0": 0.007522073849006893,
  "11.0": 0.0,
  "12.0": 0.0014217828822811784,
  "13.0": 7.35369805375225e-05,
  "14.0": 0.0008063148355337109,
  "15.0": 0.0005952080232517602,
  "16.0": 0.0,
  "17.0": 0.0,
  "18.0": 7.35369805375225e-05,
  "19.0": 0.0009287085423570991,
  "20.0": 0.000501481023439401,
  "21.0": 3.0481886065220584e-06,
  "22.0": 0.0022394482860139796,
  "23.0": 0.00038976204698770375,
  "24.0": 0.0,
  "25.0": 0.0005952080232517602,
  "26.0": 0.0001806190648581317,
  "27.0": 0.0022956690407791797,
  "28.0": 0.004010832411517803,
  "29.0": 0.0012962884307088358,
  "30.0": 0.0019526009400323114,
  "31.0": 0.0005608833523083748,
  "32.0": 0.0007964077159970006,
  "33.0": 0.0004394662978330044,
  "34.0": 0.0010178231006988808,
  "35.0": 0.004131250691758991,
  "36.0": 0.0,
  "37.0": 0.0004654510154888143,
  "38.0": 0.003110538677297248,
  "39.0": 0.0009625663663270689,
  "40.0": 0.0036817699826256875,
  "41.0": 0.004255710677964455,
  "42.0": 3.7609311044002605e-05,
  "43.0": 0.0032055484721319346,
  "44.0": 0.0009620204951869111,
  "45.0": 0.00010852768536073443,
  "46.0": 0.0037116854830617683,
  "47.0": 0.0013395119625962046,
  "48.0": 0.0,
  "49.0": 0.006445997594430384,
  "50.0": 0.0004941708482705088,
  "51.0": 0.0013102796866937725,
  "52.0": 0.0008557257743740563,
  "53.0": 0.0019656793982910175,
  "54.0": 0.00010488948338919037,
  "55.0": 0.001998194040008644,
  "56.0": 0.0016766267396309265,
  "57.0": 0.003327771047623925,
  "58.0": 0.00038976204698770375,
  "59.0": 0.004182438410073741,
  "60.0": 0.005178191764158516,
  "61.0": 0.0009625663663270689,
  "62.0": 0.0019170404685556952,
  "63.0": 0.00036210947159681585,
  "64.0": 0.0001806190648581317,
  "65.0": 0.0005869568225191598,
  "66.0": 0.002290073573723918,
  "67.0": 0.00429402746991412,
  "68.0": 0.006245428080828652,
  "69.0": 2.2911551165759467e-05,
  "70.0": 0.0001577153647002004,
  "71.0": 0.00206106382043844,
  "72.0": 0.00136073291993109,
  "73.0": 0.0011743547684074456,
  "74.0": 0.009426484915249191,
  "75.0": 0.0016766267396309265,
  "76.0": 0.0016766267396309265,
  "77.0": 0.0012248084166301728,
  "78.0": 0.00011067729159095854,
  "79.0": 0.012391207535934892,
  "80.0": 0.000378256717605023,
  "81.0": 0.012611714250698342,
  "82.0": 0.0013677148430193433,
  "83.0": 0.0032000516549934655,
  "84.0": 0.0001972518461413756,
  "85.0": 0.0013859686551948832,
  "86.0": 0.003286789277373797,
  "87.0": 0.012525214933554144,
  "88.0": 0.0038361454692672327,
  "89.0": 7.35369805375225e-05,
  "90.0": 0.00019907352550742728,
  "91.0": 0.001497471850782289,
  "92.0": 0.0028083770494136424,
  "93.0": 0.0019328447923200943,
  "94.0": 0.0008577992339406165,
  "95.0": 0.008448465349634773,
  "96.0": 0.0,
  "97.0": 0.000666872626505871,
  "98.0": 3.499070482321192e-05,
  "99.0": 0.0,
  "100.0": 0.00010852768536073443,
  "101.0": 6.256808192334752e-06,
  "102.0": 0.0
}