{
  "0.0": 0.00023736227391541595,
  "1.0": 0.005670278525467803,
  "2.0": 0.0019217029699055265,
  "3.0": 0.0004683863016148663,
  "4.0": 0.0024655761187576523,
  "5.0": 0.002419259949779965,
  "6.0": 0.0036098276446882055,
  "7.0": 0.003369125157100302,
  "8.0": 0.0007045735472212877,
  "9.0": 0.00044217604462051254,
  "10.0": 0.0021343973617003347,
  "11.0": 0.0,
  "12.0": 0.003415338378268572,
  "13.0": 0.00028368441126090844,
  "14.0": 0.001124624140865387,
  "15.0": 0.0008024759986669478,
  "16.0": 0.0,
  "17.0": 0.0,
  "18.0": 0.00028368441126090844,
  "19.0": 0.0009543263456382819,
  "20.0": 0.0019557876452603582,
  "21.0": 6.096377213044117e-06,
  "22.0": 0.002480252437940092,
  "23.0": 0.00044217604462051254,
  "24.0": 0.0,
  "25.0": 0.0008024759986669478,
  "26.0": 0.0006244725566140585,
  "27.0": 0.002923751362126357,
  "28.0": 0.004576999985655043,
  "29.0": 0.0016990100441420077,
  "30.0": 0.003659404755972814,
  "31.0": 0.0006231320489918303,
  "32.0": 0.0007736376218732243,
  "33.0": 0.00021172141470815435,
  "34.0": 0.0007516308619675136,
  "35.0": 0.005166714911782036,
  "36.0": 0.0,
  "37.0": 0.0007045735472212877,
  "38.0": 0.0029750636281184895,
  "39.0": 0.001001057212662347,
  "40.0": 0.003604197750638102,
  "41.0": 0.005570991738613657,
  "42.0": 8.073023867925053e-05,
  "43.0": 0.002330210602865281,
  "44.0": 0.0031895886718025937,
  "45.0": 0.00042841813458716375,
  "46.0": 0.0036997488323346666,
  "47.0": 0.0026405031623167683,
  "48.0": 0.0,
  "49.0": 0.010164843411885378,
  "50.0": 0.0014601522632894425,
  "51.0": 0.0007246704684533428,
  "52.0": 0.0019217029699055265,
  "53.0": 0.002742078655047927,
  "54.0": 0.0003231067980516379,
  "55.0": 0.0038757046465826305,
  "56.0": 0.0019466399076547008,
  "57.0": 0.0038777344548189202,
  "58.0": 0.00044217604462051254,
  "59.0": 0.005670278525467803,
  "60.0": 0.01731522659184992,
  "61.0": 0.001001057212662347,
  "62.0": 0.0021633930012755803,
  "63.0": 0.0014035698031247715,
  "64.0": 0.0006244725566140585,
  "65.0": 0.0007062155863483939,
  "66.0": 0.002581387103236639,
  "67.0": 0.005832376962894791,
  "68.0": 0.0076159852866213296,
  "69.0": 5.660299029402412e-05,
  "70.0": 0.00010891405139636817,
  "71.0": 0.002076574283317534,
  "72.0": 0.0009738682981716525,
  "73.0": 0.00423881033003897,
  "74.0": 0.025138771743694433,
  "75.0": 0.0019466399076547008,
  "76.0": 0.0019466399076547008,
  "77.0": 0.0013040128361014782,
  "78.0": 0.00014916995607413733,
  "79.0": 0.005833461325196844,
  "80.0": 0.0012664538163132347,
  "81.0": 0.007326399450881998,
  "82.0": 0.0036059607603367324,
  "83.0": 0.003458728316423033,
  "84.0": 0.0002272276678555515,
  "85.0": 0.0009870679710541179,
  "86.0": 0.003375646641703338,
  "87.0": 0.012110163557531221,
  "88.0": 0.004059688370344149,
  "89.0": 0.00028368441126090844,
  "90.0": 0.00033526472536107605,
  "91.0": 0.003738699652999788,
  "92.0": 0.0038143184893825455,
  "93.0": 0.0018021391396435377,
  "94.0": 0.0018688600253512076,
  "95.0": 0.003512707513122147,
  "96.0": 0.0,
  "97.0": 0.0013503387651906296,
  "98.0": 0.00013312157625379028,
  "99.0": 0.0,
  "100.0": 0.00042841813458716375,
  "101.0": 4.130785188852106e-05,
  "102.0": 0.0
}