{
  "0.0": 0.00016405253303695535,
  "1.0": 0.005615458401492509,
  "2.0": 0.001663990114352005,
  "3.0": 0.0005033515982038357,
  "4.0": 0.003125996830427433,
  "5.0": 0.001957043542118816,
  "6.0": 0.0029028694588291814,
  "7.0": 0.002773669367847832,
  "8.0": 0.0004590831945550973,
  "9.0": 0.00025801022716443253,
  "10.0": 0.005713694973770841,
  "11.0": 0.0,
  "12.0": 0.002770586351767254,
  "13.0": 0.0002000373327110581,
  "14.0": 0.0012061793036397318,
  "15.0": 0.0007757577421376122,
  "16.0": 0.0,
  "17.0": 0.0,
  "18.0": 0.0002000373327110581,
  "19.0": 0.0008529391711025016,
  "20.0": 0.0014263214401668534,
  "21.0": 2.048782506023023e-06,
  "22.0": 0.0031614314285509414,
  "23.0": 0.00025801022716443253,
  "24.0": 0.0,
  "25.0": 0.0007757577421376122,
  "26.0": 0.00038816867088677977,
  "27.0": 0.0019422187339766198,
  "28.0": 0.004980482216537145,
  "29.0": 0.0015388568735848595,
  "30.0": 0.003552878528157178,
  "31.0": 0.0007328954040017974,
  "32.0": 0.0007386626434182183,
  "33.0": 0.0004911078928832044,
  "34.0": 0.001260001245851781,
  "35.0": 0.0038750660644379827,
  "36.0": 0.0,
  "37.0": 0.0004590831945550973,
  "38.0": 0.002345649531391943,
  "39.0": 0.0008595430724896662,
  "40.0": 0.0027820562062362765,
  "41.0": 0.0041715005448362645,
  "42.0": 4.2609139486365375e-05,
  "43.0": 0.0024096458996912596,
  "44.0": 0.002328438677288876,
  "45.0": 0.0002326347598485518,
  "46.0": 0.0027457380390457117,
  "47.0": 0.0021219141204124573,
  "48.0": 0.0,
  "49.0": 0.008647376371330263,
  "50.0": 0.0008129887684528636,
  "51.0": 0.0011852782254124976,
  "52.0": 0.001663990114352005,
  "53.0": 0.0030899959910165595,
  "54.0": 0.00023412785019869616,
  "55.0": 0.003613089980375851,
  "56.0": 0.0016652068205362412,
  "57.0": 0.004810400975513228,
  "58.0": 0.00025801022716443253,
  "59.0": 0.005615458401492509,
  "60.0": 0.012711438395556822,
  "61.0": 0.0008595430724896662,
  "62.0": 0.0024069355879316285,
  "63.0": 0.0010066915680031312,
  "64.0": 0.00038816867088677977,
  "65.0": 0.0006205350515393021,
  "66.0": 0.0023395852660756267,
  "67.0": 0.004793612239017194,
  "68.0": 0.006083930853283421,
  "69.0": 3.402119042756252e-05,
  "70.0": 0.00029051693511158435,
  "71.0": 0.0020133683556140163,
  "72.0": 0.0022186613318501405,
  "73.0": 0.0032915734726386404,
  "74.0": 0.01942031360672525,
  "75.0": 0.0016652068205362412,
  "76.0": 0.0016652068205362412,
  "77.0": 0.0019527389884092187,
  "78.0": 0.000308512947870666,
  "79.0": 0.01038264964271312,
  "80.0": 0.00044567586233111226,
  "81.0": 0.011150199595771536,
  "82.0": 0.00264913110727248,
  "83.0": 0.0028043978248129134,
  "84.0": 0.00019192299859819854,
  "85.0": 0.0013863511928031626,
  "86.0": 0.0025989199824251728,
  "87.0": 0.012409466377927048,
  "88.0": 0.0030123720466291148,
  "89.0": 0.0002000373327110581,
  "90.0": 0.0004746566139349573,
  "91.0": 0.0030126349692783804,
  "92.0": 0.0039361669355026125,
  "93.0": 0.002418321104876401,
  "94.0": 0.0016275249199143552,
  "95.0": 0.0070568126009575155,
  "96.0": 0.0,
  "97.0": 0.000510938572189711,
  "98.0": 2.8694984268878397e-05,
  "99.0": 0.0,
  "100.0": 0.0002326347598485518,
  "101.0": 8.518621998727304e-06,
  "102.0": 0.0
}