{
  "0.0": 0.00011510176042788073,
  "1.0": 0.004631182092445536,
  "2.0": 0.0007759236871883362,
  "3.0": 0.0003750896681734151,
  "4.0": 0.0028397161324652275,
  "5.0": 0.0028583151681987194,
  "6.0": 0.0033435095106764522,
  "7.0": 0.00121210239506187,
  "8.0": 0.0004146561358187929,
  "9.0": 0.0003460707193226736,
  "10.0": 0.007510225569757117,
  "11.0": 0.0,
  "12.0": 0.003379718120301875,
  "13.0": 9.783038665607314e-05,
  "14.0": 0.0025803163670181386,
  "15.0": 0.0005301799791519431,
  "16.0": 0.0,
  "17.0": 0.0,
  "18.0": 9.783038665607314e-05,
  "19.0": 0.0009579915784732928,
  "20.0": 0.0006539456661044716,
  "21.0": 3.0481886065220584e-06,
  "22.0": 0.0037365780713675386,
  "23.0": 0.0003460707193226736,
  "24.0": 0.0,
  "25.0": 0.0005301799791519431,
  "26.0": 0.0003281512413363842,
  "27.0": 0.0018882534657746993,
  "28.0": 0.006705359952289329,
  "29.0": 0.0014965047173501082,
  "30.0": 0.0034226943208289537,
  "31.0": 0.0006298125970531994,
  "32.0": 0.00031523079754088013,
  "33.0": 0.0001953959744593326,
  "34.0": 0.0005025386374452231,
  "35.0": 0.00408467607873109,
  "36.0": 0.0,
  "37.0": 0.0004146561358187929,
  "38.0": 0.003083334462316614,
  "39.0": 0.002510117281371519,
  "40.0": 0.003486025190764046,
  "41.0": 0.004202032512931562,
  "42.0": 7.414897580976383e-05,
  "43.0": 0.0030725368646997184,
  "44.0": 0.003052134737263771,
  "45.0": 0.0002481005246046897,
  "46.0": 0.0036775966244557484,
  "47.0": 0.002926362962652588,
  "48.0": 0.0,
  "49.0": 0.011908132048757514,
  "50.0": 0.0013440429429248497,
  "51.0": 0.0006813306485332492,
  "52.0": 0.0007759236871883362,
  "53.0": 0.003077728905244772,
  "54.0": 0.00013692831876965068,
  "55.0": 0.0036445306260611313,
  "56.0": 0.001756074899360342,
  "57.0": 0.003161287045456065,
  "58.0": 0.0003460707193226736,
  "59.0": 0.004631182092445536,
  "60.0": 0.006061208570624539,
  "61.0": 0.002510117281371519,
  "62.0": 0.002415905662936903,
  "63.0": 0.0005053095328766575,
  "64.0": 0.0003281512413363842,
  "65.0": 0.00226227664065016,
  "66.0": 0.004126043536160898,
  "67.0": 0.005081611329369338,
  "68.0": 0.006217219719109548,
  "69.0": 4.109499194764062e-05,
  "70.0": 0.00023473782970233074,
  "71.0": 0.00364647017609802,
  "72.0": 0.0022207853745320563,
  "73.0": 0.003193665926161597,
  "74.0": 0.010727207387883908,
  "75.0": 0.001756074899360342,
  "76.0": 0.001756074899360342,
  "77.0": 0.002273732515605485,
  "78.0": 0.00033897156779618087,
  "79.0": 0.012429897348134804,
  "80.0": 0.0012149571670579354,
  "81.0": 0.016030642037915953,
  "82.0": 0.003328425138312668,
  "83.0": 0.00220295695140937,
  "84.0": 0.00014533548239805557,
  "85.0": 0.0007499160650293685,
  "86.0": 0.003328922720235513,
  "87.0": 0.03547169205975374,
  "88.0": 0.003794953058656219,
  "89.0": 9.783038665607314e-05,
  "90.0": 0.0002306256037610311,
  "91.0": 0.0034787854228632144,
  "92.0": 0.003088781841619535,
  "93.0": 0.0022645812661791147,
  "94.0": 0.0007873889874239113,
  "95.0": 0.00801791838714936,
  "96.0": 0.0,
  "97.0": 0.0013136548159664325,
  "98.0": 0.00014446406441238403,
  "99.0": 0.0,
  "100.0": 0.0002481005246046897,
  "101.0": 3.505104369618631e-05,
  "102.0": 0.0
}