{
  "0.0": 7.129610940595708e-05,
  "1.0": 0.0039051517380787977,
  "2.0": 0.0006544208459822136,
  "3.0": 0.000190575979268904,
  "4.0": 0.0013048566945248715,
  "5.0": 0.0011505262915173222,
  "6.0": 0.0010002792379897722,
  "7.0": 0.0011048480425252477,
  "8.0": 0.00025709744545559653,
  "9.0": 0.00019724858393915475,
  "10.0": 0.002387694264782516,
  "11.0": 0.0,
  "12.0": 0.0010342176223230263,
  "13.0": 7.300420181827381e-05,
  "14.0": 0.0007999785727489746,
  "15.0": 0.00034421208663504163,
  "16.0": 0.0,
  "17.0": 0.0,
  "18.0": 7.300420181827381e-05,
  "19.0": 0.0014034654407495382,
  "20.0": 0.0005316597280571978,
  "21.0": 0.0,
  "22.0": 0.0029142454667620533,
  "23.0": 0.00019724858393915475,
  "24.0": 0.0,
  "25.0": 0.00034421208663504163,
  "26.0": 0.0001633101996059007,
  "27.0": 0.0024925407894180926,
  "28.0": 0.003976244757345398,
  "29.0": 0.002194939665204454,
  "30.0": 0.0012051095889956025,
  "31.0": 0.0002677787329122728,
  "32.0": 0.0004264371741429453,
  "33.0": 0.0001709572328656945,
  "34.0": 0.0004552551917911757,
  "35.0": 0.001565403975329687,
  "36.0": 0.0,
  "37.0": 0.00025709744545559653,
  "38.0": 0.0009998058629392354,
  "39.0": 0.0007804686706537085,
  "40.0": 0.001191071724960405,
  "41.0": 0.0016252528368461284,
  "42.0": 3.762975465503206e-05,
  "43.0": 0.0013983034298924348,
  "44.0": 0.0008550238277062021,
  "45.0": 0.00010516943050177563,
  "46.0": 0.00119705444687839,
  "47.0": 0.0011841926462682474,
  "48.0": 0.0,
  "49.0": 0.004899040693604354,
  "50.0": 0.0019041961600128532,
  "51.0": 0.0005213588048079316,
  "52.0": 0.0006544208459822136,
  "53.0": 0.0014068248069570265,
  "54.0": 9.747861617147383e-05,
  "55.0": 0.0012372748176791043,
  "56.0": 0.002345887286311132,
  "57.0": 0.001784249328132303,
  "58.0": 0.00019724858393915475,
  "59.0": 0.0039051517380787977,
  "60.0": 0.0068818793063633,
  "61.0": 0.0007804686706537085,
  "62.0": 0.0020618873766471016,
  "63.0": 0.000413670097436631,
  "64.0": 0.0001633101996059007,
  "65.0": 0.0006285406556998876,
  "66.0": 0.0030290879593196096,
  "67.0": 0.0040199942306363545,
  "68.0": 0.004088969876303878,
  "69.0": 8.062950507574477e-06,
  "70.0": 8.979047087810014e-05,
  "71.0": 0.002511895797809589,
  "72.0": 0.0008783579619585265,
  "73.0": 0.0011182039256557236,
  "74.0": 0.008842303473944586,
  "75.0": 0.002345887286311132,
  "76.0": 0.002345887286311132,
  "77.0": 0.0018753702019847628,
  "78.0": 0.00010166766443745785,
  "79.0": 0.005805882308419055,
  "80.0": 0.0017640675992439466,
  "81.0": 0.006342639787460164,
  "82.0": 0.001006951842660023,
  "83.0": 0.002843468296309175,
  "84.0": 0.000280560391791403,
  "85.0": 0.0005812076663243735,
  "86.0": 0.0010711019723451923,
  "87.0": 0.010437711407352765,
  "88.0": 0.001256903308394832,
  "89.0": 7.300420181827381e-05,
  "90.0": 0.00015841075058540215,
  "91.0": 0.0010940664838394684,
  "92.0": 0.0015860915817967236,
  "93.0": 0.0010204934694062716,
  "94.0": 0.0006527127535698971,
  "95.0": 0.0028366756987816765,
  "96.0": 0.0,
  "97.0": 0.0018828499916671232,
  "98.0": 3.216522868350183e-05,
  "99.0": 0.0,
  "100.0": 0.00010516943050177563,
  "101.0": 1.3155340301832041e-05,
  "102.0": 0.0
}