{
  "0.0": 0.0001876099042309746,
  "1.0": 0.003984866977796737,
  "2.0": 0.0011354383797319374,
  "3.0": 0.000626472089291226,
  "4.0": 0.002351951308474307,
  "5.0": 0.0024607803832580656,
  "6.0": 0.0016654841221335438,
  "7.0": 0.002216104084041368,
  "8.0": 0.0005864305140325727,
  "9.0": 0.00038072381826883395,
  "10.0": 0.005679161155179913,
  "11.0": 0.0,
  "12.0": 0.0015335750177336723,
  "13.0": 0.00020721044974504903,
  "14.0": 0.0023887854454902,
  "15.0": 0.0009208123876693437,
  "16.0": 0.0,
  "17.0": 0.0,
  "18.0": 0.00020721044974504903,
  "19.0": 0.00086626006082876,
  "20.0": 0.0008817086393548687,
  "21.0": 2.048782506023023e-06,
  "22.0": 0.0023939704926694183,
  "23.0": 0.00038072381826883395,
  "24.0": 0.0,
  "25.0": 0.0009208123876693437,
  "26.0": 0.0004982155642929871,
  "27.0": 0.002091870566257144,
  "28.0": 0.005391327612414231,
  "29.0": 0.0015910768596486796,
  "30.0": 0.0021732817883623854,
  "31.0": 0.0005032398149619679,
  "32.0": 0.0006735008785906286,
  "33.0": 0.0004962549491630366,
  "34.0": 0.0013001782623737034,
  "35.0": 0.0033373641639270635,
  "36.0": 0.0,
  "37.0": 0.0005864305140325727,
  "38.0": 0.0023626049728210996,
  "39.0": 0.002034073705412995,
  "40.0": 0.0028359428644319142,
  "41.0": 0.0036235321362909786,
  "42.0": 6.009569122469032e-05,
  "43.0": 0.0035949842908843672,
  "44.0": 0.0011206207822066477,
  "45.0": 0.0003255661135902722,
  "46.0": 0.002914137125112007,
  "47.0": 0.0026373252887161827,
  "48.0": 0.0,
  "49.0": 0.005784811918199739,
  "50.0": 0.0009356704177907379,
  "51.0": 0.0013310063763612937,
  "52.0": 0.0011354383797319374,
  "53.0": 0.003510940095091034,
  "54.0": 0.00025234568744147957,
  "55.0": 0.0023263776773097375,
  "56.0": 0.0018276116694000092,
  "57.0": 0.003160856449211976,
  "58.0": 0.00038072381826883395,
  "59.0": 0.003984866977796737,
  "60.0": 0.012933268212709095,
  "61.0": 0.002034073705412995,
  "62.0": 0.0015712478292731577,
  "63.0": 0.00048149617794593683,
  "64.0": 0.0004982155642929871,
  "65.0": 0.0017060155185662615,
  "66.0": 0.003659433277068841,
  "67.0": 0.0053732567125575415,
  "68.0": 0.00548633696387548,
  "69.0": 4.944083188234206e-05,
  "70.0": 0.00022296746590014086,
  "71.0": 0.0030566441148145453,
  "72.0": 0.0013389686629748537,
  "73.0": 0.001097866561979045,
  "74.0": 0.01779442496752717,
  "75.0": 0.0018276116694000092,
  "76.0": 0.0018276116694000092,
  "77.0": 0.0012326784939790225,
  "78.0": 0.0001262839218490036,
  "79.0": 0.00941123829022377,
  "80.0": 0.0005631319969061433,
  "81.0": 0.011720475144724622,
  "82.0": 0.0014019730077091785,
  "83.0": 0.0029639906192566482,
  "84.0": 0.00018782959097370466,
  "85.0": 0.0015367130721250324,
  "86.0": 0.002640845748500778,
  "87.0": 0.012539715776757618,
  "88.0": 0.0031854048610684823,
  "89.0": 0.00020721044974504903,
  "90.0": 0.0005159213111832333,
  "91.0": 0.0017597695385576412,
  "92.0": 0.002398579137164844,
  "93.0": 0.0015596004708635655,
  "94.0": 0.001100088790608231,
  "95.0": 0.006253675761834903,
  "96.0": 0.0,
  "97.0": 0.0006456951328360098,
  "98.0": 0.00011055077810799258,
  "99.0": 0.0,
  "100.0": 0.0003255661135902722,
  "101.0": 1.4960453528259707e-05,
  "102.0": 0.0
}