{
  "0.0": 0.00020657608790644933,
  "1.0": 0.004927211306132052,
  "2.0": 0.0015488658510962995,
  "3.0": 0.0005146217356090059,
  "4.0": 0.0024249329005510177,
  "5.0": 0.0026878942911439307,
  "6.0": 0.002552096421321633,
  "7.0": 0.002048259398069461,
  "8.0": 0.0006021678440446819,
  "9.0": 0.00043072231857045807,
  "10.0": 0.0021449413579236695,
  "11.0": 0.0,
  "12.0": 0.0026010676190522408,
  "13.0": 0.0001728671202116746,
  "14.0": 0.0019932357981251496,
  "15.0": 0.000879786056493006,
  "16.0": 0.0,
  "17.0": 0.0,
  "18.0": 0.0001728671202116746,
  "19.0": 0.0010346795346609938,
  "20.0": 0.0012749410374911425,
  "21.0": 1.5240943032610292e-06,
  "22.0": 0.0033792766590241734,
  "23.0": 0.00043072231857045807,
  "24.0": 0.0,
  "25.0": 0.000879786056493006,
  "26.0": 0.0004090719224242332,
  "27.0": 0.0017851019005255082,
  "28.0": 0.005261137207138468,
  "29.0": 0.0017933545867055197,
  "30.0": 0.0030880637629954106,
  "31.0": 0.00046467545864422205,
  "32.0": 0.0003827166956655305,
  "33.0": 0.0004338073612189044,
  "34.0": 0.0011475817201264402,
  "35.0": 0.003459829323285643,
  "36.0": 0.0,
  "37.0": 0.0006021678440446819,
  "38.0": 0.0019480923786945813,
  "39.0": 0.001837885717623899,
  "40.0": 0.00253419699705675,
  "41.0": 0.0037022145108752892,
  "42.0": 0.00010144251713297438,
  "43.0": 0.0025946514226219625,
  "44.0": 0.001993867005225761,
  "45.0": 0.00021522926217927376,
  "46.0": 0.0025174256025138507,
  "47.0": 0.0028388809554856,
  "48.0": 0.0,
  "49.0": 0.007991412791086288,
  "50.0": 0.0011160411663435508,
  "51.0": 0.0012402715427339431,
  "52.0": 0.0015488658510962995,
  "53.0": 0.0036096019278511592,
  "54.0": 0.0002615762096831591,
  "55.0": 0.0031509680455721815,
  "56.0": 0.002069682689213335,
  "57.0": 0.003649451366224689,
  "58.0": 0.00043072231857045807,
  "59.0": 0.004927211306132052,
  "60.0": 0.00574051342017423,
  "61.0": 0.001837885717623899,
  "62.0": 0.0019397075875745302,
  "63.0": 0.0008568136624075547,
  "64.0": 0.0004090719224242332,
  "65.0": 0.001378070902407158,
  "66.0": 0.003633997145314137,
  "67.0": 0.005212413678487235,
  "68.0": 0.005785014803424508,
  "69.0": 3.299174457934454e-05,
  "70.0": 0.0002244479152697737,
  "71.0": 0.00307406527886673,
  "72.0": 0.0019280646123337258,
  "73.0": 0.002750652566139043,
  "74.0": 0.009961133134375454,
  "75.0": 0.002069682689213335,
  "76.0": 0.002069682689213335,
  "77.0": 0.0018769844691199605,
  "78.0": 0.0002442962143938324,
  "79.0": 0.005798020729477081,
  "80.0": 0.0008532333219977969,
  "81.0": 0.007278998732031563,
  "82.0": 0.002490540376925966,
  "83.0": 0.0025270531754021095,
  "84.0": 0.00013783106119695418,
  "85.0": 0.0014117170682081672,
  "86.0": 0.002237329935955238,
  "87.0": 0.023701037693007312,
  "88.0": 0.002737642145692428,
  "89.0": 0.0001728671202116746,
  "90.0": 0.00047516263040952287,
  "91.0": 0.002802995030591685,
  "92.0": 0.003067549764463417,
  "93.0": 0.001618456988914897,
  "94.0": 0.0015938447311354964,
  "95.0": 0.003279770657737934,
  "96.0": 0.0,
  "97.0": 0.0010501132018884106,
  "98.0": 3.945910519948289e-05,
  "99.0": 0.0,
  "100.0": 0.00021522926217927376,
  "101.0": 1.2733427661489787e-05,
  "102.0": 0.0
}