{
  "0.0": 0.00021687324139257828,
  "1.0": 0.005029707139247394,
  "2.0": 0.0006879160591360449,
  "3.0": 0.00038015102481690554,
  "4.0": 0.0039021327822992957,
  "5.0": 0.0026826870029426045,
  "6.0": 0.0013999092943204473,
  "7.0": 0.002327559994818335,
  "8.0": 0.00043049385251897447,
  "9.0": 0.0003436703315635244,
  "10.0": 0.007345558101402964,
  "11.0": 0.0,
  "12.0": 0.0014045717142170165,
  "13.0": 9.945589793517895e-05,
  "14.0": 0.002408501723387867,
  "15.0": 0.0005584604866243742,
  "16.0": 0.0,
  "17.0": 0.0,
  "18.0": 9.945589793517895e-05,
  "19.0": 0.00047400312730195887,
  "20.0": 0.0006914624323239196,
  "21.0": 3.0481886065220584e-06,
  "22.0": 0.0030662661847042955,
  "23.0": 0.0003436703315635244,
  "24.0": 0.0,
  "25.0": 0.0005584604866243742,
  "26.0": 0.00033900791166695585,
  "27.0": 0.0022342379326927664,
  "28.0": 0.007050109802733423,
  "29.0": 0.0009447042618060456,
  "30.0": 0.0016000326814801843,
  "31.0": 0.0008764602226940411,
  "32.0": 0.0006795357386079263,
  "33.0": 0.00024432511685934153,
  "34.0": 0.0006670979329320925,
  "35.0": 0.00415375691514431,
  "36.0": 0.0,
  "37.0": 0.00043049385251897447,
  "38.0": 0.0031628600756007695,
  "39.0": 0.002459634157016546,
  "40.0": 0.0035459292650113334,
  "41.0": 0.004289351453804112,
  "42.0": 5.5984098472943813e-05,
  "43.0": 0.003965725719515223,
  "44.0": 0.0010372199097369783,
  "45.0": 0.00013476704725410646,
  "46.0": 0.0037200173649800917,
  "47.0": 0.002916524249266185,
  "48.0": 0.0,
  "49.0": 0.008414493788906626,
  "50.0": 0.0005403400102334596,
  "51.0": 0.0007070715021475882,
  "52.0": 0.0006879160591360449,
  "53.0": 0.0032574438233029584,
  "54.0": 0.00014280761942839397,
  "55.0": 0.001635343830799112,
  "56.0": 0.0010715013519769915,
  "57.0": 0.00441897794257985,
  "58.0": 0.0003436703315635244,
  "59.0": 0.005029707139247394,
  "60.0": 0.005368830415095583,
  "61.0": 0.002459634157016546,
  "62.0": 0.0028599067174222763,
  "63.0": 0.0003816399632231762,
  "64.0": 0.00033900791166695585,
  "65.0": 0.0020555273124086707,
  "66.0": 0.003344616234477372,
  "67.0": 0.005429984733281352,
  "68.0": 0.00542440302870882,
  "69.0": 4.654474988792242e-05,
  "70.0": 0.0002656400922834838,
  "71.0": 0.0028845211497625428,
  "72.0": 0.002245555171676932,
  "73.0": 0.001234258949883967,
  "74.0": 0.008764321122261396,
  "75.0": 0.0010715013519769915,
  "76.0": 0.0010715013519769915,
  "77.0": 0.0017615074166484471,
  "78.0": 0.00038543815361495804,
  "79.0": 0.012891478437979949,
  "80.0": 0.0005297907195854592,
  "81.0": 0.01612036093610791,
  "82.0": 0.0013634286010670669,
  "83.0": 0.0025808814989790574,
  "84.0": 0.00011654286159479636,
  "85.0": 0.0007938950231030383,
  "86.0": 0.003514574369636541,
  "87.0": 0.011925066041980157,
  "88.0": 0.0038556119036398944,
  "89.0": 9.945589793517895e-05,
  "90.0": 0.00034483987549797804,
  "91.0": 0.0014913952351724667,
  "92.0": 0.0042060583113238586,
  "93.0": 0.00325479987569878,
  "94.0": 0.0008240914863258878,
  "95.0": 0.008000439096418281,
  "96.0": 0.0,
  "97.0": 0.0006212766604374776,
  "98.0": 3.531114931892748e-05,
  "99.0": 0.0,
  "100.0": 0.00013476704725410646,
  "101.0": 1.2632376979728804e-05,
  "102.0": 0.0
}