{
  "0.0": 0.00011166331129795273,
  "1.0": 0.0075862640332508575,
  "2.0": 0.0011218754535415076,
  "3.0": 0.00029092738595851934,
  "4.0": 0.004247072567266954,
  "5.0": 0.0015101169357222607,
  "6.0": 0.005839687852144538,
  "7.0": 0.0011317765027355536,
  "8.0": 0.0007140535310955072,
  "9.0": 0.00023693862393704912,
  "10.0": 0.0021442350449109486,
  "11.0": 0.0,
  "12.0": 0.0054394908278029876,
  "13.0": 0.0004676220104546134,
  "14.0": 0.0012184873055766908,
  "15.0": 0.000852717290387725,
  "16.0": 0.0,
  "17.0": 0.0,
  "18.0": 0.0004676220104546134,
  "19.0": 0.0015251363224617904,
  "20.0": 0.0009733143899917795,
  "21.0": 0.0,
  "22.0": 0.006439256712777416,
  "23.0": 0.00023693862393704912,
  "24.0": 0.0,
  "25.0": 0.000852717290387725,
  "26.0": 0.0006121405017051179,
  "27.0": 0.00257906402114154,
  "28.0": 0.007669523026603929,
  "29.0": 0.0027177319985939685,
  "30.0": 0.006137793469474582,
  "31.0": 0.0010315780308687726,
  "32.0": 0.00030864510875521487,
  "33.0": 0.00016010970412609204,
  "34.0": 0.000944763434271211,
  "35.0": 0.00133029357346709,
  "36.0": 0.0,
  "37.0": 0.0007140535310955072,
  "38.0": 0.000777626782286072,
  "39.0": 0.0007082990952467287,
  "40.0": 0.0014799359366642621,
  "41.0": 0.001952834787962164,
  "42.0": 5.2441114404337574e-05,
  "43.0": 0.0012835436756025952,
  "44.0": 0.005412617930356375,
  "45.0": 0.000520124776572239,
  "46.0": 0.001014565406223121,
  "47.0": 0.0015693391326158756,
  "48.0": 0.0,
  "49.0": 0.014980960057408274,
  "50.0": 0.002403984715105568,
  "51.0": 0.0006220643226207679,
  "52.0": 0.0011218754535415076,
  "53.0": 0.0018328425640308432,
  "54.0": 0.0005004155386938771,
  "55.0": 0.0062527841020259085,
  "56.0": 0.0028971429406754647,
  "57.0": 0.00475341832396744,
  "58.0": 0.00023693862393704912,
  "59.0": 0.0075862640332508575,
  "60.0": 0.006413017858588966,
  "61.0": 0.0007082990952467287,
  "62.0": 0.003998479223227363,
  "63.0": 0.0003759760687773918,
  "64.0": 0.0006121405017051179,
  "65.0": 0.0005316083728431025,
  "66.0": 0.0035240287684423573,
  "67.0": 0.004546060356048396,
  "68.0": 0.004510851396144335,
  "69.0": 8.195130024092091e-06,
  "70.0": 0.00030967137587461173,
  "71.0": 0.0027667187983280313,
  "72.0": 0.004119499878494252,
  "73.0": 0.0054612406665103036,
  "74.0": 0.015302883470771881,
  "75.0": 0.0028971429406754647,
  "76.0": 0.0028971429406754647,
  "77.0": 0.004148215504390064,
  "78.0": 0.0005762186450973322,
  "79.0": 0.008659108025328807,
  "80.0": 0.0018198432981266044,
  "81.0": 0.01049303034303466,
  "82.0": 0.005831503004040971,
  "83.0": 0.003433024907127436,
  "84.0": 0.00017612606561987434,
  "85.0": 0.0010991792297792263,
  "86.0": 0.0008892900935840245,
  "87.0": 0.011485761075190467,
  "88.0": 0.0015916608996755029,
  "89.0": 0.0004676220104546134,
  "90.0": 0.0002503270705901703,
  "91.0": 0.00604158146782885,
  "92.0": 0.0045036669870434165,
  "93.0": 0.0037014454784859005,
  "94.0": 0.0006913305504732358,
  "95.0": 0.0025249906232605907,
  "96.0": 0.0,
  "97.0": 0.0019295134419708324,
  "98.0": 4.060031536834898e-05,
  "99.0": 0.0,
  "100.0": 0.000520124776572239,
  "101.0": 1.964758616507383e-05,
  "102.0": 0.0
}