{
  "0.0": 0.0001645893380470335,
  "1.0": 0.0039039388535580385,
  "2.0": 0.0016781039081662816,
  "3.0": 0.0005152059724987034,
  "4.0": 0.001549718394262191,
  "5.0": 0.0030341364861342633,
  "6.0": 0.0029366056293815205,
  "7.0": 0.0020659814782756918,
  "8.0": 0.00048319102478385054,
  "9.0": 0.0002785747174686957,
  "10.0": 0.005705675360315959,
  "11.0": 0.0,
  "12.0": 0.00281803720260256,
  "13.0": 0.0002228781592609735,
  "14.0": 0.0023803235754439583,
  "15.0": 0.0008084134765644269,
  "16.0": 0.0,
  "17.0": 0.0,
  "18.0": 0.0002228781592609735,
  "19.0": 0.0009056441670137875,
  "20.0": 0.0014007309740389602,
  "21.0": 2.048782506023023e-06,
  "22.0": 0.002258978311267023,
  "23.0": 0.0002785747174686957,
  "24.0": 0.0,
  "25.0": 0.0008084134765644269,
  "26.0": 0.00039501848090807613,
  "27.0": 0.0012999633858474637,
  "28.0": 0.004519434491732764,
  "29.0": 0.001562935393882893,
  "30.0": 0.0035747201031672664,
  "31.0": 0.0003412783912284819,
  "32.0": 0.0004038787498078022,
  "33.0": 0.0004445216128222325,
  "34.0": 0.0012635043645288873,
  "35.0": 0.0038446037220672977,
  "36.0": 0.0,
  "37.0": 0.00048319102478385054,
  "38.0": 0.0023091533311055197,
  "39.0": 0.0019288703671262394,
  "40.0": 0.0028919534278370206,
  "41.0": 0.004144581542390069,
  "42.0": 0.00012581259766869375,
  "43.0": 0.002798633821487412,
  "44.0": 0.0023723876252585005,
  "45.0": 0.0002582452514851953,
  "46.0": 0.002747715972824219,
  "47.0": 0.0031037325189108987,
  "48.0": 0.0,
  "49.0": 0.00742386627814435,
  "50.0": 0.0008677225659084957,
  "51.0": 0.001205265689459299,
  "52.0": 0.0016781039081662816,
  "53.0": 0.004191772938117708,
  "54.0": 0.0003208746483055146,
  "55.0": 0.0036377012204726676,
  "56.0": 0.0017093130261284597,
  "57.0": 0.003135056189646615,
  "58.0": 0.0002785747174686957,
  "59.0": 0.0039039388535580385,
  "60.0": 0.005223302577847394,
  "61.0": 0.0019288703671262394,
  "62.0": 0.0012494171435789175,
  "63.0": 0.0009952677858706988,
  "64.0": 0.00039501848090807613,
  "65.0": 0.0016367308074231508,
  "66.0": 0.003538080396310674,
  "67.0": 0.005264992238842614,
  "68.0": 0.006074881620999632,
  "69.0": 1.6908725489990157e-05,
  "70.0": 0.0001706026173679127,
  "71.0": 0.003059972696564658,
  "72.0": 0.0013423441987410647,
  "73.0": 0.003247297702838954,
  "74.0": 0.010077343126282133,
  "75.0": 0.0017093130261284597,
  "76.0": 0.0017093130261284597,
  "77.0": 0.0013144621914634041,
  "78.0": 7.743854556364402e-05,
  "79.0": 0.008615284407866344,
  "80.0": 0.0004695577340488459,
  "81.0": 0.010627327961253836,
  "82.0": 0.0026915773938342154,
  "83.0": 0.0021401706261045387,
  "84.0": 0.00013262226414415687,
  "85.0": 0.0014098819967744542,
  "86.0": 0.0025819345335100262,
  "87.0": 0.027961271333844826,
  "88.0": 0.0030178933203321105,
  "89.0": 0.0002228781592609735,
  "90.0": 0.0004837413231430969,
  "91.0": 0.003063629160038176,
  "92.0": 0.002265507805196791,
  "93.0": 0.0009013471191064787,
  "94.0": 0.00162419703826749,
  "95.0": 0.006945175369256057,
  "96.0": 0.0,
  "97.0": 0.0005520784641149014,
  "98.0": 3.146464935560649e-05,
  "99.0": 0.0,
  "100.0": 0.0002582452514851953,
  "101.0": 2.7816108624152627e-05,
  "102.0": 0.0
}