{
  "0.0": 0.00020918921407450346,
  "1.0": 0.0051140479753476395,
  "2.0": 0.0019291347318916101,
  "3.0": 0.00045004124968899364,
  "4.0": 0.0028358672296162294,
  "5.0": 0.004029987423044864,
  "6.0": 0.0013603261170307508,
  "7.0": 0.00366603956506447,
  "8.0": 0.0006881211740060833,
  "9.0": 0.0006109166008608337,
  "10.0": 0.0072205406981513285,
  "11.0": 0.0,
  "12.0": 0.0016256525022812116,
  "13.0": 7.253222144206968e-05,
  "14.0": 0.002503686468207752,
  "15.0": 0.0008125969673696781,
  "16.0": 0.0,
  "17.0": 0.0,
  "18.0": 7.253222144206968e-05,
  "19.0": 0.0006283960957366915,
  "20.0": 0.0017238638872098388,
  "21.0": 0.0,
  "22.0": 0.0019521079478187738,
  "23.0": 0.0006109166008608337,
  "24.0": 0.0,
  "25.0": 0.0008125969673696781,
  "26.0": 0.0004033929032599762,
  "27.0": 0.0025283674134096816,
  "28.0": 0.005634384258093756,
  "29.0": 0.0008813574711765825,
  "30.0": 0.0014255889068401193,
  "31.0": 0.0004957708796737479,
  "32.0": 0.0007508890364560223,
  "33.0": 0.0002694423382343616,
  "34.0": 0.0006145817025529092,
  "35.0": 0.0030569437787769374,
  "36.0": 0.0,
  "37.0": 0.0006881211740060833,
  "38.0": 0.0009176022968244721,
  "39.0": 0.0027928930696404794,
  "40.0": 0.0013549636128579647,
  "41.0": 0.003156316996333255,
  "42.0": 5.2704701577915665e-05,
  "43.0": 0.004346480406125857,
  "44.0": 0.0010147534114616583,
  "45.0": 0.0002037462071744483,
  "46.0": 0.001642519968513494,
  "47.0": 0.004278178122677844,
  "48.0": 0.0,
  "49.0": 0.0036252328989978435,
  "50.0": 0.0005859660992164657,
  "51.0": 0.0009872978679563845,
  "52.0": 0.0019291347318916101,
  "53.0": 0.004285018216264081,
  "54.0": 0.00011569440503100993,
  "55.0": 0.0015978871737908388,
  "56.0": 0.0013434709641513955,
  "57.0": 0.004060520810170368,
  "58.0": 0.0006109166008608337,
  "59.0": 0.0051140479753476395,
  "60.0": 0.017098628039091648,
  "61.0": 0.0027928930696404794,
  "62.0": 0.002099714834473674,
  "63.0": 0.0013754153448822136,
  "64.0": 0.0004033929032599762,
  "65.0": 0.0021814518497860094,
  "66.0": 0.0036825984899784016,
  "67.0": 0.007027429833898588,
  "68.0": 0.003940825531416394,
  "69.0": 5.8871049076804286e-05,
  "70.0": 8.534837467065321e-05,
  "71.0": 0.003197621270389723,
  "72.0": 0.0008636146362719665,
  "73.0": 0.002216096543142651,
  "74.0": 0.021703092555061854,
  "75.0": 0.0013434709641513955,
  "76.0": 0.0013434709641513955,
  "77.0": 0.0008210563765947732,
  "78.0": 0.00012507548675022893,
  "79.0": 0.011605436284834007,
  "80.0": 0.000601372894894323,
  "81.0": 0.015069773233680575,
  "82.0": 0.0015783812820628666,
  "83.0": 0.002881862969139065,
  "84.0": 0.00010980595515432156,
  "85.0": 0.0010645024411016339,
  "86.0": 0.0011637301511553508,
  "87.0": 0.01223316390594247,
  "88.0": 0.0017197245416587443,
  "89.0": 7.253222144206968e-05,
  "90.0": 0.0003246333374928476,
  "91.0": 0.001702857075426461,
  "92.0": 0.004186779018646518,
  "93.0": 0.0019618646816489827,
  "94.0": 0.0020929166838327944,
  "95.0": 0.009277560645569503,
  "96.0": 0.0,
  "97.0": 0.0008898851239105953,
  "98.0": 0.00012540791219614603,
  "99.0": 0.0,
  "100.0": 0.0002037462071744483,
  "101.0": 9.542517988975412e-06,
  "102.0": 0.0
}