{
  "0.0": 0.00019706100383507373,
  "1.0": 0.004766727696695958,
  "2.0": 0.001955428603642078,
  "3.0": 0.0006526545497055976,
  "4.0": 0.0017662020848990675,
  "5.0": 0.0036968099499097287,
  "6.0": 0.0016000258712675543,
  "7.0": 0.0026141543111890602,
  "8.0": 0.0003968411671218746,
  "9.0": 0.00031969899991669885,
  "10.0": 0.0020761373030001033,
  "11.0": 0.0,
  "12.0": 0.0016194301341643917,
  "13.0": 8.35594063768011e-05,
  "14.0": 0.002886686755595379,
  "15.0": 0.0008263431470127871,
  "16.0": 0.0,
  "17.0": 0.0,
  "18.0": 8.35594063768011e-05,
  "19.0": 0.0010459764024305135,
  "20.0": 0.0016279380370011446,
  "21.0": 0.0,
  "22.0": 0.0026339032453474207,
  "23.0": 0.00031969899991669885,
  "24.0": 0.0,
  "25.0": 0.0008263431470127871,
  "26.0": 0.0003093264069651113,
  "27.0": 0.002223875708249218,
  "28.0": 0.005563289013254643,
  "29.0": 0.0019347183124928074,
  "30.0": 0.0017999307466738208,
  "31.0": 0.0002937647072208696,
  "32.0": 0.00031119253185993723,
  "33.0": 0.0003737453752102528,
  "34.0": 0.0009297015923170393,
  "35.0": 0.005114108665380069,
  "36.0": 0.0,
  "37.0": 0.0003968411671218746,
  "38.0": 0.0031104294721523685,
  "39.0": 0.0024716158191902355,
  "40.0": 0.003602188118284316,
  "41.0": 0.005262190494700667,
  "42.0": 0.00014784420357463824,
  "43.0": 0.0029723642232647616,
  "44.0": 0.0009235934693758292,
  "45.0": 0.00011868264230166297,
  "46.0": 0.0036376774001318983,
  "47.0": 0.003791879843738359,
  "48.0": 0.0,
  "49.0": 0.00772282104892427,
  "50.0": 0.0015306221675052169,
  "51.0": 0.0009842290911387388,
  "52.0": 0.001955428603642078,
  "53.0": 0.00469692039932809,
  "54.0": 0.00022498637077981401,
  "55.0": 0.0018350539825986829,
  "56.0": 0.0020785807329457714,
  "57.0": 0.0033407663292688815,
  "58.0": 0.00031969899991669885,
  "59.0": 0.004766727696695958,
  "60.0": 0.0060413152085796624,
  "61.0": 0.0024716158191902355,
  "62.0": 0.0018464972637396387,
  "63.0": 0.0012785828622353798,
  "64.0": 0.0003093264069651113,
  "65.0": 0.0020850772550270176,
  "66.0": 0.004477062141724646,
  "67.0": 0.006731814137334066,
  "68.0": 0.0078900033520103,
  "69.0": 7.637252588888151e-06,
  "70.0": 0.00011105320329722264,
  "71.0": 0.003959795553321851,
  "72.0": 0.0008517413856985087,
  "73.0": 0.0022533165303380777,
  "74.0": 0.008553613983360488,
  "75.0": 0.0020785807329457714,
  "76.0": 0.0020785807329457714,
  "77.0": 0.0014318036315777835,
  "78.0": 7.923312084429915e-05,
  "79.0": 0.004836265997384136,
  "80.0": 0.0011864334678224006,
  "81.0": 0.007417614626342764,
  "82.0": 0.001232233880261261,
  "83.0": 0.0025624279700466475,
  "84.0": 0.00018221570643859176,
  "85.0": 0.0010613712583439146,
  "86.0": 0.0034379769734784603,
  "87.0": 0.011424562050324057,
  "88.0": 0.0037635905850414266,
  "89.0": 8.35594063768011e-05,
  "90.0": 0.0006175313137807358,
  "91.0": 0.0016965723013695672,
  "92.0": 0.002729998953714815,
  "93.0": 0.000981284955762511,
  "94.0": 0.002111833203745626,
  "95.0": 0.0036177539545077415,
  "96.0": 0.0,
  "97.0": 0.0012861409824052523,
  "98.0": 3.512323592486189e-05,
  "99.0": 0.0,
  "100.0": 0.00011868264230166297,
  "101.0": 6.417239171625386e-06,
  "102.0": 0.0
}