{
  "0.0": 0.0002498333831970007,
  "1.0": 0.005492849298744637,
  "2.0": 0.0014702754791310851,
  "3.0": 0.0004903176373705834,
  "4.0": 0.0031617177310222537,
  "5.0": 0.0019724383590409406,
  "6.0": 0.0013930238434834085,
  "7.0": 0.0028160203278477587,
  "8.0": 0.0005236826241838902,
  "9.0": 0.00043821299547358106,
  "10.0": 0.005671061719029992,
  "11.0": 0.0,
  "12.0": 0.0013905142081817412,
  "13.0": 0.00011369652079431618,
  "14.0": 0.00108979089183007,
  "15.0": 0.0006587472594895336,
  "16.0": 0.0,
  "17.0": 0.0,
  "18.0": 0.00011369652079431618,
  "19.0": 0.0007261920291029235,
  "20.0": 0.0014982018831602687,
  "21.0": 2.048782506023023e-06,
  "22.0": 0.003026354718291046,
  "23.0": 0.00043821299547358106,
  "24.0": 0.0,
  "25.0": 0.0006587472594895336,
  "26.0": 0.0004407226307752492,
  "27.0": 0.001947704275248613,
  "28.0": 0.004850965467467926,
  "29.0": 0.0013209593256435863,
  "30.0": 0.00192114206233408,
  "31.0": 0.0006621874149751917,
  "32.0": 0.0006170163625216818,
  "33.0": 0.00039002627584040046,
  "34.0": 0.0010697591098311804,
  "35.0": 0.004139576902406743,
  "36.0": 0.0,
  "37.0": 0.0005236826241838902,
  "38.0": 0.0023274381313384074,
  "39.0": 0.001087277920723881,
  "40.0": 0.0027645082253395688,
  "41.0": 0.00427272728762086,
  "42.0": 0.00013298348374941665,
  "43.0": 0.002553345608668463,
  "44.0": 0.0009992795098129267,
  "45.0": 0.00022301858253087072,
  "46.0": 0.0029760221575020913,
  "47.0": 0.0021327154432315767,
  "48.0": 0.0,
  "49.0": 0.006601657855634157,
  "50.0": 0.0006001777336221511,
  "51.0": 0.0012004652657480743,
  "52.0": 0.0014702754791310851,
  "53.0": 0.0028801082677716652,
  "54.0": 0.00021455066959111065,
  "55.0": 0.002065204349172764,
  "56.0": 0.0015371351102707895,
  "57.0": 0.004774148028357887,
  "58.0": 0.00043821299547358106,
  "59.0": 0.005492849298744637,
  "60.0": 0.013044709935108168,
  "61.0": 0.001087277920723881,
  "62.0": 0.002177313625286566,
  "63.0": 0.0011275950850283191,
  "64.0": 0.0004407226307752492,
  "65.0": 0.0007501910789637859,
  "66.0": 0.0022135171356013963,
  "67.0": 0.004680011716054988,
  "68.0": 0.005894144895884672,
  "69.0": 3.8218652412442096e-05,
  "70.0": 0.0002706174854843112,
  "71.0": 0.0017757337183638752,
  "72.0": 0.0021496837406287453,
  "73.0": 0.0018503740949134236,
  "74.0": 0.01725383932932975,
  "75.0": 0.0015371351102707895,
  "76.0": 0.0015371351102707895,
  "77.0": 0.0017657489769897232,
  "78.0": 0.00034086883690776664,
  "79.0": 0.010548399979970032,
  "80.0": 0.0005973475178505771,
  "81.0": 0.011252671420524657,
  "82.0": 0.0013409192015864065,
  "83.0": 0.0026858574990027266,
  "84.0": 0.0002145801887665066,
  "85.0": 0.0012859348944583835,
  "86.0": 0.0027074650826521417,
  "87.0": 0.028702866509165897,
  "88.0": 0.003094272306308769,
  "89.0": 0.00011369652079431618,
  "90.0": 0.00038489801850264397,
  "91.0": 0.00147598383689205,
  "92.0": 0.004202624704294129,
  "93.0": 0.0024406755163473856,
  "94.0": 0.0016439542354108336,
  "95.0": 0.006950844419521911,
  "96.0": 0.0,
  "97.0": 0.000680307511259218,
  "98.0": 0.00010541961886793941,
  "99.0": 0.0,
  "100.0": 0.00022301858253087072,
  "101.0": 3.2129334952622154e-05,
  "102.0": 0.0
}