{
  "0.0": 0.0001782687977570959,
  "1.0": 0.004436998054695995,
  "2.0": 0.0019439824606706307,
  "3.0": 0.0005992009563292397,
  "4.0": 0.0019025012354187245,
  "5.0": 0.0033506635817064155,
  "6.0": 0.0016395709190464977,
  "7.0": 0.002388537503177949,
  "8.0": 0.0007258951204525376,
  "9.0": 0.0005149998210094938,
  "10.0": 0.002172344303549634,
  "11.0": 0.0,
  "12.0": 0.0016880754801863304,
  "13.0": 0.00022178751583793523,
  "14.0": 0.002396336258400538,
  "15.0": 0.0010458997936995847,
  "16.0": 0.0,
  "17.0": 0.0,
  "18.0": 0.00022178751583793523,
  "19.0": 0.001084022563123898,
  "20.0": 0.0015237704690563127,
  "21.0": 2.048782506023023e-06,
  "22.0": 0.002672130026062394,
  "23.0": 0.0005149998210094938,
  "24.0": 0.0,
  "25.0": 0.0010458997936995847,
  "26.0": 0.0004909288882748244,
  "27.0": 0.0020680314104216577,
  "28.0": 0.004832607803637983,
  "29.0": 0.0016522632489257723,
  "30.0": 0.0017114383132754878,
  "31.0": 0.0003676663933416701,
  "32.0": 0.0003877255321867464,
  "33.0": 0.00029176140695959284,
  "34.0": 0.0008911478474420663,
  "35.0": 0.004155312431254469,
  "36.0": 0.0,
  "37.0": 0.0007258951204525376,
  "38.0": 0.0022909419310519824,
  "39.0": 0.002210726235201311,
  "40.0": 0.0029562492997771746,
  "41.0": 0.004461569243705129,
  "42.0": 6.187461375943281e-05,
  "43.0": 0.002719997316968917,
  "44.0": 0.0011395366288910172,
  "45.0": 0.0003426608202692879,
  "46.0": 0.0030195882657549386,
  "47.0": 0.0035286963505006676,
  "48.0": 0.0,
  "49.0": 0.00661642687615155,
  "50.0": 0.0014025342616042465,
  "51.0": 0.0010650005474381716,
  "52.0": 0.0019439824606706307,
  "53.0": 0.003794545282929336,
  "54.0": 0.00025366139984580867,
  "55.0": 0.0018599256427880202,
  "56.0": 0.002053401508413106,
  "57.0": 0.0028456163083993825,
  "58.0": 0.0005149998210094938,
  "59.0": 0.004436998054695995,
  "60.0": 0.013783183597748404,
  "61.0": 0.002210726235201311,
  "62.0": 0.001529184616556889,
  "63.0": 0.0011072359216826213,
  "64.0": 0.0004909288882748244,
  "65.0": 0.0017477385623698087,
  "66.0": 0.003933063063145658,
  "67.0": 0.00577988239202018,
  "68.0": 0.0064249609587298815,
  "69.0": 4.615079919862274e-05,
  "70.0": 0.00010141090257844316,
  "71.0": 0.0033434988440403505,
  "72.0": 0.0010089255921409712,
  "73.0": 0.0018233512304276162,
  "74.0": 0.01719817083616495,
  "75.0": 0.002053401508413106,
  "76.0": 0.002053401508413106,
  "77.0": 0.0014733779848172563,
  "78.0": 0.0001288549430330325,
  "79.0": 0.00480113843226064,
  "80.0": 0.001009703752546093,
  "81.0": 0.007358350560177505,
  "82.0": 0.0015760392742308659,
  "83.0": 0.002551671628435164,
  "84.0": 0.0001313608699409644,
  "85.0": 0.0012758958468812153,
  "86.0": 0.002580329425318012,
  "87.0": 0.011324065372074735,
  "88.0": 0.0032960446053907195,
  "89.0": 0.00022178751583793523,
  "90.0": 0.00048613253763511743,
  "91.0": 0.001919458604689605,
  "92.0": 0.002662344841143303,
  "93.0": 0.0009798603848382625,
  "94.0": 0.001894240779531209,
  "95.0": 0.0034715177907060544,
  "96.0": 0.0,
  "97.0": 0.0012497566171525535,
  "98.0": 0.00011306841869412217,
  "99.0": 0.0,
  "100.0": 0.0003426608202692879,
  "101.0": 3.000072975155927e-05,
  "102.0": 0.0
}