{
  "0.0": 0.00023292689345696854,
  "1.0": 0.00507463711974996,
  "2.0": 0.001553848395381015,
  "3.0": 0.000608019029892774,
  "4.0": 0.0029132251641631446,
  "5.0": 0.001895324741864188,
  "6.0": 0.002672085100695339,
  "7.0": 0.0025886855825742253,
  "8.0": 0.0006017827961144796,
  "9.0": 0.0004244514596765055,
  "10.0": 0.004799557005166003,
  "11.0": 0.0,
  "12.0": 0.002594827417142517,
  "13.0": 0.00019443057504508012,
  "14.0": 0.0013246278807662907,
  "15.0": 0.0008873159983509838,
  "16.0": 0.0,
  "17.0": 0.0,
  "18.0": 0.00019443057504508012,
  "19.0": 0.0007795672158791788,
  "20.0": 0.0013812984274924767,
  "21.0": 1.5240943032610292e-06,
  "22.0": 0.0030062095506706763,
  "23.0": 0.0004244514596765055,
  "24.0": 0.0,
  "25.0": 0.0008873159983509838,
  "26.0": 0.0005001286009889079,
  "27.0": 0.001952192124197659,
  "28.0": 0.004631469555310396,
  "29.0": 0.001498011166797941,
  "30.0": 0.003141401915631413,
  "31.0": 0.0005689312206138343,
  "32.0": 0.000587600337867689,
  "33.0": 0.00044129641061804535,
  "34.0": 0.001199659639746827,
  "35.0": 0.0022679779748106094,
  "36.0": 0.0,
  "37.0": 0.0006017827961144796,
  "38.0": 0.0008661606066325006,
  "39.0": 0.0010589121361010143,
  "40.0": 0.0013116299336684005,
  "41.0": 0.0024918634645118296,
  "42.0": 0.00012162687216915015,
  "43.0": 0.0022867532356033947,
  "44.0": 0.002089450336847955,
  "45.0": 0.0002943114177532393,
  "46.0": 0.0013596251676601338,
  "47.0": 0.002038930351802326,
  "48.0": 0.0,
  "49.0": 0.005949371734406221,
  "50.0": 0.0008669065596092951,
  "51.0": 0.001246153779754263,
  "52.0": 0.001553848395381015,
  "53.0": 0.002838572437427573,
  "54.0": 0.0002889477369929304,
  "55.0": 0.0032823670395579134,
  "56.0": 0.001721836643243351,
  "57.0": 0.0042220312170700046,
  "58.0": 0.0004244514596765055,
  "59.0": 0.00507463711974996,
  "60.0": 0.011059736408542712,
  "61.0": 0.0010589121361010143,
  "62.0": 0.0019910232788226422,
  "63.0": 0.0009411063203764691,
  "64.0": 0.0005001286009889079,
  "65.0": 0.0007285501459819835,
  "66.0": 0.0024104873393393624,
  "67.0": 0.004478914908418649,
  "68.0": 0.0038919020123038416,
  "69.0": 3.829707758230876e-05,
  "70.0": 0.00021833431602249521,
  "71.0": 0.001957434523397951,
  "72.0": 0.0019440636267369605,
  "73.0": 0.002739310468998495,
  "74.0": 0.01659543478671394,
  "75.0": 0.001721836643243351,
  "76.0": 0.001721836643243351,
  "77.0": 0.0016494411471579395,
  "78.0": 0.0002427552051518823,
  "79.0": 0.008945652728510865,
  "80.0": 0.0006060658208364026,
  "81.0": 0.009849376683457204,
  "82.0": 0.0024822709961918126,
  "83.0": 0.002703269078959627,
  "84.0": 0.0001655594772940141,
  "85.0": 0.0014234851161922372,
  "86.0": 0.0011469876067633873,
  "87.0": 0.012147243034384093,
  "88.0": 0.0015613420129502844,
  "89.0": 0.00019443057504508012,
  "90.0": 0.0005139442607208474,
  "91.0": 0.002802640639645712,
  "92.0": 0.003574839896796489,
  "93.0": 0.0020822337456832068,
  "94.0": 0.0016020804631620344,
  "95.0": 0.005866779575586327,
  "96.0": 0.0,
  "97.0": 0.0007035156178840129,
  "98.0": 9.407476917192667e-05,
  "99.0": 0.0,
  "100.0": 0.0002943114177532393,
  "101.0": 2.71097102212999e-05,
  "102.0": 0.0
}