{
  "0.0": 0.0001933846813628391,
  "1.0": 0.004925177880078021,
  "2.0": 0.002905981121778729,
  "3.0": 0.0005061651792987204,
  "4.0": 0.0015036632198992908,
  "5.0": 0.0067987714534317985,
  "6.0": 0.005673967333663284,
  "7.0": 0.0034363535652560235,
  "8.0": 0.0005742437111672992,
  "9.0": 0.0005012671466185671,
  "10.0": 0.0021261948590922783,
  "11.0": 0.0,
  "12.0": 0.005712319344166328,
  "13.0": 0.0001459986693907953,
  "14.0": 0.004374634632826191,
  "15.0": 0.0006529775990390055,
  "16.0": 0.0,
  "17.0": 0.0,
  "18.0": 0.0001459986693907953,
  "19.0": 0.00032569966524443505,
  "20.0": 0.002856286508366154,
  "21.0": 6.24878664337022e-06,
  "22.0": 0.001690111007289836,
  "23.0": 0.0005012671466185671,
  "24.0": 0.0,
  "25.0": 0.0006529775990390055,
  "26.0": 0.0005004078559757464,
  "27.0": 0.0012164051344957423,
  "28.0": 0.006461829863362816,
  "29.0": 0.000801833794590223,
  "30.0": 0.00567881866080136,
  "31.0": 0.00021741779327268004,
  "32.0": 0.0003948964496298584,
  "33.0": 0.00014277283987349724,
  "34.0": 0.0005423344933630597,
  "35.0": 0.00393795237889424,
  "36.0": 0.0,
  "37.0": 0.0005742437111672992,
  "38.0": 0.0007737961084817071,
  "39.0": 0.004328374963718787,
  "40.0": 0.0011095008200960395,
  "41.0": 0.004056374664485665,
  "42.0": 0.00013399736815971144,
  "43.0": 0.004810569094520637,
  "44.0": 0.005290382882657015,
  "45.0": 0.000391947730204247,
  "46.0": 0.0014251777848088229,
  "47.0": 0.006952157608449727,
  "48.0": 0.0,
  "49.0": 0.008827708429870932,
  "50.0": 0.0007301809193031165,
  "51.0": 0.0008108777548832285,
  "52.0": 0.002905981121778729,
  "53.0": 0.0071252433080293805,
  "54.0": 0.00019507148195916697,
  "55.0": 0.006071478364546112,
  "56.0": 0.001143353620659124,
  "57.0": 0.0039903021086286255,
  "58.0": 0.0005012671466185671,
  "59.0": 0.004925177880078021,
  "60.0": 0.005509844296807097,
  "61.0": 0.004328374963718787,
  "62.0": 0.0009152002546098801,
  "63.0": 0.002549291447729253,
  "64.0": 0.0005004078559757464,
  "65.0": 0.003979444672265863,
  "66.0": 0.00529262110470643,
  "67.0": 0.008777639443229422,
  "68.0": 0.0048837677552367904,
  "69.0": 6.770170993474647e-05,
  "70.0": 0.00012455928374839246,
  "71.0": 0.004229528918940016,
  "72.0": 0.0009018978663505664,
  "73.0": 0.0076967918910114015,
  "74.0": 0.012880534083672466,
  "75.0": 0.001143353620659124,
  "76.0": 0.001143353620659124,
  "77.0": 0.0006793171804218392,
  "78.0": 0.00011096678064510712,
  "79.0": 0.00370079413702057,
  "80.0": 0.0006869305926541775,
  "81.0": 0.009156041736403298,
  "82.0": 0.0056976351827813946,
  "83.0": 0.0015202584194374295,
  "84.0": 5.289633570262274e-05,
  "85.0": 0.0008838543194319606,
  "86.0": 0.0010339781643081587,
  "87.0": 0.061175275039372805,
  "88.0": 0.0014981543493575548,
  "89.0": 0.0001459986693907953,
  "90.0": 0.00027211856923454536,
  "91.0": 0.005847783775148762,
  "92.0": 0.00397936250373547,
  "93.0": 0.0008609292685187127,
  "94.0": 0.002976131611232781,
  "95.0": 0.0045889365802131935,
  "96.0": 0.0,
  "97.0": 0.0007607664478457303,
  "98.0": 0.00023404661006417506,
  "99.0": 0.0,
  "100.0": 0.000391947730204247,
  "101.0": 8.492455559133977e-05,
  "102.0": 0.0
}