{
  "0.0": 0.0002167018668572586,
  "1.0": 0.0052003370168072684,
  "2.0": 0.0013662761300022445,
  "3.0": 0.00042586710250684407,
  "4.0": 0.002823877859067971,
  "5.0": 0.002640730728161759,
  "6.0": 0.001297618268088962,
  "7.0": 0.0025005025944196536,
  "8.0": 0.0005694111755043481,
  "9.0": 0.0004965784833275282,
  "10.0": 0.004741641421642085,
  "11.0": 0.0,
  "12.0": 0.0014476565516686436,
  "13.0": 9.435906185530325e-05,
  "14.0": 0.0017628683105758696,
  "15.0": 0.0006929808635100274,
  "16.0": 0.0,
  "17.0": 0.0,
  "18.0": 9.435906185530325e-05,
  "19.0": 0.0008963965293455966,
  "20.0": 0.0012519442870423084,
  "21.0": 3.0481886065220584e-06,
  "22.0": 0.0031119668136636216,
  "23.0": 0.0004965784833275282,
  "24.0": 0.0,
  "25.0": 0.0006929808635100274,
  "26.0": 0.00037544154357264844,
  "27.0": 0.0022022749865671554,
  "28.0": 0.005489109377186919,
  "29.0": 0.0015107326802048385,
  "30.0": 0.001716209474956733,
  "31.0": 0.0005981244990465981,
  "32.0": 0.0005503690545159928,
  "33.0": 0.0003598338465836361,
  "34.0": 0.0008876850317524562,
  "35.0": 0.0035964251731671437,
  "36.0": 0.0,
  "37.0": 0.0005694111755043481,
  "38.0": 0.001960760175500907,
  "39.0": 0.0018864742665419961,
  "40.0": 0.0024582432409921136,
  "41.0": 0.0037047276964016747,
  "42.0": 0.00011550025498977151,
  "43.0": 0.0031251146581557153,
  "44.0": 0.0009600144666579897,
  "45.0": 0.00018737348123995092,
  "46.0": 0.0026323035017870654,
  "47.0": 0.0027877854335974415,
  "48.0": 0.0,
  "49.0": 0.00630961956450338,
  "50.0": 0.0009159274778075114,
  "51.0": 0.0011312990379895975,
  "52.0": 0.0013662761300022445,
  "53.0": 0.0032787206036810415,
  "54.0": 0.00018122551232051379,
  "55.0": 0.0018350672325271112,
  "56.0": 0.0018393721330448877,
  "57.0": 0.00398343934001474,
  "58.0": 0.0004965784833275282,
  "59.0": 0.0052003370168072684,
  "60.0": 0.011644869871953473,
  "61.0": 0.0018864742665419961,
  "62.0": 0.0021814725911086068,
  "63.0": 0.0009450842672959604,
  "64.0": 0.00037544154357264844,
  "65.0": 0.0014273559408483052,
  "66.0": 0.0033525502110120253,
  "67.0": 0.005501884186286115,
  "68.0": 0.005518401049367039,
  "69.0": 3.792015103419045e-05,
  "70.0": 0.0002127326135841196,
  "71.0": 0.002782357069665916,
  "72.0": 0.001797560244355453,
  "73.0": 0.0016605725642482709,
  "74.0": 0.015277304115305146,
  "75.0": 0.0018393721330448877,
  "76.0": 0.0018393721330448877,
  "77.0": 0.0016930431951304244,
  "78.0": 0.0002570398537197014,
  "79.0": 0.009395390013705844,
  "80.0": 0.000903799776623627,
  "81.0": 0.011078045912755937,
  "82.0": 0.001396919555839784,
  "83.0": 0.002818416043915955,
  "84.0": 0.00019070475517033244,
  "85.0": 0.0012041317301664171,
  "86.0": 0.0022753644547449828,
  "87.0": 0.023998304540237474,
  "88.0": 0.002729521702816062,
  "89.0": 9.435906185530325e-05,
  "90.0": 0.0003357557198903126,
  "91.0": 0.0015204892438454637,
  "92.0": 0.003673666777613648,
  "93.0": 0.0020708807065892725,
  "94.0": 0.0015151775676321183,
  "95.0": 0.00595335072166137,
  "96.0": 0.0,
  "97.0": 0.0011057577649034535,
  "98.0": 9.011138261653137e-05,
  "99.0": 0.0,
  "100.0": 0.00018737348123995092,
  "101.0": 2.8633804524560932e-05,
  "102.0": 0.0
}