{
  "0.0": 0.0002207983129860351,
  "1.0": 0.006603022589839627,
  "2.0": 0.002121306418517872,
  "3.0": 0.0003883211049860049,
  "4.0": 0.0026518239325214704,
  "5.0": 0.0026349447902579448,
  "6.0": 0.0014431932897805376,
  "7.0": 0.003589737129919037,
  "8.0": 0.0008430272896094494,
  "9.0": 0.0005638665501988058,
  "10.0": 0.007284635999656754,
  "11.0": 0.0,
  "12.0": 0.001500488579917339,
  "13.0": 0.0002692111209265254,
  "14.0": 0.001061541568021332,
  "15.0": 0.0009688311499931156,
  "16.0": 0.0,
  "17.0": 0.0,
  "18.0": 0.0002692111209265254,
  "19.0": 0.0014023200526467774,
  "20.0": 0.0018987781191356205,
  "21.0": 3.0481886065220584e-06,
  "22.0": 0.003301333929255852,
  "23.0": 0.0005638665501988058,
  "24.0": 0.0,
  "25.0": 0.0009688311499931156,
  "26.0": 0.000533892061646387,
  "27.0": 0.003117865678297167,
  "28.0": 0.005150842062304017,
  "29.0": 0.0023126960576186134,
  "30.0": 0.002213284659351613,
  "31.0": 0.0006088270793028121,
  "32.0": 0.0008778245432204484,
  "33.0": 0.00047204584215005416,
  "34.0": 0.0013394705921486237,
  "35.0": 0.0029641690549828325,
  "36.0": 0.0,
  "37.0": 0.0008430272896094494,
  "38.0": 0.0008923759083567033,
  "39.0": 0.0011667305190442795,
  "40.0": 0.0015975623387169211,
  "41.0": 0.0033364381009199674,
  "42.0": 5.590666991284216e-05,
  "43.0": 0.0031818568940539145,
  "44.0": 0.0010878149476548265,
  "45.0": 0.0003257677960243119,
  "46.0": 0.0015274988155910892,
  "47.0": 0.002864447610631775,
  "48.0": 0.0,
  "49.0": 0.004590310051381707,
  "50.0": 0.0013886704420969656,
  "51.0": 0.0014743246548409368,
  "52.0": 0.002121306418517872,
  "53.0": 0.00349824043782538,
  "54.0": 0.00031244374347540735,
  "55.0": 0.0022804437296025195,
  "56.0": 0.002751096368573746,
  "57.0": 0.004532686965987187,
  "58.0": 0.0005638665501988058,
  "59.0": 0.006603022589839627,
  "60.0": 0.005885912396964395,
  "61.0": 0.0011667305190442795,
  "62.0": 0.002151851782875732,
  "63.0": 0.0013261359927509082,
  "64.0": 0.000533892061646387,
  "65.0": 0.0006120985980994847,
  "66.0": 0.0034704688797129505,
  "67.0": 0.006833121312427165,
  "68.0": 0.005841054844488809,
  "69.0": 4.2750599897032544e-05,
  "70.0": 0.0001626668371189905,
  "71.0": 0.0029075113126622305,
  "72.0": 0.0015202984663257903,
  "73.0": 0.0022075302750391326,
  "74.0": 0.010692540222839927,
  "75.0": 0.002751096368573746,
  "76.0": 0.002751096368573746,
  "77.0": 0.001646937471840316,
  "78.0": 0.00012743429416888814,
  "79.0": 0.013157166791364248,
  "80.0": 0.001179817659069237,
  "81.0": 0.014016394297484766,
  "82.0": 0.0016843273450095368,
  "83.0": 0.00428321564619288,
  "84.0": 0.00029805763203164204,
  "85.0": 0.0017534853942515805,
  "86.0": 0.0011480106625601327,
  "87.0": 0.01285495411312399,
  "88.0": 0.0018554305727060854,
  "89.0": 0.0002692111209265254,
  "90.0": 0.0003375705034244508,
  "91.0": 0.001810131205393203,
  "92.0": 0.004023654083659988,
  "93.0": 0.0018235433681961812,
  "94.0": 0.0020694411293191387,
  "95.0": 0.009393026013790731,
  "96.0": 0.0,
  "97.0": 0.0014965208035726308,
  "98.0": 5.075060156155401e-05,
  "99.0": 0.0,
  "100.0": 0.0003257677960243119,
  "101.0": 1.2674047363960136e-05,
  "102.0": 0.0
}