{
  "0.0": 0.0002122896847411888,
  "1.0": 0.005239374099889619,
  "2.0": 0.001392672495257221,
  "3.0": 0.0005730061300250027,
  "4.0": 0.002864756077932296,
  "5.0": 0.0025378502677988455,
  "6.0": 0.0014606198434374087,
  "7.0": 0.002538085522860537,
  "8.0": 0.0004649366611662761,
  "9.0": 0.0003965092893540402,
  "10.0": 0.004805481144790892,
  "11.0": 0.0,
  "12.0": 0.0014889155077427382,
  "13.0": 7.823692751349377e-05,
  "14.0": 0.001970318612592516,
  "15.0": 0.0007381565379548044,
  "16.0": 0.0,
  "17.0": 0.0,
  "18.0": 7.823692751349377e-05,
  "19.0": 0.000906310815812158,
  "20.0": 0.0012356427558334355,
  "21.0": 1.5240943032610292e-06,
  "22.0": 0.003163001963114448,
  "23.0": 0.0003965092893540402,
  "24.0": 0.0,
  "25.0": 0.0007381565379548044,
  "26.0": 0.0003727294600213354,
  "27.0": 0.002260706216775787,
  "28.0": 0.00574264470696066,
  "29.0": 0.0016817083384024023,
  "30.0": 0.0018864097278262332,
  "31.0": 0.0005778484803279694,
  "32.0": 0.000565171604308055,
  "33.0": 0.00044718210839430814,
  "34.0": 0.001041821814505047,
  "35.0": 0.0034684932674261914,
  "36.0": 0.0,
  "37.0": 0.0004649366611662761,
  "38.0": 0.0019878551853366585,
  "39.0": 0.0018189711901595556,
  "40.0": 0.00234038086889648,
  "41.0": 0.0035723904702961375,
  "42.0": 0.00010516538977307529,
  "43.0": 0.003072066723714256,
  "44.0": 0.000944438602675772,
  "45.0": 0.00017315236774952073,
  "46.0": 0.0025266701540080216,
  "47.0": 0.002690827656335154,
  "48.0": 0.0,
  "49.0": 0.0064058048036573275,
  "50.0": 0.0010681954285449039,
  "51.0": 0.001182807522685458,
  "52.0": 0.001392672495257221,
  "53.0": 0.003497895573087896,
  "54.0": 0.00017068972481719492,
  "55.0": 0.0020071685062479903,
  "56.0": 0.0018972177956080943,
  "57.0": 0.004150604122661544,
  "58.0": 0.0003965092893540402,
  "59.0": 0.005239374099889619,
  "60.0": 0.01142751925473799,
  "61.0": 0.0018189711901595556,
  "62.0": 0.0022207630453220926,
  "63.0": 0.0009174746284345935,
  "64.0": 0.0003727294600213354,
  "65.0": 0.001459449372153421,
  "66.0": 0.0034632832485430908,
  "67.0": 0.005600619157448705,
  "68.0": 0.0056215405267193135,
  "69.0": 3.8745728719199454e-05,
  "70.0": 0.00022363229992389104,
  "71.0": 0.002933246048679526,
  "72.0": 0.0017861904779860403,
  "73.0": 0.0016663480795027338,
  "74.0": 0.01532493547630042,
  "75.0": 0.0018972177956080943,
  "76.0": 0.0018972177956080943,
  "77.0": 0.0017666904774625099,
  "78.0": 0.0002427552051518823,
  "79.0": 0.009322372920692679,
  "80.0": 0.0009120311135908658,
  "81.0": 0.011033925195085744,
  "82.0": 0.0012667047821577485,
  "83.0": 0.0028743694436465022,
  "84.0": 0.00020244699830147564,
  "85.0": 0.0012512348944976942,
  "86.0": 0.0022828063394320546,
  "87.0": 0.024161829122875,
  "88.0": 0.0026194830346724348,
  "89.0": 7.823692751349377e-05,
  "90.0": 0.00048099372655709203,
  "91.0": 0.0015573428795549746,
  "92.0": 0.0035315119275276807,
  "93.0": 0.0020893208666594586,
  "94.0": 0.0015546527589056596,
  "95.0": 0.005922500751814099,
  "96.0": 0.0,
  "97.0": 0.001010334691948851,
  "98.0": 9.201240346791076e-05,
  "99.0": 0.0,
  "100.0": 0.00017315236774952073,
  "101.0": 1.2712592469374121e-05,
  "102.0": 0.0
}