{
  "0.0": 8.147906229200811e-05,
  "1.0": 0.0028142289312164032,
  "2.0": 0.0014318804997135413,
  "3.0": 0.0009976887970304042,
  "4.0": 0.0019587105700557385,
  "5.0": 0.004470720438878895,
  "6.0": 0.006199894701894068,
  "7.0": 0.001789147572256482,
  "8.0": 0.0004226425398151446,
  "9.0": 0.0003811224522466435,
  "10.0": 0.002243314404969909,
  "11.0": 0.0,
  "12.0": 0.006297283369707192,
  "13.0": 2.96176368192245e-05,
  "14.0": 0.0048460078311985755,
  "15.0": 0.0011406249201203079,
  "16.0": 0.0,
  "17.0": 0.0,
  "18.0": 2.96176368192245e-05,
  "19.0": 0.0007358059051762253,
  "20.0": 0.0006624857764197846,
  "21.0": 0.0,
  "22.0": 0.0021241861915117276,
  "23.0": 0.0003811224522466435,
  "24.0": 0.0,
  "25.0": 0.0011406249201203079,
  "26.0": 0.00033974142768150524,
  "27.0": 0.0016510511640155771,
  "28.0": 0.006802319154354067,
  "29.0": 0.001230092877671658,
  "30.0": 0.006197799038944953,
  "31.0": 0.0002491495940880262,
  "32.0": 0.00027594348473138894,
  "33.0": 0.0005038021559006845,
  "34.0": 0.0009954546440273217,
  "35.0": 0.001676379113068058,
  "36.0": 0.0,
  "37.0": 0.0004226425398151446,
  "38.0": 0.0008848856488082889,
  "39.0": 0.00411850410216001,
  "40.0": 0.0010415207244427935,
  "41.0": 0.001717899200636559,
  "42.0": 3.980681865173054e-05,
  "43.0": 0.00465816188353578,
  "44.0": 0.005151143040825935,
  "45.0": 0.0002582623653894971,
  "46.0": 0.001353634764329779,
  "47.0": 0.004567937452682463,
  "48.0": 0.0,
  "49.0": 0.00965044830353021,
  "50.0": 0.0011923680559512335,
  "51.0": 0.0013057302306143926,
  "52.0": 0.0014318804997135413,
  "53.0": 0.005363854117085231,
  "54.0": 6.942445547095504e-05,
  "55.0": 0.006573154410446525,
  "56.0": 0.0015818885518272302,
  "57.0": 0.002164850524499296,
  "58.0": 0.0003811224522466435,
  "59.0": 0.0028142289312164032,
  "60.0": 0.02856970773500767,
  "61.0": 0.00411850410216001,
  "62.0": 0.0015139101710882564,
  "63.0": 0.0005394866265592753,
  "64.0": 0.00033974142768150524,
  "65.0": 0.003787489617244489,
  "66.0": 0.0057247470239326186,
  "67.0": 0.0066647412293721,
  "68.0": 0.0031770869715304156,
  "69.0": 3.165428548097959e-05,
  "70.0": 0.00025320427315567005,
  "71.0": 0.005198503816272382,
  "72.0": 0.0007113600434597191,
  "73.0": 0.005431442291035922,
  "74.0": 0.03958585841012439,
  "75.0": 0.0015818885518272302,
  "76.0": 0.0015818885518272302,
  "77.0": 0.0010727740951246892,
  "78.0": 0.00014806364976773938,
  "79.0": 0.003628885744213081,
  "80.0": 0.0005078644271838596,
  "81.0": 0.008973022082837599,
  "82.0": 0.005540479534412911,
  "83.0": 0.0018991966496466639,
  "84.0": 5.289633570262274e-05,
  "85.0": 0.0013472503181828936,
  "86.0": 0.0009706742191302072,
  "87.0": 0.011561201009873274,
  "88.0": 0.00139515485189828,
  "89.0": 2.96176368192245e-05,
  "90.0": 0.0007809465192094082,
  "91.0": 0.006401291323709394,
  "92.0": 0.001518026817446162,
  "93.0": 0.0008141600164612394,
  "94.0": 0.0014718394744370482,
  "95.0": 0.0026125086104221685,
  "96.0": 0.0,
  "97.0": 0.000590765539317499,
  "98.0": 0.000216742277820996,
  "99.0": 0.0,
  "100.0": 0.0002582623653894971,
  "101.0": 0.0,
  "102.0": 0.0
}