{
  "0.0": 0.00021737973115619415,
  "1.0": 0.005077625641937727,
  "2.0": 0.0014494708312301173,
  "3.0": 0.0004207603968998124,
  "4.0": 0.0028699791318593138,
  "5.0": 0.002759687505251494,
  "6.0": 0.0014339394812668783,
  "7.0": 0.002493622391863017,
  "8.0": 0.0006784825525689396,
  "9.0": 0.0004996439954139973,
  "10.0": 0.00216771352839969,
  "11.0": 0.0,
  "12.0": 0.0014693063249291921,
  "13.0": 0.00018844456260862886,
  "14.0": 0.0018857427345517926,
  "15.0": 0.0007962509928965213,
  "16.0": 0.0,
  "17.0": 0.0,
  "18.0": 0.00018844456260862886,
  "19.0": 0.0008053866940255202,
  "20.0": 0.001339855661532568,
  "21.0": 3.0481886065220584e-06,
  "22.0": 0.0029904440865042782,
  "23.0": 0.0004996439954139973,
  "24.0": 0.0,
  "25.0": 0.0007962509928965213,
  "26.0": 0.0004779375525438755,
  "27.0": 0.0022359732132438007,
  "28.0": 0.005411540305374676,
  "29.0": 0.001351328252895026,
  "30.0": 0.0015412360255186133,
  "31.0": 0.0006310674561655278,
  "32.0": 0.000541342655033435,
  "33.0": 0.00022226993445383263,
  "34.0": 0.000713727645183177,
  "35.0": 0.003573821728567112,
  "36.0": 0.0,
  "37.0": 0.0006784825525689396,
  "38.0": 0.001960760175500907,
  "39.0": 0.0019059531018943534,
  "40.0": 0.0025849992468676645,
  "41.0": 0.0038235999478374756,
  "42.0": 0.00011239695378773689,
  "43.0": 0.0028649130221691612,
  "44.0": 0.001096646133836349,
  "45.0": 0.0002843786965335232,
  "46.0": 0.002635369013873534,
  "47.0": 0.002910523376188146,
  "48.0": 0.0,
  "49.0": 0.006539088389924594,
  "50.0": 0.0010284581571413907,
  "51.0": 0.0008483574630133128,
  "52.0": 0.0014494708312301173,
  "53.0": 0.003079496896060934,
  "54.0": 0.0002770206412505238,
  "55.0": 0.001657712300052678,
  "56.0": 0.0016769893823061926,
  "57.0": 0.0037134303176330724,
  "58.0": 0.0004996439954139973,
  "59.0": 0.005077625641937727,
  "60.0": 0.011601881084456282,
  "61.0": 0.0019059531018943534,
  "62.0": 0.0022229291295233354,
  "63.0": 0.0009146190590028696,
  "64.0": 0.0004779375525438755,
  "65.0": 0.0014389730125076046,
  "66.0": 0.0031998070310802797,
  "67.0": 0.005347952358644172,
  "68.0": 0.005223570371361858,
  "69.0": 4.0033483529805165e-05,
  "70.0": 0.0001682137071691775,
  "71.0": 0.002759000050015391,
  "72.0": 0.00166477333536597,
  "73.0": 0.0016592891164139453,
  "74.0": 0.015086658773714748,
  "75.0": 0.0016769893823061926,
  "76.0": 0.0016769893823061926,
  "77.0": 0.0016425210483719246,
  "78.0": 0.00025937381658595383,
  "79.0": 0.006019027318285099,
  "80.0": 0.0009194037912414721,
  "81.0": 0.008150740433900204,
  "82.0": 0.0015456173847891628,
  "83.0": 0.0026897505373248407,
  "84.0": 0.00015168092156804856,
  "85.0": 0.0010271960201682553,
  "86.0": 0.0022760423190439183,
  "87.0": 0.023855682914779467,
  "88.0": 0.0028629785887328302,
  "89.0": 0.00018844456260862886,
  "90.0": 0.00033063233651115046,
  "91.0": 0.001663385825116745,
  "92.0": 0.003699900341396587,
  "93.0": 0.0021197177149722434,
  "94.0": 0.0014867728753539889,
  "95.0": 0.0032397722740173437,
  "96.0": 0.0,
  "97.0": 0.0011237327495367015,
  "98.0": 9.012806038866191e-05,
  "99.0": 0.0,
  "100.0": 0.0002843786965335232,
  "101.0": 2.382087514584189e-05,
  "102.0": 0.0
}