{
  "0.0": 0.00013091882437014373,
  "1.0": 0.005855419686407442,
  "2.0": 0.0013061963735449794,
  "3.0": 0.0008470108704545488,
  "4.0": 0.0047749195584846065,
  "5.0": 0.0011181415372180294,
  "6.0": 0.001772700571595853,
  "7.0": 0.0017198968484683972,
  "8.0": 0.00025863358938201333,
  "9.0": 0.00020975776010408601,
  "10.0": 0.0024752256848860473,
  "11.0": 0.0,
  "12.0": 0.0018046517558910455,
  "13.0": 0.00011415279870419324,
  "14.0": 0.0015257181972795943,
  "15.0": 0.0009767137133055962,
  "16.0": 0.0,
  "17.0": 0.0,
  "18.0": 0.00011415279870419324,
  "19.0": 0.0007298824209013426,
  "20.0": 0.0005414557212329562,
  "21.0": 6.24878664337022e-06,
  "22.0": 0.004938384989099309,
  "23.0": 0.00020975776010408601,
  "24.0": 0.0,
  "25.0": 0.0009767137133055962,
  "26.0": 0.00019632149919665678,
  "27.0": 0.001579737882817802,
  "28.0": 0.006112231856343704,
  "29.0": 0.0013353391346148423,
  "30.0": 0.0019571874569455534,
  "31.0": 0.0011632790613059043,
  "32.0": 0.00030160382795813527,
  "33.0": 0.0004848558043996468,
  "34.0": 0.0010803735850821769,
  "35.0": 0.0013950066308601595,
  "36.0": 0.0,
  "37.0": 0.00025863358938201333,
  "38.0": 0.000777626782286072,
  "39.0": 0.0007897733408476807,
  "40.0": 0.001048720154111789,
  "41.0": 0.0014438824601380868,
  "42.0": 9.741758592873123e-05,
  "43.0": 0.0012273966418409603,
  "44.0": 0.0009360788116204963,
  "45.0": 0.00013067964425277897,
  "46.0": 0.0010498724088238598,
  "47.0": 0.0011516427756594419,
  "48.0": 0.0,
  "49.0": 0.007704057107458211,
  "50.0": 0.0010852103943212643,
  "51.0": 0.001128851614925955,
  "52.0": 0.0013061963735449794,
  "53.0": 0.0021388308362539684,
  "54.0": 0.0001462934152066585,
  "55.0": 0.0019737143024941392,
  "56.0": 0.0014326929937365483,
  "57.0": 0.005343134908148561,
  "58.0": 0.00020975776010408601,
  "59.0": 0.005855419686407442,
  "60.0": 0.0051731840454162115,
  "61.0": 0.0007897733408476807,
  "62.0": 0.0036020344599438604,
  "63.0": 0.000426938037011151,
  "64.0": 0.00019632149919665678,
  "65.0": 0.0006618193957184463,
  "66.0": 0.002096025729725079,
  "67.0": 0.002888084694165808,
  "68.0": 0.002917883623374392,
  "69.0": 2.8999113038278578e-05,
  "70.0": 0.0005527401409878217,
  "71.0": 0.001761231357521992,
  "72.0": 0.0036387149604687344,
  "73.0": 0.0010655825644483954,
  "74.0": 0.007971044061896802,
  "75.0": 0.0014326929937365483,
  "76.0": 0.0014326929937365483,
  "77.0": 0.0030742821529193337,
  "78.0": 0.0006741163025101324,
  "79.0": 0.007052803035265854,
  "80.0": 0.00037741607287791474,
  "81.0": 0.007805828189157457,
  "82.0": 0.0010640327567497305,
  "83.0": 0.0018296274429940157,
  "84.0": 6.796925822613221e-05,
  "85.0": 0.0011777274442038824,
  "86.0": 0.0009710334730899179,
  "87.0": 0.061482186656242326,
  "88.0": 0.0010987482381017873,
  "89.0": 0.00011415279870419324,
  "90.0": 0.0008304840249059631,
  "91.0": 0.0018535275851689727,
  "92.0": 0.004436057947379342,
  "93.0": 0.0035688783309721535,
  "94.0": 0.0013229623992109302,
  "95.0": 0.002618230269077549,
  "96.0": 0.0,
  "97.0": 0.00043972816306327123,
  "98.0": 1.652684554858572e-05,
  "99.0": 0.0,
  "100.0": 0.00013067964425277897,
  "101.0": 6.527696942626592e-05,
  "102.0": 0.0
}