{
  "0.0": 0.00021330287675588592,
  "1.0": 0.004544217656201377,
  "2.0": 0.000638364646261396,
  "3.0": 0.00034040876315220066,
  "4.0": 0.002795550191523444,
  "5.0": 0.0012004728107987172,
  "6.0": 0.00323406699095701,
  "7.0": 0.001222150475639601,
  "8.0": 0.0003683674267590195,
  "9.0": 0.00032558357230443307,
  "10.0": 0.0022468178077988377,
  "11.0": 0.0,
  "12.0": 0.0032910421361565423,
  "13.0": 7.458460818072867e-05,
  "14.0": 0.0010243016211984384,
  "15.0": 0.00046466248562177355,
  "16.0": 0.0,
  "17.0": 0.0,
  "18.0": 7.458460818072867e-05,
  "19.0": 0.0008112315568085173,
  "20.0": 0.0006680941483604862,
  "21.0": 3.0481886065220584e-06,
  "22.0": 0.003599849623057009,
  "23.0": 0.00032558357230443307,
  "24.0": 0.0,
  "25.0": 0.00046466248562177355,
  "26.0": 0.0002868975587440328,
  "27.0": 0.001800886587498071,
  "28.0": 0.004776532685248275,
  "29.0": 0.001493684857746327,
  "30.0": 0.003443409088639691,
  "31.0": 0.0006980739184378443,
  "32.0": 0.0003168481414614276,
  "33.0": 0.0003133804057351806,
  "34.0": 0.0005417315718474339,
  "35.0": 0.004082101880366057,
  "36.0": 0.0,
  "37.0": 0.0003683674267590195,
  "38.0": 0.003058108073848846,
  "39.0": 0.0010110818055402604,
  "40.0": 0.0035589126456517404,
  "41.0": 0.004173656752524998,
  "42.0": 0.00016891364711170973,
  "43.0": 0.0013455459851187727,
  "44.0": 0.002829987709651454,
  "45.0": 0.0001053954357142892,
  "46.0": 0.0036196202612423503,
  "47.0": 0.0012448620404428934,
  "48.0": 0.0,
  "49.0": 0.011715340635698353,
  "50.0": 0.00114009627555806,
  "51.0": 0.0006112284129413948,
  "52.0": 0.000638364646261396,
  "53.0": 0.0016084263946997148,
  "54.0": 0.00021169750156629623,
  "55.0": 0.0035047018022384717,
  "56.0": 0.001618158307720962,
  "57.0": 0.0032876846296602466,
  "58.0": 0.00032558357230443307,
  "59.0": 0.004544217656201377,
  "60.0": 0.017330349774346065,
  "61.0": 0.0010110818055402604,
  "62.0": 0.002627014407639333,
  "63.0": 0.00042348691349934197,
  "64.0": 0.0002868975587440328,
  "65.0": 0.0007210148046597788,
  "66.0": 0.0023524275586611423,
  "67.0": 0.0032358318196750667,
  "68.0": 0.0060972160761233775,
  "69.0": 4.095599534946978e-05,
  "70.0": 0.0002510653769887324,
  "71.0": 0.0021113632035706055,
  "72.0": 0.0021789438304354656,
  "73.0": 0.003197934136401329,
  "74.0": 0.02310085012119302,
  "75.0": 0.001618158307720962,
  "76.0": 0.001618158307720962,
  "77.0": 0.0021490599088909972,
  "78.0": 0.0004243733231778227,
  "79.0": 0.006377712581312319,
  "80.0": 0.0011574922525011242,
  "81.0": 0.007144536259988448,
  "82.0": 0.0032331763765961986,
  "83.0": 0.0020594022069879915,
  "84.0": 0.00015657965867091908,
  "85.0": 0.000654012267395981,
  "86.0": 0.003430277135121991,
  "87.0": 0.01074582119510754,
  "88.0": 0.0037111751334012893,
  "89.0": 7.458460818072867e-05,
  "90.0": 0.0003095979356186401,
  "91.0": 0.003364307876676349,
  "92.0": 0.0031192468499965137,
  "93.0": 0.002246583751808091,
  "94.0": 0.0008030752207836405,
  "95.0": 0.002556061759277925,
  "96.0": 0.0,
  "97.0": 0.0012511548749421992,
  "98.0": 3.0810827533560514e-05,
  "99.0": 0.0,
  "100.0": 0.0001053954357142892,
  "101.0": 3.180075372614229e-05,
  "102.0": 0.0
}