{
  "0.0": 0.00019180470613978763,
  "1.0": 0.004934650402187708,
  "2.0": 0.0016718429530711144,
  "3.0": 0.0006179517253458359,
  "4.0": 0.0026509877100091028,
  "5.0": 0.003025601261604525,
  "6.0": 0.0015330274682901779,
  "7.0": 0.0022285305888386847,
  "8.0": 0.0004732801237513491,
  "9.0": 0.00039488510668861344,
  "10.0": 0.0022520591679312803,
  "11.0": 0.0,
  "12.0": 0.0015533613104770137,
  "13.0": 0.00010225686808640542,
  "14.0": 0.0022529139283924567,
  "15.0": 0.0007950756016581441,
  "16.0": 0.0,
  "17.0": 0.0,
  "18.0": 0.00010225686808640542,
  "19.0": 0.0008232006434833083,
  "20.0": 0.0014158159808742162,
  "21.0": 4.097565012046046e-06,
  "22.0": 0.0032303390110149962,
  "23.0": 0.00039488510668861344,
  "24.0": 0.0,
  "25.0": 0.0007950756016581441,
  "26.0": 0.00038062173118628983,
  "27.0": 0.0014204648738164736,
  "28.0": 0.005533241441874673,
  "29.0": 0.001460624488144071,
  "30.0": 0.0020383126420584945,
  "31.0": 0.0005617396197557673,
  "32.0": 0.0003945099865404009,
  "33.0": 0.00047435123561641947,
  "34.0": 0.0011674855410765054,
  "35.0": 0.004053751436537006,
  "36.0": 0.0,
  "37.0": 0.0004732801237513491,
  "38.0": 0.00232736473115906,
  "39.0": 0.002057690913091342,
  "40.0": 0.002682354942979256,
  "41.0": 0.00417982721010355,
  "42.0": 6.735468566740464e-05,
  "43.0": 0.002916687219374391,
  "44.0": 0.0010093595625484705,
  "45.0": 0.00021658131893878684,
  "46.0": 0.002912481694329444,
  "47.0": 0.0032116898668734977,
  "48.0": 0.0,
  "49.0": 0.0069025270734559,
  "50.0": 0.0008163395772018657,
  "51.0": 0.00132603756359773,
  "52.0": 0.0016718429530711144,
  "53.0": 0.004094949237841739,
  "54.0": 0.00014184725986152546,
  "55.0": 0.0021873773180130047,
  "56.0": 0.0016975715277280316,
  "57.0": 0.00420421214603699,
  "58.0": 0.00039488510668861344,
  "59.0": 0.004934650402187708,
  "60.0": 0.013035125647554264,
  "61.0": 0.002057690913091342,
  "62.0": 0.0018094437101776458,
  "63.0": 0.0011196059804268693,
  "64.0": 0.00038062173118628983,
  "65.0": 0.0017281465080646275,
  "66.0": 0.003520637654601895,
  "67.0": 0.005265924695895068,
  "68.0": 0.006108296691345184,
  "69.0": 4.0688223150925866e-05,
  "70.0": 0.0002749866664708092,
  "71.0": 0.003076061520714653,
  "72.0": 0.002149061070813574,
  "73.0": 0.001856994395789679,
  "74.0": 0.01654084594823258,
  "75.0": 0.0016975715277280316,
  "76.0": 0.0016975715277280316,
  "77.0": 0.0018811854615756528,
  "78.0": 0.00030391984878138826,
  "79.0": 0.005625215787322283,
  "80.0": 0.0005780648311402586,
  "81.0": 0.007311636902324917,
  "82.0": 0.0012865461924212633,
  "83.0": 0.002117322569908302,
  "84.0": 0.0001217647751604026,
  "85.0": 0.0014044325806604663,
  "86.0": 0.0026302881338077814,
  "87.0": 0.027940229511245727,
  "88.0": 0.00302365723148855,
  "89.0": 0.00010225686808640542,
  "90.0": 0.0005075297173620698,
  "91.0": 0.0016317563275397497,
  "92.0": 0.0034406615014949877,
  "93.0": 0.0018217442563891219,
  "94.0": 0.0017814624465781086,
  "95.0": 0.0033771879438844743,
  "96.0": 0.0,
  "97.0": 0.0006707232237053177,
  "98.0": 0.00011042200798376612,
  "99.0": 0.0,
  "100.0": 0.00021658131893878684,
  "101.0": 2.7764293892284648e-05,
  "102.0": 0.0
}