{
  "0.0": 0.0002181945248097596,
  "1.0": 0.005007786144769401,
  "2.0": 0.0016362198113703491,
  "3.0": 0.0005803590782164292,
  "4.0": 0.0024836794347276006,
  "5.0": 0.001977195436024989,
  "6.0": 0.002587171413100438,
  "7.0": 0.0021357010403166357,
  "8.0": 0.0006753077987159383,
  "9.0": 0.0005009000319224172,
  "10.0": 0.0047461216824533576,
  "11.0": 0.0,
  "12.0": 0.002640906726867621,
  "13.0": 0.00017450979936364634,
  "14.0": 0.001271197174253392,
  "15.0": 0.0009562119977755986,
  "16.0": 0.0,
  "17.0": 0.0,
  "18.0": 0.00017450979936364634,
  "19.0": 0.001016923053984654,
  "20.0": 0.0013613176161005028,
  "21.0": 1.5240943032610292e-06,
  "22.0": 0.003445873555377641,
  "23.0": 0.0005009000319224172,
  "24.0": 0.0,
  "25.0": 0.0009562119977755986,
  "26.0": 0.000474485519739618,
  "27.0": 0.0018479601153902044,
  "28.0": 0.0043787165776901955,
  "29.0": 0.0018009200990422814,
  "30.0": 0.003050384186240152,
  "31.0": 0.0004724551419316419,
  "32.0": 0.00040776511722030983,
  "33.0": 0.0004433636052216475,
  "34.0": 0.0011587676785517061,
  "35.0": 0.0035982694963086464,
  "36.0": 0.0,
  "37.0": 0.0006753077987159383,
  "38.0": 0.0019761216992143235,
  "39.0": 0.0011302309833415498,
  "40.0": 0.0025744472091621326,
  "41.0": 0.0038436169252175903,
  "42.0": 0.00010692894633105442,
  "43.0": 0.0018462086067559218,
  "44.0": 0.0020156210480907137,
  "45.0": 0.0002706078971921389,
  "46.0": 0.002634902794242875,
  "47.0": 0.002120766603154013,
  "48.0": 0.0,
  "49.0": 0.008070161045732913,
  "50.0": 0.0011710853418792474,
  "51.0": 0.0013152587706332373,
  "52.0": 0.0016362198113703491,
  "53.0": 0.002784665516166517,
  "54.0": 0.0002671218434324203,
  "55.0": 0.0031875665652869854,
  "56.0": 0.0021440117123434216,
  "57.0": 0.0036586954326553126,
  "58.0": 0.0005009000319224172,
  "59.0": 0.005007786144769401,
  "60.0": 0.011472891259810561,
  "61.0": 0.0011302309833415498,
  "62.0": 0.0019356945707119412,
  "63.0": 0.0009301930373950986,
  "64.0": 0.000474485519739618,
  "65.0": 0.0006932973632200457,
  "66.0": 0.0028519181922862322,
  "67.0": 0.0043833488956127745,
  "68.0": 0.005927606286225637,
  "69.0": 3.8745728719199454e-05,
  "70.0": 0.00023593227009881119,
  "71.0": 0.002325568998488278,
  "72.0": 0.0019181974950685193,
  "73.0": 0.002715566684063482,
  "74.0": 0.016277931291541124,
  "75.0": 0.0021440117123434216,
  "76.0": 0.0021440117123434216,
  "77.0": 0.0018631901808540035,
  "78.0": 0.0002498676452337671,
  "79.0": 0.008865284200422619,
  "80.0": 0.0009120642319053797,
  "81.0": 0.00974124104910311,
  "82.0": 0.0025300557394493076,
  "83.0": 0.0025943971595221,
  "84.0": 0.00015589334955322647,
  "85.0": 0.0014896665374267586,
  "86.0": 0.0022759265938588,
  "87.0": 0.023886203310120823,
  "88.0": 0.00285808157874075,
  "89.0": 0.00017450979936364634,
  "90.0": 0.0004900670539241692,
  "91.0": 0.002845796379726363,
  "92.0": 0.0031439732933226396,
  "93.0": 0.0016037398231281835,
  "94.0": 0.0016882714123927676,
  "95.0": 0.006021093840475206,
  "96.0": 0.0,
  "97.0": 0.001116670469151865,
  "98.0": 9.029202429226004e-05,
  "99.0": 0.0,
  "100.0": 0.0002706078971921389,
  "101.0": 1.4316902262280468e-05,
  "102.0": 0.0
}