{
  "0.0": 0.000342412371960859,
  "1.0": 0.008029086602619674,
  "2.0": 0.0026269389719206027,
  "3.0": 0.0005034048718817716,
  "4.0": 0.004469433366671393,
  "5.0": 0.0030651600704041187,
  "6.0": 0.0014405176979369835,
  "7.0": 0.0034513026368578675,
  "8.0": 0.0005100949962627086,
  "9.0": 0.0004408692040089167,
  "10.0": 0.01288329242035217,
  "11.0": 0.0,
  "12.0": 0.0014454235105168802,
  "13.0": 0.00012792509152914194,
  "14.0": 0.0010862554070932685,
  "15.0": 0.0006467622689692526,
  "16.0": 0.0,
  "17.0": 0.0,
  "18.0": 0.00012792509152914194,
  "19.0": 0.00047456439295132195,
  "20.0": 0.002747552398136592,
  "21.0": 6.24878664337022e-06,
  "22.0": 0.004651630367587428,
  "23.0": 0.0004408692040089167,
  "24.0": 0.0,
  "25.0": 0.0006467622689692526,
  "26.0": 0.00043596339142901966,
  "27.0": 0.0012875971114103665,
  "28.0": 0.005765961233795963,
  "29.0": 0.001044339949257945,
  "30.0": 0.0016407744222022556,
  "31.0": 0.0010023686827481373,
  "32.0": 0.00022420272281600118,
  "33.0": 0.0002883246195640277,
  "34.0": 0.0007728873884008362,
  "35.0": 0.0038675014377282666,
  "36.0": 0.0,
  "37.0": 0.0005100949962627086,
  "38.0": 0.0008331715524493629,
  "39.0": 0.000996316905641825,
  "40.0": 0.0014020940956899037,
  "41.0": 0.003982172951024751,
  "42.0": 0.0003005894132856556,
  "43.0": 0.001192745699392077,
  "44.0": 0.0009576494861112279,
  "45.0": 0.00015225031874351055,
  "46.0": 0.0013990164893256842,
  "47.0": 0.0031454371007308313,
  "48.0": 0.0,
  "49.0": 0.007252888598165206,
  "50.0": 0.0005603701523071631,
  "51.0": 0.0008021184281951019,
  "52.0": 0.0026269389719206027,
  "53.0": 0.0038648804159026454,
  "54.0": 0.0003698152055394477,
  "55.0": 0.0016650996494166242,
  "56.0": 0.001142796781306003,
  "57.0": 0.007239406208878235,
  "58.0": 0.0004408692040089167,
  "59.0": 0.008029086602619674,
  "60.0": 0.005195826181484158,
  "61.0": 0.000996316905641825,
  "62.0": 0.0033399499218552836,
  "63.0": 0.002227396585258154,
  "64.0": 0.00043596339142901966,
  "65.0": 0.0005829274579593359,
  "66.0": 0.0016982444829389113,
  "67.0": 0.004950724985103752,
  "68.0": 0.0048731579173273455,
  "69.0": 2.8999113038278578e-05,
  "70.0": 0.00037657015052716344,
  "71.0": 0.0015619772866391558,
  "72.0": 0.0037246427858363958,
  "73.0": 0.003301990415759843,
  "74.0": 0.0069640402387802025,
  "75.0": 0.001142796781306003,
  "76.0": 0.001142796781306003,
  "77.0": 0.0027670990755985867,
  "78.0": 0.0006487253051990624,
  "79.0": 0.020012317854511248,
  "80.0": 0.0006381901600323363,
  "81.0": 0.021745161116291694,
  "82.0": 0.001377982030064128,
  "83.0": 0.0015814048551437998,
  "84.0": 4.377849840995029e-05,
  "85.0": 0.0008713442204488941,
  "86.0": 0.001300559657277626,
  "87.0": 0.06122417246580711,
  "88.0": 0.001468242281579476,
  "89.0": 0.00012792509152914194,
  "90.0": 0.0004790796446674031,
  "91.0": 0.0015146493027706719,
  "92.0": 0.006922439631814612,
  "93.0": 0.003631366882432194,
  "94.0": 0.002929377407775134,
  "95.0": 0.01580508667480276,
  "96.0": 0.0,
  "97.0": 0.0007123217648660255,
  "98.0": 2.4325227214368592e-05,
  "99.0": 0.0,
  "100.0": 0.00015225031874351055,
  "101.0": 5.869929927534991e-05,
  "102.0": 0.0
}