{
  "0.0": 0.00020066265734180346,
  "1.0": 0.006127925321103016,
  "2.0": 0.0015621112196189204,
  "3.0": 0.00042399927231546937,
  "4.0": 0.0030932372179746136,
  "5.0": 0.0020771784354657254,
  "6.0": 0.0014285470003699609,
  "7.0": 0.002711384318243822,
  "8.0": 0.0005951586904836353,
  "9.0": 0.00040219572602194205,
  "10.0": 0.0021785984817259147,
  "11.0": 0.0,
  "12.0": 0.0013141003930969483,
  "13.0": 0.000213712390336561,
  "14.0": 0.0011798810180331247,
  "15.0": 0.0007103146052163549,
  "16.0": 0.0,
  "17.0": 0.0,
  "18.0": 0.000213712390336561,
  "19.0": 0.0010209670111157206,
  "20.0": 0.0015300467467116087,
  "21.0": 4.097565012046046e-06,
  "22.0": 0.003622974377245272,
  "23.0": 0.00040219572602194205,
  "24.0": 0.0,
  "25.0": 0.0007103146052163549,
  "26.0": 0.0004961545082347239,
  "27.0": 0.0024052171460931205,
  "28.0": 0.005451978270156467,
  "29.0": 0.001870796495197568,
  "30.0": 0.0019440543628460778,
  "31.0": 0.0006984797744066148,
  "32.0": 0.0007200758558456385,
  "33.0": 0.00043401793823147686,
  "34.0": 0.0010926714103431778,
  "35.0": 0.004041657725427839,
  "36.0": 0.0,
  "37.0": 0.0005951586904836353,
  "38.0": 0.002327438131338406,
  "39.0": 0.0010078334665291895,
  "40.0": 0.00292367264144654,
  "41.0": 0.00432998220289715,
  "42.0": 0.00014538411184669906,
  "43.0": 0.0025347545084258845,
  "44.0": 0.0011264467286570237,
  "45.0": 0.0003296979763147375,
  "46.0": 0.0029165902308387606,
  "47.0": 0.002145064873305586,
  "48.0": 0.0,
  "49.0": 0.007368387610061062,
  "50.0": 0.0012047675758483103,
  "51.0": 0.0011385919435905798,
  "52.0": 0.0015621112196189204,
  "53.0": 0.0028542177696860146,
  "54.0": 0.00032489037676144294,
  "55.0": 0.0020947801739263834,
  "56.0": 0.0021178751229307567,
  "57.0": 0.004648079476458182,
  "58.0": 0.00040219572602194205,
  "59.0": 0.006127925321103016,
  "60.0": 0.005892909963217273,
  "61.0": 0.0010078334665291895,
  "62.0": 0.0024430287859136396,
  "63.0": 0.0011065535988997034,
  "64.0": 0.0004961545082347239,
  "65.0": 0.0007298131661164731,
  "66.0": 0.002801821883668217,
  "67.0": 0.005306772827525962,
  "68.0": 0.006583590707882559,
  "69.0": 2.995540914013066e-05,
  "70.0": 0.00025614633066707115,
  "71.0": 0.002264855382160782,
  "72.0": 0.0022713392529381624,
  "73.0": 0.001824494736942607,
  "74.0": 0.009655395088824405,
  "75.0": 0.0021178751229307567,
  "76.0": 0.0021178751229307567,
  "77.0": 0.002058454340956247,
  "78.0": 0.00026184486340699093,
  "79.0": 0.006888761079492541,
  "80.0": 0.001043309007045632,
  "81.0": 0.007594620878365323,
  "82.0": 0.0014123952678861513,
  "83.0": 0.0032876652388545177,
  "84.0": 0.00025579025964653755,
  "85.0": 0.001331554908052273,
  "86.0": 0.0026348796995852523,
  "87.0": 0.028574707224222062,
  "88.0": 0.003175114235493191,
  "89.0": 0.000213712390336561,
  "90.0": 0.0003158185720745235,
  "91.0": 0.001527551182618871,
  "92.0": 0.004115565661503838,
  "93.0": 0.002449469651370262,
  "94.0": 0.001549540995070697,
  "95.0": 0.003277939199579544,
  "96.0": 0.0,
  "97.0": 0.0011448565055089174,
  "98.0": 0.00010818070024094598,
  "99.0": 0.0,
  "100.0": 0.0003296979763147375,
  "101.0": 3.4206125421817054e-05,
  "102.0": 0.0
}