{
  "0.0": 0.0002393705650164159,
  "1.0": 0.003836851916663651,
  "2.0": 0.001451560341819914,
  "3.0": 0.0004706760160353418,
  "4.0": 0.0015167916631124996,
  "5.0": 0.001946847922545927,
  "6.0": 0.0013959310618840157,
  "7.0": 0.0020836108252082776,
  "8.0": 0.0004991278233426366,
  "9.0": 0.00042388987499284786,
  "10.0": 0.005830599278451495,
  "11.0": 0.0,
  "12.0": 0.0014000870415502738,
  "13.0": 9.909979937345814e-05,
  "14.0": 0.001047309722393677,
  "15.0": 0.0006253078924011773,
  "16.0": 0.0,
  "17.0": 0.0,
  "18.0": 9.909979937345814e-05,
  "19.0": 0.0007990168645465419,
  "20.0": 0.0014858396003685475,
  "21.0": 4.097565012046046e-06,
  "22.0": 0.0021232665122501923,
  "23.0": 0.00042388987499284786,
  "24.0": 0.0,
  "25.0": 0.0006253078924011773,
  "26.0": 0.0004197338953265895,
  "27.0": 0.0017185019649224183,
  "28.0": 0.0031435839943212496,
  "29.0": 0.0013797224340870273,
  "30.0": 0.0014731036231905104,
  "31.0": 0.00030323568463789516,
  "32.0": 0.00027027286349510333,
  "33.0": 0.00024550155641024564,
  "34.0": 0.0006435743507518554,
  "35.0": 0.0041339984904274546,
  "36.0": 0.0,
  "37.0": 0.0004991278233426366,
  "38.0": 0.002328620689783442,
  "39.0": 0.0010571949348122012,
  "40.0": 0.00274458221754122,
  "41.0": 0.0042569171952810516,
  "42.0": 0.00012567266325914732,
  "43.0": 0.0013899366574031337,
  "44.0": 0.0010171690715808826,
  "45.0": 0.00020812762420245823,
  "46.0": 0.002961817292865862,
  "47.0": 0.0021039730090462476,
  "48.0": 0.0,
  "49.0": 0.005978810443603446,
  "50.0": 0.0010613500765694023,
  "51.0": 0.0007638843552680633,
  "52.0": 0.001451560341819914,
  "53.0": 0.0023921558957577184,
  "54.0": 0.00019700816874032088,
  "55.0": 0.0016097454731006898,
  "56.0": 0.0015834655169771157,
  "57.0": 0.0026803124632313233,
  "58.0": 0.00042388987499284786,
  "59.0": 0.003836851916663651,
  "60.0": 0.013675732786240158,
  "61.0": 0.0010571949348122012,
  "62.0": 0.0013691658414233254,
  "63.0": 0.001131562259717366,
  "64.0": 0.0004197338953265895,
  "65.0": 0.0007297719355649474,
  "66.0": 0.0022495510968928373,
  "67.0": 0.003963136501306293,
  "68.0": 0.005878798655690608,
  "69.0": 3.800129527417437e-05,
  "70.0": 9.806832836393593e-05,
  "71.0": 0.001917880765341859,
  "72.0": 0.0008338816772364137,
  "73.0": 0.001891781067666731,
  "74.0": 0.016320438770447566,
  "75.0": 0.0015834655169771157,
  "76.0": 0.0015834655169771157,
  "77.0": 0.0012144296961163464,
  "78.0": 0.00012688650493901035,
  "79.0": 0.008915676042516054,
  "80.0": 0.0010547167476041724,
  "81.0": 0.010047689686874932,
  "82.0": 0.0013491449208415218,
  "83.0": 0.0020252864771725895,
  "84.0": 0.0001553183500317136,
  "85.0": 0.0008391223036178518,
  "86.0": 0.0026981848229165922,
  "87.0": 0.011020805128300351,
  "88.0": 0.0030698357613120186,
  "89.0": 9.909979937345814e-05,
  "90.0": 0.00036555063407495695,
  "91.0": 0.0014753249899000626,
  "92.0": 0.0025218171414950895,
  "93.0": 0.0009156991915161566,
  "94.0": 0.0016293730013399363,
  "95.0": 0.007119807407268099,
  "96.0": 0.0,
  "97.0": 0.0011423058056443118,
  "98.0": 0.00010512538196038477,
  "99.0": 0.0,
  "100.0": 0.00020812762420245823,
  "101.0": 2.7764293892284648e-05,
  "102.0": 0.0
}