{
  "0.0": 0.00031414506661258654,
  "1.0": 0.0059671532034154704,
  "2.0": 0.0015975320316943644,
  "3.0": 0.0004756837790590882,
  "4.0": 0.004231980106475774,
  "5.0": 0.002082798108619769,
  "6.0": 0.0015798450028011043,
  "7.0": 0.004137912100622327,
  "8.0": 0.0013928418340837104,
  "9.0": 0.0009290735035863946,
  "10.0": 0.0018877059090252237,
  "11.0": 0.0,
  "12.0": 0.0017735705877433127,
  "13.0": 0.0004304597315229134,
  "14.0": 0.0014716567940125918,
  "15.0": 0.0015249772408964235,
  "16.0": 0.0,
  "17.0": 0.0,
  "18.0": 0.0004304597315229134,
  "19.0": 0.0009697399424812883,
  "20.0": 0.0011941880278013004,
  "21.0": 0.0,
  "22.0": 0.0026995779848129446,
  "23.0": 0.0009290735035863946,
  "24.0": 0.0,
  "25.0": 0.0015249772408964235,
  "26.0": 0.0007913555618921707,
  "27.0": 0.00400911827350583,
  "28.0": 0.0053808181362076735,
  "29.0": 0.0013393308797210598,
  "30.0": 0.001710712598974846,
  "31.0": 0.0009274598928149656,
  "32.0": 0.0012094811857711848,
  "33.0": 0.0003342758578955881,
  "34.0": 0.001035843641490862,
  "35.0": 0.002399970584080232,
  "36.0": 0.0,
  "37.0": 0.0013928418340837104,
  "38.0": 0.000940654289518588,
  "39.0": 0.0015464749873245122,
  "40.0": 0.0024568378660121087,
  "41.0": 0.0030091652219141644,
  "42.0": 0.00026342433156994024,
  "43.0": 0.003984538973130882,
  "44.0": 0.001102661502344024,
  "45.0": 0.0004902804112937422,
  "46.0": 0.002006876486965965,
  "47.0": 0.002133518843662415,
  "48.0": 0.0,
  "49.0": 0.0044386090133906875,
  "50.0": 0.0009073881329488893,
  "51.0": 0.0012813032411360084,
  "52.0": 0.0015975320316943644,
  "53.0": 0.0020560775911381093,
  "54.0": 0.0006808141470786956,
  "55.0": 0.0017705332787456747,
  "56.0": 0.0020735539564370035,
  "57.0": 0.004097476008703838,
  "58.0": 0.0009290735035863946,
  "59.0": 0.0059671532034154704,
  "60.0": 0.005730371591012967,
  "61.0": 0.0015464749873245122,
  "62.0": 0.0028796824961599774,
  "63.0": 0.00037671631227967887,
  "64.0": 0.0007913555618921707,
  "65.0": 0.0005673000884472455,
  "66.0": 0.0027465002103384114,
  "67.0": 0.0061390511618083414,
  "68.0": 0.0036963695901306988,
  "69.0": 3.150152197124696e-05,
  "70.0": 3.69803416327792e-05,
  "71.0": 0.002207742992645797,
  "72.0": 0.0011916272656801346,
  "73.0": 0.0008656213918605485,
  "74.0": 0.01159295692305095,
  "75.0": 0.0020735539564370035,
  "76.0": 0.0020735539564370035,
  "77.0": 0.000903832241970863,
  "78.0": 7.042373122060676e-05,
  "79.0": 0.007160811461591672,
  "80.0": 0.0006392398532606722,
  "81.0": 0.008932064645672946,
  "82.0": 0.0021676913778616177,
  "83.0": 0.004819272201637637,
  "84.0": 0.00022689134382393293,
  "85.0": 0.0017450715716333246,
  "86.0": 0.0013172872225648766,
  "87.0": 0.013717087331508964,
  "88.0": 0.0025706254037572056,
  "89.0": 0.0004304597315229134,
  "90.0": 0.0004277655500375361,
  "91.0": 0.0022998267846743308,
  "92.0": 0.0045762559520222635,
  "93.0": 0.002923961402862406,
  "94.0": 0.001454303007513375,
  "95.0": 0.0029364647318068714,
  "96.0": 0.0,
  "97.0": 0.0012312452077864087,
  "98.0": 4.791822902155211e-05,
  "99.0": 0.0,
  "100.0": 0.0004902804112937422,
  "101.0": 1.3069916014157807e-05,
  "102.0": 0.0
}