{
  "0.0": 0.0002012218766629227,
  "1.0": 0.004930042537979289,
  "2.0": 0.0011244018029791473,
  "3.0": 0.0005467996809670172,
  "4.0": 0.002974157820654593,
  "5.0": 0.002272999120422087,
  "6.0": 0.002563209709571061,
  "7.0": 0.002129026619144607,
  "8.0": 0.0006537930230042831,
  "9.0": 0.00048207483439298757,
  "10.0": 0.002111310232570166,
  "11.0": 0.0,
  "12.0": 0.0026219020355179247,
  "13.0": 0.00016708750729234724,
  "14.0": 0.0020464385270697744,
  "15.0": 0.0009222304563414179,
  "16.0": 0.0,
  "17.0": 0.0,
  "18.0": 0.00016708750729234724,
  "19.0": 0.0010637883501857235,
  "20.0": 0.0008488211993524154,
  "21.0": 0.0,
  "22.0": 0.0034126046815887677,
  "23.0": 0.00048207483439298757,
  "24.0": 0.0,
  "25.0": 0.0009222304563414179,
  "26.0": 0.0004507033100305057,
  "27.0": 0.002357965466121059,
  "28.0": 0.005863692841737318,
  "29.0": 0.0017708827171008562,
  "30.0": 0.003025570376067516,
  "31.0": 0.0005911146441301706,
  "32.0": 0.0006279269230212066,
  "33.0": 0.0004287254401778768,
  "34.0": 0.0011216665964768112,
  "35.0": 0.0018559278009625528,
  "36.0": 0.0,
  "37.0": 0.0006537930230042831,
  "38.0": 0.0009058688107021366,
  "39.0": 0.0019079154633696812,
  "40.0": 0.001422720811023768,
  "41.0": 0.0020631158206315604,
  "42.0": 9.816319641573748e-05,
  "43.0": 0.0031921147867920835,
  "44.0": 0.0020163660445416238,
  "45.0": 0.0002590656217407897,
  "46.0": 0.0014601851235418295,
  "47.0": 0.002412531852371245,
  "48.0": 0.0,
  "49.0": 0.006508090919063166,
  "50.0": 0.0011541400008388432,
  "51.0": 0.0012789947173579741,
  "52.0": 0.0011244018029791473,
  "53.0": 0.003061456281823253,
  "54.0": 0.000255666515334878,
  "55.0": 0.003158632771734299,
  "56.0": 0.0021121217810194035,
  "57.0": 0.0036041779563245327,
  "58.0": 0.00048207483439298757,
  "59.0": 0.004930042537979289,
  "60.0": 0.011400165990284164,
  "61.0": 0.0019079154633696812,
  "62.0": 0.00236688392705221,
  "63.0": 0.0004632501258471643,
  "64.0": 0.0004507033100305057,
  "65.0": 0.0014403118287548554,
  "66.0": 0.003695113467043455,
  "67.0": 0.005273515095564419,
  "68.0": 0.003829879039637361,
  "69.0": 2.925652643085008e-05,
  "70.0": 0.00021803894890946016,
  "71.0": 0.003178579081513633,
  "72.0": 0.0019044241705090568,
  "73.0": 0.002162191734100996,
  "74.0": 0.01698764631678612,
  "75.0": 0.0021121217810194035,
  "76.0": 0.0021121217810194035,
  "77.0": 0.0018812836490202437,
  "78.0": 0.00024173914228304162,
  "79.0": 0.006345973195630974,
  "80.0": 0.0008980353005119631,
  "81.0": 0.008065965971374565,
  "82.0": 0.0025208282356399127,
  "83.0": 0.0031089335964735094,
  "84.0": 0.00019460253880304796,
  "85.0": 0.0014507129059692706,
  "86.0": 0.0011408009505258579,
  "87.0": 0.024249017704608664,
  "88.0": 0.0016562888210053014,
  "89.0": 0.00016708750729234724,
  "90.0": 0.000460627640054807,
  "91.0": 0.002824102110194442,
  "92.0": 0.003130097563769147,
  "93.0": 0.0020950129610101042,
  "94.0": 0.0011584476995769356,
  "95.0": 0.002698690883961909,
  "96.0": 0.0,
  "97.0": 0.001104908971755906,
  "98.0": 8.617204091220997e-05,
  "99.0": 0.0,
  "100.0": 0.0002590656217407897,
  "101.0": 9.584188373206746e-06,
  "102.0": 0.0
}