{
  "0.0": 0.0001687195308171065,
  "1.0": 0.00452822799955553,
  "2.0": 0.0017355904863640837,
  "3.0": 0.000576771374039869,
  "4.0": 0.0017919806369002347,
  "5.0": 0.0030861522753620695,
  "6.0": 0.002850073748059685,
  "7.0": 0.0022977648315704218,
  "8.0": 0.0005640252754009548,
  "9.0": 0.0004892948508952618,
  "10.0": 0.005674927751546482,
  "11.0": 0.0,
  "12.0": 0.003058778493148219,
  "13.0": 7.590321772218889e-05,
  "14.0": 0.0022724356029309484,
  "15.0": 0.000884211939197564,
  "16.0": 0.0,
  "17.0": 0.0,
  "18.0": 7.590321772218889e-05,
  "19.0": 0.00111917934428333,
  "20.0": 0.0013385284742806558,
  "21.0": 0.0,
  "22.0": 0.002832583059340104,
  "23.0": 0.0004892948508952618,
  "24.0": 0.0,
  "25.0": 0.000884211939197564,
  "26.0": 0.00033780425430825895,
  "27.0": 0.001975312709276328,
  "28.0": 0.0048991216494632785,
  "29.0": 0.001876835163961152,
  "30.0": 0.003406920182571679,
  "31.0": 0.000228454128854428,
  "32.0": 0.0004169028411868101,
  "33.0": 0.00047890238124854816,
  "34.0": 0.001134403669047069,
  "35.0": 0.004125398479633971,
  "36.0": 0.0,
  "37.0": 0.0005640252754009548,
  "38.0": 0.0023273647311590592,
  "39.0": 0.0021472953236523797,
  "40.0": 0.0028817544128859718,
  "41.0": 0.004247809660643472,
  "42.0": 0.00011909327620155588,
  "43.0": 0.003047766720984729,
  "44.0": 0.00227574274710575,
  "45.0": 0.00017981177338598255,
  "46.0": 0.0030068914385360922,
  "47.0": 0.003166597822375914,
  "48.0": 0.0,
  "49.0": 0.008157983080217162,
  "50.0": 0.001212077598674112,
  "51.0": 0.0014354788135890067,
  "52.0": 0.0017355904863640837,
  "53.0": 0.004004380602397626,
  "54.0": 0.0001842694440289148,
  "55.0": 0.0035660567883978324,
  "56.0": 0.002269030993056967,
  "57.0": 0.0031405851049882386,
  "58.0": 0.0004892948508952618,
  "59.0": 0.00452822799955553,
  "60.0": 0.0058761126068313605,
  "61.0": 0.0021472953236523797,
  "62.0": 0.0016198758026603572,
  "63.0": 0.001056632153829901,
  "64.0": 0.00033780425430825895,
  "65.0": 0.0016776766351794352,
  "66.0": 0.0041200723063815866,
  "67.0": 0.0058976685468379334,
  "68.0": 0.006779920405925817,
  "69.0": 3.1085276371543e-05,
  "70.0": 0.00017219357818543267,
  "71.0": 0.003529771509067519,
  "72.0": 0.001198805887519366,
  "73.0": 0.0032559241554958964,
  "74.0": 0.010572668605369142,
  "75.0": 0.002269030993056967,
  "76.0": 0.002269030993056967,
  "77.0": 0.0014159470187538072,
  "78.0": 0.00012812257281594733,
  "79.0": 0.009400466336067934,
  "80.0": 0.000967929025767707,
  "81.0": 0.011312329474433289,
  "82.0": 0.0027869807644941504,
  "83.0": 0.002702878285389634,
  "84.0": 0.0001797453801035243,
  "85.0": 0.0015102092380946995,
  "86.0": 0.0025837883012734078,
  "87.0": 0.011493059817243741,
  "88.0": 0.003114402383138154,
  "89.0": 7.590321772218889e-05,
  "90.0": 0.0004767652612446905,
  "91.0": 0.003153996742714143,
  "92.0": 0.0025344251276735994,
  "93.0": 0.0009276738933758588,
  "94.0": 0.0018515006755648886,
  "95.0": 0.0071953557896335405,
  "96.0": 0.0,
  "97.0": 0.001204888493098869,
  "98.0": 0.00010000611279517838,
  "99.0": 0.0,
  "100.0": 0.00017981177338598255,
  "101.0": 1.0727049894830046e-05,
  "102.0": 0.0
}