{
  "0.0": 0.00031266629478847224,
  "1.0": 0.0032555110490284193,
  "2.0": 0.0006596947079736188,
  "3.0": 0.0004643246686360657,
  "4.0": 0.0016645706263311436,
  "5.0": 0.001196186079764487,
  "6.0": 0.003459686003029126,
  "7.0": 0.0014203368432655036,
  "8.0": 0.0005205286629902173,
  "9.0": 0.0004525851047333783,
  "10.0": 0.002262076807997949,
  "11.0": 0.0,
  "12.0": 0.003502847246411483,
  "13.0": 7.436079742846451e-05,
  "14.0": 0.001035654179986947,
  "15.0": 0.0006250838968929681,
  "16.0": 0.0,
  "17.0": 0.0,
  "18.0": 7.436079742846451e-05,
  "19.0": 0.0007666095197207048,
  "20.0": 0.000813323249367182,
  "21.0": 0.0,
  "22.0": 0.002351672029645418,
  "23.0": 0.0004525851047333783,
  "24.0": 0.0,
  "25.0": 0.0006250838968929681,
  "26.0": 0.00042771299299015377,
  "27.0": 0.0013125111758128046,
  "28.0": 0.0034579773310445807,
  "29.0": 0.0015569623681328543,
  "30.0": 0.00432513622337616,
  "31.0": 0.0003543051929366262,
  "32.0": 0.0005252140629594512,
  "33.0": 0.0005314772493322106,
  "34.0": 0.0012656302742906488,
  "35.0": 0.0018789340424800807,
  "36.0": 0.0,
  "37.0": 0.0005205286629902173,
  "38.0": 0.0009754203540870589,
  "39.0": 0.0011478217300985006,
  "40.0": 0.001314572100762326,
  "41.0": 0.0019468776007369201,
  "42.0": 0.00014791063235314363,
  "43.0": 0.0020710432076520555,
  "44.0": 0.002892117728031251,
  "45.0": 0.00012146393737330699,
  "46.0": 0.0014933237861030522,
  "47.0": 0.0014067948357680106,
  "48.0": 0.0,
  "49.0": 0.006159277721774626,
  "50.0": 0.0005038037602003878,
  "51.0": 0.0013625523381037045,
  "52.0": 0.0006596947079736188,
  "53.0": 0.0024277621855400538,
  "54.0": 0.00021585419060998282,
  "55.0": 0.004413323644539342,
  "56.0": 0.0017218279902027492,
  "57.0": 0.00273136977485948,
  "58.0": 0.0004525851047333783,
  "59.0": 0.0032555110490284193,
  "60.0": 0.005363616375571236,
  "61.0": 0.0011478217300985006,
  "62.0": 0.0010990862780134053,
  "63.0": 0.0004000512943842385,
  "64.0": 0.00042771299299015377,
  "65.0": 0.0006945669848100874,
  "66.0": 0.002457707130321499,
  "67.0": 0.0033615461497045,
  "68.0": 0.0034326745312248433,
  "69.0": 3.2060962526494795e-05,
  "70.0": 0.00013936573263894755,
  "71.0": 0.0021514944193282023,
  "72.0": 0.001467251803605022,
  "73.0": 0.0032710906629578604,
  "74.0": 0.010824912583049882,
  "75.0": 0.0017218279902027492,
  "76.0": 0.0017218279902027492,
  "77.0": 0.0012305229743087114,
  "78.0": 0.00017803679144164504,
  "79.0": 0.005342423696510063,
  "80.0": 0.0006375540236576448,
  "81.0": 0.005100494822322773,
  "82.0": 0.0034618810156133964,
  "83.0": 0.002199414238455095,
  "84.0": 0.00011957189444155096,
  "85.0": 0.0014304958963605437,
  "86.0": 0.001353404976158146,
  "87.0": 0.036184489539209753,
  "88.0": 0.0015612673443598916,
  "89.0": 7.436079742846451e-05,
  "90.0": 0.00041722152869122313,
  "91.0": 0.0036012726907335424,
  "92.0": 0.001945625648805421,
  "93.0": 0.0010621201451965728,
  "94.0": 0.0009427505950131574,
  "95.0": 0.0026893351055238836,
  "96.0": 0.0,
  "97.0": 0.0007303696936577083,
  "98.0": 4.710313994484248e-05,
  "99.0": 0.0,
  "100.0": 0.00012146393737330699,
  "101.0": 6.417239171625386e-06,
  "102.0": 0.0
}