{
  "0.0": 0.00021616460297472367,
  "1.0": 0.004750145855901378,
  "2.0": 0.0015967076276659977,
  "3.0": 0.0005685229430999127,
  "4.0": 0.0022693898169516874,
  "5.0": 0.0019341045713959343,
  "6.0": 0.0015713429981239332,
  "7.0": 0.002621596895871176,
  "8.0": 0.0006717249557270981,
  "9.0": 0.0004948288717037631,
  "10.0": 0.0047461216824533576,
  "11.0": 0.0,
  "12.0": 0.0016133373370471782,
  "13.0": 0.0001769981165934603,
  "14.0": 0.0012563941038791335,
  "15.0": 0.0009467560880943383,
  "16.0": 0.0,
  "17.0": 0.0,
  "18.0": 0.0001769981165934603,
  "19.0": 0.0010248840665584473,
  "20.0": 0.0013257566690480932,
  "21.0": 1.5240943032610292e-06,
  "22.0": 0.002697597993477603,
  "23.0": 0.0004948288717037631,
  "24.0": 0.0,
  "25.0": 0.0009467560880943383,
  "26.0": 0.00047101076854533534,
  "27.0": 0.0023560758843295536,
  "28.0": 0.004127666034532575,
  "29.0": 0.0017821836922555024,
  "30.0": 0.002000394957944591,
  "31.0": 0.00044429964975496966,
  "32.0": 0.0006051580964127335,
  "33.0": 0.00041094759521983007,
  "34.0": 0.0011406606190669658,
  "35.0": 0.00356002416942071,
  "36.0": 0.0,
  "37.0": 0.0006717249557270981,
  "38.0": 0.001975241991102773,
  "39.0": 0.0011147080755057731,
  "40.0": 0.0025779142997803682,
  "41.0": 0.0038078599155594675,
  "42.0": 0.00010889551962558477,
  "43.0": 0.002338991970149423,
  "44.0": 0.0010555957283155824,
  "45.0": 0.00026916306783289213,
  "46.0": 0.0026287436632130663,
  "47.0": 0.0020736792433953925,
  "48.0": 0.0,
  "49.0": 0.00575653332069366,
  "50.0": 0.0011631380985255432,
  "51.0": 0.0012906221555350637,
  "52.0": 0.0015967076276659977,
  "53.0": 0.002725020513206528,
  "54.0": 0.0002715767339567645,
  "55.0": 0.0021184032473697536,
  "56.0": 0.0021212340671730246,
  "57.0": 0.003397676303581038,
  "58.0": 0.0004948288717037631,
  "59.0": 0.004750145855901378,
  "60.0": 0.005804180415675142,
  "61.0": 0.0011147080755057731,
  "62.0": 0.0018251240876704226,
  "63.0": 0.0008941736949479108,
  "64.0": 0.00047101076854533534,
  "65.0": 0.0006799124690138624,
  "66.0": 0.002819688799498714,
  "67.0": 0.004902718547987712,
  "68.0": 0.005874237948986753,
  "69.0": 3.481155867279055e-05,
  "70.0": 0.00017544936194640424,
  "71.0": 0.0022942847804624696,
  "72.0": 0.0012158364448093515,
  "73.0": 0.0016479470192733965,
  "74.0": 0.009368674350171486,
  "75.0": 0.0021212340671730246,
  "76.0": 0.0021212340671730246,
  "77.0": 0.0013121590670723644,
  "78.0": 0.00010837021781840706,
  "79.0": 0.008669647704850122,
  "80.0": 0.0009054718161792452,
  "81.0": 0.009515563728184333,
  "82.0": 0.0015130250111271856,
  "83.0": 0.0031045016119302517,
  "84.0": 0.00019273403877411493,
  "85.0": 0.0014675182395583993,
  "86.0": 0.002273016963912213,
  "87.0": 0.024254654293292925,
  "88.0": 0.0028544107649407543,
  "89.0": 0.0001769981165934603,
  "90.0": 0.0004821640653967135,
  "91.0": 0.001805474364103124,
  "92.0": 0.002904394239898147,
  "93.0": 0.0014123666613448012,
  "94.0": 0.0016442409896235666,
  "95.0": 0.005988899552822518,
  "96.0": 0.0,
  "97.0": 0.0011099699616311733,
  "98.0": 8.635887770319931e-05,
  "99.0": 0.0,
  "100.0": 0.00026916306783289213,
  "101.0": 1.4316902262280468e-05,
  "102.0": 0.0
}