{
  "0.0": 0.00014719332142830088,
  "1.0": 0.007876105983351294,
  "2.0": 0.0016437951835299735,
  "3.0": 0.0010799864425737524,
  "4.0": 0.005031476893083049,
  "5.0": 0.0014587052803744062,
  "6.0": 0.0018610596396148654,
  "7.0": 0.0020603033203180575,
  "8.0": 0.0005263191003202853,
  "9.0": 0.00048458646898840433,
  "10.0": 0.002225274219151238,
  "11.0": 0.0,
  "12.0": 0.0019422467314207951,
  "13.0": 9.510715000887037e-05,
  "14.0": 0.0017382238258912418,
  "15.0": 0.0012446387970434447,
  "16.0": 0.0,
  "17.0": 0.0,
  "18.0": 9.510715000887037e-05,
  "19.0": 0.0016428288917524605,
  "20.0": 0.00085299674591184,
  "21.0": 6.24878664337022e-06,
  "22.0": 0.0067233116419673,
  "23.0": 0.00048458646898840433,
  "24.0": 0.0,
  "25.0": 0.0012446387970434447,
  "26.0": 0.00042191430057023793,
  "27.0": 0.0033006234442544895,
  "28.0": 0.00795809143324156,
  "29.0": 0.0028009799822159313,
  "30.0": 0.0017727976209973286,
  "31.0": 0.0010389827533390313,
  "32.0": 0.0004062982821530995,
  "33.0": 0.0005381895660737295,
  "34.0": 0.001095944921721799,
  "35.0": 0.0018946454884580073,
  "36.0": 0.0,
  "37.0": 0.0005263191003202853,
  "38.0": 0.0008331715524493629,
  "39.0": 0.001067806555702958,
  "40.0": 0.0011270552306701356,
  "41.0": 0.0019363781197898875,
  "42.0": 9.716083145441871e-05,
  "43.0": 0.001508383152039652,
  "44.0": 0.0010079238097817753,
  "45.0": 0.00033999794856820286,
  "46.0": 0.0014635630431164056,
  "47.0": 0.0015087377703482884,
  "48.0": 0.0,
  "49.0": 0.009922665100427148,
  "50.0": 0.0027170653973160853,
  "51.0": 0.0014437577221509577,
  "52.0": 0.0016437951835299735,
  "53.0": 0.0021685694624494103,
  "54.0": 0.00012699101203702314,
  "55.0": 0.0021019111960542598,
  "56.0": 0.0032155205605504515,
  "57.0": 0.005411862307605384,
  "58.0": 0.00048458646898840433,
  "59.0": 0.007876105983351294,
  "60.0": 0.006344096268107071,
  "61.0": 0.001067806555702958,
  "62.0": 0.004449953733738167,
  "63.0": 0.0007293477625779237,
  "64.0": 0.00042191430057023793,
  "65.0": 0.0008814854039508755,
  "66.0": 0.0039820383888038635,
  "67.0": 0.005009856997320456,
  "68.0": 0.005300448537504039,
  "69.0": 3.633236748001712e-05,
  "70.0": 0.0005683780480562517,
  "71.0": 0.0033817745621091792,
  "72.0": 0.003639871313304709,
  "73.0": 0.0009182427530678766,
  "74.0": 0.009391282544724908,
  "75.0": 0.0032155205605504515,
  "76.0": 0.0032155205605504515,
  "77.0": 0.004213678903100039,
  "78.0": 0.0007388915932847481,
  "79.0": 0.008579966761680958,
  "80.0": 0.0019811433709002184,
  "81.0": 0.010125833623667292,
  "82.0": 0.0011942449615338576,
  "83.0": 0.0036372906977110743,
  "84.0": 0.00028723037820126444,
  "85.0": 0.001485490353482839,
  "86.0": 0.0010428527403113657,
  "87.0": 0.011237050744385687,
  "88.0": 0.0015052956744482865,
  "89.0": 9.510715000887037e-05,
  "90.0": 0.0008469980947636966,
  "91.0": 0.0019839793627526763,
  "92.0": 0.004778323932483513,
  "93.0": 0.0035503673838867024,
  "94.0": 0.0016839789042001276,
  "95.0": 0.00246299287411476,
  "96.0": 0.0,
  "97.0": 0.0021105433172237463,
  "98.0": 0.0002329883478100559,
  "99.0": 0.0,
  "100.0": 0.00033999794856820286,
  "101.0": 6.527696942626592e-05,
  "102.0": 0.0
}