{
  "0.0": 0.00021095745399905792,
  "1.0": 0.004749052956212708,
  "2.0": 0.0016386958029949792,
  "3.0": 0.0005664767130267688,
  "4.0": 0.0022533421054933655,
  "5.0": 0.0020039237052261994,
  "6.0": 0.0015679621749302266,
  "7.0": 0.0026360150308369643,
  "8.0": 0.0006699257371442236,
  "9.0": 0.0004957189967332394,
  "10.0": 0.004799476789676359,
  "11.0": 0.0,
  "12.0": 0.0016150259390344483,
  "13.0": 0.00018702136545048362,
  "14.0": 0.0012851410672183134,
  "15.0": 0.00094440059597747,
  "16.0": 0.0,
  "17.0": 0.0,
  "18.0": 0.00018702136545048362,
  "19.0": 0.0010657551623667336,
  "20.0": 0.0013480012948974033,
  "21.0": 3.0481886065220584e-06,
  "22.0": 0.0026824208103186243,
  "23.0": 0.0004957189967332394,
  "24.0": 0.0,
  "25.0": 0.00094440059597747,
  "26.0": 0.0004668314683938344,
  "27.0": 0.0023372126155722824,
  "28.0": 0.004125043812241753,
  "29.0": 0.001764951155514682,
  "30.0": 0.001991374649417808,
  "31.0": 0.0004355595011423662,
  "32.0": 0.000593081693379843,
  "33.0": 0.0004092049922862546,
  "34.0": 0.0011302855600483946,
  "35.0": 0.00236537284278039,
  "36.0": 0.0,
  "37.0": 0.0006699257371442236,
  "38.0": 0.0008661606066325006,
  "39.0": 0.0011428728855025375,
  "40.0": 0.0014114285843351197,
  "41.0": 0.0025861337364546217,
  "42.0": 0.00010989622270730523,
  "43.0": 0.002350929785208854,
  "44.0": 0.0010706909201009089,
  "45.0": 0.000282903509126431,
  "46.0": 0.0014483109253255648,
  "47.0": 0.0021372905251682717,
  "48.0": 0.0,
  "49.0": 0.004171558701770438,
  "50.0": 0.001169464788562838,
  "51.0": 0.0012890337141339867,
  "52.0": 0.0016386958029949792,
  "53.0": 0.002768344065156057,
  "54.0": 0.0002698880934261342,
  "55.0": 0.002113100131279486,
  "56.0": 0.0021100988044373452,
  "57.0": 0.0034000329512218243,
  "58.0": 0.0004957189967332394,
  "59.0": 0.004749052956212708,
  "60.0": 0.011464033635355255,
  "61.0": 0.0011428728855025375,
  "62.0": 0.0017603861540279693,
  "63.0": 0.0009370274058546111,
  "64.0": 0.0004668314683938344,
  "65.0": 0.0007236169388870403,
  "66.0": 0.0028358282217303228,
  "67.0": 0.004932942253689625,
  "68.0": 0.004397737162606543,
  "69.0": 3.788791212772273e-05,
  "70.0": 0.00018110698473881263,
  "71.0": 0.002334499152506736,
  "72.0": 0.0012198954803465147,
  "73.0": 0.0016550059823621853,
  "74.0": 0.015629632960590674,
  "75.0": 0.0021100988044373452,
  "76.0": 0.0021100988044373452,
  "77.0": 0.0014466657099740257,
  "78.0": 0.00012462722371985805,
  "79.0": 0.008682301818624096,
  "80.0": 0.0008971243819178449,
  "81.0": 0.009558442668646317,
  "82.0": 0.0015125805430360986,
  "83.0": 0.0030810267066640686,
  "84.0": 0.0001986667902784107,
  "85.0": 0.0014632404545449713,
  "86.0": 0.0011250181673054763,
  "87.0": 0.024235656784180378,
  "88.0": 0.0016469031745887262,
  "89.0": 0.00018702136545048362,
  "90.0": 0.0004764006428870538,
  "91.0": 0.0018044736224780433,
  "92.0": 0.002915326727974629,
  "93.0": 0.0013806843869543382,
  "94.0": 0.0016709987671198598,
  "95.0": 0.006010531351906025,
  "96.0": 0.0,
  "97.0": 0.0011040026089383995,
  "98.0": 9.007607013971493e-05,
  "99.0": 0.0,
  "100.0": 0.000282903509126431,
  "101.0": 2.702949473165458e-05,
  "102.0": 0.0
}