{
  "0.0": 0.0003232613979278081,
  "1.0": 0.002883728192544743,
  "2.0": 0.0008172150697224195,
  "3.0": 0.0004925603217312231,
  "4.0": 0.0017223659365902398,
  "5.0": 0.0013368439009676812,
  "6.0": 0.001434351928045291,
  "7.0": 0.001598405271027745,
  "8.0": 0.0005609479840047318,
  "9.0": 0.00048148893447575434,
  "10.0": 0.0023811165946315996,
  "11.0": 0.0,
  "12.0": 0.001481116384062196,
  "13.0": 8.603671967989344e-05,
  "14.0": 0.001217641229412309,
  "15.0": 0.0006982428768060831,
  "16.0": 0.0,
  "17.0": 0.0,
  "18.0": 8.603671967989344e-05,
  "19.0": 0.00046477377833931084,
  "20.0": 0.0009236646263436067,
  "21.0": 0.0,
  "22.0": 0.001904106748794103,
  "23.0": 0.00048148893447575434,
  "24.0": 0.0,
  "25.0": 0.0006982428768060831,
  "26.0": 0.0004347244784588492,
  "27.0": 0.0014234818828752268,
  "28.0": 0.0029810330333240064,
  "29.0": 0.0011329783987989047,
  "30.0": 0.001681294195851756,
  "31.0": 0.00020560178449932257,
  "32.0": 0.0003281622652153356,
  "33.0": 0.00035447118400916086,
  "34.0": 0.0008189616390666651,
  "35.0": 0.0019771780415701583,
  "36.0": 0.0,
  "37.0": 0.0005609479840047318,
  "38.0": 0.0009442610927759446,
  "39.0": 0.0011939574286856578,
  "40.0": 0.0014688462761545194,
  "41.0": 0.0020566370910991357,
  "42.0": 0.0002564147618700128,
  "43.0": 0.0015453808206182637,
  "44.0": 0.0009178854410333455,
  "45.0": 0.00011804075068195719,
  "46.0": 0.0014882378936854012,
  "47.0": 0.0014036905370254764,
  "48.0": 0.0,
  "49.0": 0.0034942419659803117,
  "50.0": 0.0005693524032155476,
  "51.0": 0.0008977301260856341,
  "52.0": 0.0008172150697224195,
  "53.0": 0.002020370281161327,
  "54.0": 0.0003358738113989902,
  "55.0": 0.0017132982268538198,
  "56.0": 0.0012912059353468505,
  "57.0": 0.00233202484673558,
  "58.0": 0.00048148893447575434,
  "59.0": 0.002883728192544743,
  "60.0": 0.005794535008904171,
  "61.0": 0.0011939574286856578,
  "62.0": 0.001484434085255933,
  "63.0": 0.000485863271415269,
  "64.0": 0.0004347244784588492,
  "65.0": 0.0006955054251995926,
  "66.0": 0.0020036744295567547,
  "67.0": 0.0029832958733073942,
  "68.0": 0.002786895042441255,
  "69.0": 1.61300971902765e-05,
  "70.0": 6.985138142749149e-05,
  "71.0": 0.0017795790345945975,
  "72.0": 0.000977883831935674,
  "73.0": 0.0012471262606136777,
  "74.0": 0.0076432491026939995,
  "75.0": 0.0012912059353468505,
  "76.0": 0.0012912059353468505,
  "77.0": 0.0009401122871275365,
  "78.0": 0.00012188484830631288,
  "79.0": 0.004770520461543085,
  "80.0": 0.000669282188662111,
  "81.0": 0.005315505737475502,
  "82.0": 0.001423280540789822,
  "83.0": 0.001781887231212733,
  "84.0": 0.00010198647528871764,
  "85.0": 0.0009771891756146114,
  "86.0": 0.0013300103571374546,
  "87.0": 0.011339705595326962,
  "88.0": 0.0015676969432143785,
  "89.0": 8.603671967989344e-05,
  "90.0": 0.0004605562907291594,
  "91.0": 0.0015605754335911736,
  "92.0": 0.0020740111916736463,
  "93.0": 0.0010758097242314893,
  "94.0": 0.0011077239751618628,
  "95.0": 0.0029364183507197945,
  "96.0": 0.0,
  "97.0": 0.0007955056942079937,
  "98.0": 3.200403100206375e-05,
  "99.0": 0.0,
  "100.0": 0.00011804075068195719,
  "101.0": 6.5776701509160205e-06,
  "102.0": 0.0
}