{
  "0.0": 0.00014706347244887002,
  "1.0": 0.0036780701086414854,
  "2.0": 0.0009829195593884631,
  "3.0": 0.00035773280737598924,
  "4.0": 0.0020992979431850214,
  "5.0": 0.002282290992516882,
  "6.0": 0.0023998612075057284,
  "7.0": 0.0019349005864934409,
  "8.0": 0.0005969329796614896,
  "9.0": 0.0004278010280136326,
  "10.0": 0.004864781226830898,
  "11.0": 0.0,
  "12.0": 0.0024565698895461273,
  "13.0": 0.00016444189003137906,
  "14.0": 0.0018895910208498537,
  "15.0": 0.0007260074649170479,
  "16.0": 0.0,
  "17.0": 0.0,
  "18.0": 0.00016444189003137906,
  "19.0": 0.0008271565563713614,
  "20.0": 0.0007954706383839302,
  "21.0": 1.5240943032610292e-06,
  "22.0": 0.002211924673883233,
  "23.0": 0.0004278010280136326,
  "24.0": 0.0,
  "25.0": 0.0007260074649170479,
  "26.0": 0.00039389731258499097,
  "27.0": 0.0021672418807342415,
  "28.0": 0.004580615089440192,
  "29.0": 0.0012903260202810818,
  "30.0": 0.002544784396126896,
  "31.0": 0.00040100725901767785,
  "32.0": 0.0005152341141537544,
  "33.0": 0.00025181234053437546,
  "34.0": 0.0006532185228006845,
  "35.0": 0.001801238715369406,
  "36.0": 0.0,
  "37.0": 0.0005969329796614896,
  "38.0": 0.0009194163156200122,
  "39.0": 0.0018393125652502648,
  "40.0": 0.0014353780774004183,
  "41.0": 0.0020058404980749745,
  "42.0": 9.991324073522916e-05,
  "43.0": 0.002896987063220364,
  "44.0": 0.002074622843143074,
  "45.0": 0.0002563586482117981,
  "46.0": 0.0014020406014716524,
  "47.0": 0.0023429887291483978,
  "48.0": 0.0,
  "49.0": 0.005323129421414854,
  "50.0": 0.0010112510435161903,
  "51.0": 0.0007960282374448641,
  "52.0": 0.0009829195593884631,
  "53.0": 0.0025089780263275654,
  "54.0": 0.00025483032269093116,
  "55.0": 0.002672484237949096,
  "56.0": 0.0016144604409992077,
  "57.0": 0.0024111000401299872,
  "58.0": 0.0004278010280136326,
  "59.0": 0.0036780701086414854,
  "60.0": 0.011533355242582621,
  "61.0": 0.0018393125652502648,
  "62.0": 0.0017836449320367395,
  "63.0": 0.00047596386762486175,
  "64.0": 0.00039389731258499097,
  "65.0": 0.0014394095053671156,
  "66.0": 0.003142480520529572,
  "67.0": 0.004700071613483486,
  "68.0": 0.0031163970922091456,
  "69.0": 2.0996147110711003e-05,
  "70.0": 8.949844535845066e-05,
  "71.0": 0.0027316636932900318,
  "72.0": 0.0009750379361107064,
  "73.0": 0.0022359899845746877,
  "74.0": 0.016421121102371657,
  "75.0": 0.0016144604409992077,
  "76.0": 0.0016144604409992077,
  "77.0": 0.0011487143699665118,
  "78.0": 0.00011344350868655859,
  "79.0": 0.008319729698819061,
  "80.0": 0.0008445770465582213,
  "81.0": 0.010604819425660016,
  "82.0": 0.0025096910213949493,
  "83.0": 0.0026195202962121388,
  "84.0": 0.00014351067185086006,
  "85.0": 0.0009651601890927214,
  "86.0": 0.0010827718306209832,
  "87.0": 0.023783455116846777,
  "88.0": 0.0015955580619716862,
  "89.0": 0.00016444189003137906,
  "90.0": 0.0002716221227318028,
  "91.0": 0.0026561837272592046,
  "92.0": 0.0023897428292040303,
  "93.0": 0.001482224919375767,
  "94.0": 0.0009560736271669445,
  "95.0": 0.0055869292352270245,
  "96.0": 0.0,
  "97.0": 0.0010513966719048857,
  "98.0": 8.61106846441865e-05,
  "99.0": 0.0,
  "100.0": 0.0002563586482117981,
  "101.0": 9.524808075677094e-06,
  "102.0": 0.0
}